2026-05-31T13:27:18.6971855Z $GPBOD,,T,,M,,*47
2026-05-31T13:27:18.7423428Z $IIHDG,343.3,,,14.0,W*02
2026-05-31T13:27:18.7868916Z $GPRMB,,,,,,,,,,,,,,N*04
2026-05-31T13:27:18.7868916Z !AIVDM,1,1,,,152Wpn<01DrsJQHH?jf2dR<N2000,0*3C
2026-05-31T13:27:18.8347670Z $IIHDG,343.3,,,14.0,W*02
2026-05-31T13:27:18.8922262Z $IIHDG,343.2,,,14.0,W*03
2026-05-31T13:27:18.9465557Z $GPXTE,,,,,N,N*5E
2026-05-31T13:27:18.9512240Z !AIVDM,1,1,,,35NwCQPPQ2rs?78HBfob?`6P0000,0*40
2026-05-31T13:27:18.9975625Z $SDDBT,27.6,f,8.4,M,4.6,F*3B
2026-05-31T13:27:18.9975625Z $IIHDG,343.2,,,14.0,W*03
2026-05-31T13:27:18.9975625Z $SDDPT,8.4,0.0,*77
2026-05-31T13:27:19.0413964Z $SDMTW,14.8,C*09
2026-05-31T13:27:19.0413964Z $SDVLW,,N,39.8,N,3042.4,N,32.5,N*43
2026-05-31T13:27:19.0934914Z $SDVHW,329.1,T,343.2,M,0.0,N,0.0,K*4D
2026-05-31T13:27:19.0934914Z !AIVDM,1,1,,,15N1c70000Jrmw8H?GB<cmbR0000,0*22
2026-05-31T13:27:19.0934914Z $IIHDG,343.2,,,14.0,W*03
2026-05-31T13:27:19.1424668Z $WIMWD,304.8,T,318.8,M,8.0,N,4.1,M*5A
2026-05-31T13:27:19.1853128Z $WIMWV,335.4,R,8.0,N,A*2A
2026-05-31T13:27:19.1853128Z $WIMWV,335.7,T,8.0,N,A*2F
2026-05-31T13:27:19.2341894Z $IIHDG,343.1,,,14.0,W*00
2026-05-31T13:27:19.2826395Z $IIXDR,C,13.0,C,AIRTEMP,A,4.2,D,HEEL,A,0.5,D,TRIM,P,1.015,B,BARO,A,-0.4,D,RUDDER*34
2026-05-31T13:27:19.3293991Z $IIHDG,343.1,,,14.0,W*00
2026-05-31T13:27:19.3293991Z $GNGGA,132717,4230.0898,N,07050.4996,W,2,00,0.50,9,M,-32.6,M,,*48
2026-05-31T13:27:19.3771177Z $GPGLC,9960,,,13928.96,A,25847.49,A,44324.30,A,60280.08,A,,*78
2026-05-31T13:27:19.4254225Z $GPGLL,4230.0898,N,07050.4996,W,132717,A,D*5D
2026-05-31T13:27:19.4254225Z $IIHDG,343.2,,,14.0,W*03
2026-05-31T13:27:19.4254225Z $GNGSA,A,3,,,,,,,,,,,,,0.70,0.50,0.50*1B
2026-05-31T13:27:19.4254225Z $GNGSV,3,1,11,01,12,054,,03,37,058,,06,61,248,,11,21,239,*68
2026-05-31T13:27:19.4254225Z $GNGSV,3,2,11,12,07,320,,14,40,166,,17,67,066,,19,68,322,*61
2026-05-31T13:27:19.4254225Z $GNGSV,3,3,11,22,59,174,,24,13,285,,44,23,237,*55
2026-05-31T13:27:19.4985997Z $IIHDG,343.2,,,14.0,W*03
2026-05-31T13:27:19.5541188Z $GPRMC,132717,A,4230.0898,N,07050.4996,W,0.1,205.0,310526,14.1,W,D*22
2026-05-31T13:27:19.5541188Z $GPVTG,205.0,T,219.1,M,0.1,N,0.2,K,A*2C
2026-05-31T13:27:19.5541188Z $GPZDA,132717,31,05,2026,04,00*4C
2026-05-31T13:27:19.6007239Z $IIHDG,343.2,,,14.0,W*03
2026-05-31T13:27:19.6007239Z !AIVDM,1,1,,,B52h;2@00VfpN065B`83GwP00000,0*47
2026-05-31T13:27:19.6490298Z $GPAAM,,,,N,*38
2026-05-31T13:27:19.6966217Z $GPAPB,,,,,,,,,,,,,,,N*26
2026-05-31T13:27:19.6966217Z $GPBOD,,T,,M,,*47
2026-05-31T13:27:19.6966217Z $IIHDG,343.2,,,14.0,W*03
2026-05-31T13:27:19.7525261Z !AIVDM,1,1,,,15NK=p0042rsh4`H=P`4HkFT0000,0*50
2026-05-31T13:27:19.8119910Z $GPRMB,,,,,,,,,,,,,,N*04
2026-05-31T13:27:19.8125036Z $IIHDG,343.2,,,14.0,W*03
2026-05-31T13:27:19.8879539Z $IIHDG,343.2,,,14.0,W*03
2026-05-31T13:27:19.9382300Z $GPXTE,,,,,N,N*5E
2026-05-31T13:27:19.9842831Z $SDDBT,27.6,f,8.4,M,4.6,F*3B
2026-05-31T13:27:20.0314309Z $IIHDG,343.2,,,14.0,W*03
2026-05-31T13:27:20.0314309Z $SDDPT,8.4,0.0,*77
2026-05-31T13:27:20.0314309Z !AIVDM,1,1,,,352l5NhOQdrs@AhH>bnQ:14R0000,0*78
2026-05-31T13:27:20.0314309Z $SDMTW,14.8,C*09
2026-05-31T13:27:20.0314309Z $SDVLW,,N,39.8,N,3042.4,N,32.5,N*43
2026-05-31T13:27:20.0794836Z $SDVHW,329.2,T,343.2,M,0.0,N,0.0,K*4E
2026-05-31T13:27:20.1277266Z $IIHDG,343.2,,,14.0,W*03
2026-05-31T13:27:20.1777606Z $WIMWD,306.2,T,320.2,M,7.5,N,3.9,M*56
2026-05-31T13:27:20.1777606Z $WIMWV,337.1,R,7.8,N,A*2A
2026-05-31T13:27:20.1777606Z $WIMWV,337.1,T,7.5,N,A*21
2026-05-31T13:27:20.2225652Z $IIHDG,343.2,,,14.0,W*03
2026-05-31T13:27:20.2701784Z $IIXDR,C,13.0,C,AIRTEMP,A,3.3,D,HEEL,A,0.4,D,TRIM,P,1.015,B,BARO,A,-0.3,D,RUDDER*34
2026-05-31T13:27:20.3181024Z $IIHDG,343.2,,,14.0,W*03
2026-05-31T13:27:20.3691377Z $GNGGA,132718,4230.0899,N,07050.4996,W,2,00,0.50,9,M,-32.6,M,,*46
2026-05-31T13:27:20.3691377Z $GPGLC,9960,,,13928.96,A,25847.49,A,44324.30,A,60280.08,A,,*78
2026-05-31T13:27:20.4141068Z $GPGLL,4230.0899,N,07050.4996,W,132718,A,D*53
2026-05-31T13:27:20.4141068Z $IIHDG,343.2,,,14.0,W*03
2026-05-31T13:27:20.4141068Z $GNGSA,A,3,,,,,,,,,,,,,0.70,0.50,0.50*1B
2026-05-31T13:27:20.4141068Z $GNGSV,3,1,11,01,12,054,,03,37,058,,06,61,248,,11,21,239,*68
2026-05-31T13:27:20.4141068Z $GNGSV,3,2,11,12,07,320,,14,40,166,,17,67,066,,19,68,322,*61
2026-05-31T13:27:20.4141068Z $GNGSV,3,3,11,22,59,174,,24,13,285,,44,23,237,*55
2026-05-31T13:27:20.4934240Z $IIHDG,343.2,,,14.0,W*03
2026-05-31T13:27:20.5466368Z $GPRMC,132718,A,4230.0899,N,07050.4996,W,0.1,205.0,310526,14.1,W,D*2C
2026-05-31T13:27:20.5466368Z $GPVTG,205.0,T,219.1,M,0.1,N,0.2,K,A*2C
2026-05-31T13:27:20.5927106Z $GPZDA,132718,31,05,2026,04,00*43
2026-05-31T13:27:20.6458916Z $IIHDG,343.2,,,14.0,W*03
2026-05-31T13:27:20.7003982Z $GPAAM,,,,N,*38
2026-05-31T13:27:20.7003982Z $GPAPB,,,,,,,,,,,,,,,N*26
2026-05-31T13:27:20.7003982Z $GPBOD,,T,,M,,*47
2026-05-31T13:27:20.7003982Z $IIHDG,343.2,,,14.0,W*03
2026-05-31T13:27:20.7628669Z $GPRMB,,,,,,,,,,,,,,N*04
2026-05-31T13:27:20.8271661Z $IIHDG,343.3,,,14.0,W*02
2026-05-31T13:27:20.8752953Z $IIHDG,343.3,,,14.0,W*02
2026-05-31T13:27:20.9395406Z $GPXTE,,,,,N,N*5E
2026-05-31T13:27:20.9916444Z $SDDBT,27.6,f,8.4,M,4.6,F*3B
2026-05-31T13:27:20.9916444Z $IIHDG,343.3,,,14.0,W*02
2026-05-31T13:27:21.0462678Z $SDDPT,8.4,0.0,*77
2026-05-31T13:27:21.0462678Z $SDMTW,14.8,C*09
2026-05-31T13:27:21.0462678Z $SDVLW,,N,39.8,N,3042.4,N,32.5,N*43
2026-05-31T13:27:21.0994786Z $SDVHW,329.3,T,343.4,M,0.0,N,0.0,K*49
2026-05-31T13:27:21.0994786Z $IIHDG,343.4,,,14.0,W*05
2026-05-31T13:27:21.1480947Z $WIMWD,306.5,T,320.6,M,8.0,N,4.1,M*50
2026-05-31T13:27:21.1944514Z $WIMWV,337.0,R,7.8,N,A*2B
2026-05-31T13:27:21.1944514Z $WIMWV,337.4,T,8.0,N,A*2E
2026-05-31T13:27:21.1944514Z $IIHDG,343.4,,,14.0,W*05
2026-05-31T13:27:21.2421449Z !AIVDM,1,1,,,1;KMsk@P00Jrh48H?W>4TFVV0000,0*07
2026-05-31T13:27:21.2980956Z !AIVDM,1,1,,,ENk`sl>`@@@@@@@@@@@@@@@@@@@=OTgH<LwsP00000000?,4*70
2026-05-31T13:27:21.2980956Z $IIXDR,C,13.0,C,AIRTEMP,A,1.7,D,HEEL,A,0.4,D,TRIM,P,1.015,B,BARO,A,-0.3,D,RUDDER*32
2026-05-31T13:27:21.2980956Z $IIHDG,343.4,,,14.0,W*05
2026-05-31T13:27:21.3460211Z $GNGGA,132719,4230.0899,N,07050.4995,W,2,00,0.50,9,M,-32.6,M,,*44
2026-05-31T13:27:21.3941579Z $GPGLC,9960,,,13928.96,A,25847.49,A,44324.30,A,60280.08,A,,*78
2026-05-31T13:27:21.3941579Z !AIVDM,1,1,,,H52m<JlU000000000000000`5210,0*5C
2026-05-31T13:27:21.3941579Z $GPGLL,4230.0899,N,07050.4995,W,132719,A,D*51
2026-05-31T13:27:21.3941579Z $IIHDG,343.5,,,14.0,W*04
2026-05-31T13:27:21.4427080Z $GNGSA,A,3,,,,,,,,,,,,,0.70,0.50,0.50*1B
2026-05-31T13:27:21.4427080Z $GNGSV,3,1,11,01,12,054,,03,37,058,,06,61,248,,11,21,239,*68
2026-05-31T13:27:21.4427080Z $GNGSV,3,2,11,12,07,320,,14,39,166,,17,67,066,,19,68,322,*6F
2026-05-31T13:27:21.4427080Z $GNGSV,3,3,11,22,59,174,,24,13,285,,44,23,237,*55
2026-05-31T13:27:21.4427080Z !AIVDM,1,1,,,B52oU<@14FftK:65NqJTWwP00000,0*26
2026-05-31T13:27:21.4905134Z $IIHDG,343.5,,,14.0,W*04
2026-05-31T13:27:21.5384698Z $GPRMC,132719,A,4230.0899,N,07050.4995,W,0.1,205.0,310526,14.1,W,D*2E
2026-05-31T13:27:21.5384698Z $GPVTG,205.0,T,219.1,M,0.1,N,0.2,K,A*2C
2026-05-31T13:27:21.5867341Z $GPZDA,132719,31,05,2026,04,00*42
2026-05-31T13:27:21.6394567Z $IIHDG,343.5,,,14.0,W*04
2026-05-31T13:27:21.6828145Z $GPAAM,,,,N,*38
2026-05-31T13:27:21.6828145Z $GPAPB,,,,,,,,,,,,,,,N*26
2026-05-31T13:27:21.7308422Z $GPBOD,,T,,M,,*47
2026-05-31T13:27:21.7308422Z $IIHDG,343.5,,,14.0,W*04
2026-05-31T13:27:21.7308422Z !AIVDM,1,1,,,35NO=l0OP3JrnI0H>WW1DSJ`0000,0*78
2026-05-31T13:27:21.7788932Z !AIVDM,1,1,,,35NwCQPPQ3rs?4hHBfnb<`6V0000,0*16
2026-05-31T13:27:21.7788932Z $GPRMB,,,,,,,,,,,,,,N*04
2026-05-31T13:27:21.8907609Z $IIHDG,343.6,,,14.0,W*07
2026-05-31T13:27:21.9386413Z $GPXTE,,,,,N,N*5E
2026-05-31T13:27:21.9871837Z $SDDBT,27.6,f,8.4,M,4.6,F*3B
2026-05-31T13:27:21.9871837Z $IIHDG,343.6,,,14.0,W*07
2026-05-31T13:27:22.0356688Z $SDDPT,8.4,0.0,*77
2026-05-31T13:27:22.0356688Z $SDMTW,14.8,C*09
2026-05-31T13:27:22.0356688Z $SDVLW,,N,39.8,N,3042.4,N,32.5,N*43
2026-05-31T13:27:22.0843044Z $SDVHW,329.5,T,343.6,M,0.0,N,0.0,K*4D
2026-05-31T13:27:22.1322764Z $IIHDG,343.6,,,14.0,W*07
2026-05-31T13:27:22.1322764Z $WIMWD,305.7,T,319.8,M,7.9,N,4.1,M*53
2026-05-31T13:27:22.1804953Z $WIMWV,336.3,R,7.9,N,A*28
2026-05-31T13:27:22.1804953Z $WIMWV,336.3,T,7.9,N,A*2E
2026-05-31T13:27:22.1804953Z !AIVDM,1,1,,,ENk`sl>`@@@@@@@@@@@@@@@@@@@=OTgH<LwsP00000000?,4*70
2026-05-31T13:27:22.2287005Z $IIHDG,343.6,,,14.0,W*07
2026-05-31T13:27:22.2767655Z $IIXDR,C,13.0,C,AIRTEMP,A,2.6,D,HEEL,A,0.2,D,TRIM,P,1.015,B,BARO,A,0.0,D,RUDDER*18
2026-05-31T13:27:22.3249373Z $IIHDG,343.6,,,14.0,W*07
2026-05-31T13:27:22.3249373Z $GNGGA,132720,4230.0897,N,07050.4993,W,2,00,0.50,9,M,-32.6,M,,*46
2026-05-31T13:27:22.3772715Z $GPGLC,9960,,,13928.96,A,25847.49,A,44324.30,A,60280.08,A,,*78
2026-05-31T13:27:22.3772715Z !AIVDM,1,1,,,15OGwBPP0oJrkt8H?93Twwv`0000,0*21
2026-05-31T13:27:22.4220184Z $GPGLL,4230.0897,N,07050.4993,W,132720,A,D*53
2026-05-31T13:27:22.4220184Z $IIHDG,343.6,,,14.0,W*07
2026-05-31T13:27:22.4220184Z $GNGSA,A,3,,,,,,,,,,,,,0.70,0.50,0.50*1B
2026-05-31T13:27:22.4220184Z $GNGSV,3,1,11,01,12,054,,03,37,058,,06,61,248,,11,21,239,*68
2026-05-31T13:27:22.4220184Z $GNGSV,3,2,11,12,07,320,,14,39,166,,17,67,066,,19,68,322,*6F
2026-05-31T13:27:22.4220184Z $GNGSV,3,3,11,22,59,174,,24,13,285,,44,23,237,*55
2026-05-31T13:27:22.4863594Z $IIHDG,343.5,,,14.0,W*04
2026-05-31T13:27:22.5502746Z $GPRMC,132720,A,4230.0898,N,07050.4993,W,0.1,205.0,310526,14.1,W,D*23
2026-05-31T13:27:22.5582944Z $GPVTG,205.0,T,219.1,M,0.1,N,0.1,K,A*2F
2026-05-31T13:27:22.5582944Z !AIVDM,1,1,,,35NO=dPOP0JroTHH>WwbH5>d0000,0*1E
2026-05-31T13:27:22.5582944Z $GPZDA,132720,31,05,2026,04,00*48
2026-05-31T13:27:22.5983779Z $IIHDG,343.5,,,14.0,W*04
2026-05-31T13:27:22.6471325Z $GPAAM,,,,N,*38
2026-05-31T13:27:22.7104704Z $GPAPB,,,,,,,,,,,,,,,N*26
2026-05-31T13:27:22.7104704Z $GPBOD,,T,,M,,*47
2026-05-31T13:27:22.7104704Z $IIHDG,343.5,,,14.0,W*04
2026-05-31T13:27:22.7581808Z $GPRMB,,,,,,,,,,,,,,N*04
2026-05-31T13:27:22.8208596Z !AIVDM,2,1,6,,55NEt6P00001L@S;7H04DLD4r1<D62222222201J1@;2413F08i0ERDmRC31,0*2F
2026-05-31T13:27:22.8208596Z !AIVDM,2,2,7,,H4RH8888803,2*0F
2026-05-31T13:27:22.8208596Z $IIHDG,343.5,,,14.0,W*04
2026-05-31T13:27:22.8687094Z !AIVDM,1,1,,,35NO=iPPP;Jrp0pH>WUbMH2d0000,0*12
2026-05-31T13:27:22.9322112Z $IIHDG,343.5,,,14.0,W*04
2026-05-31T13:27:22.9322112Z $GPXTE,,,,,N,N*5E
2026-05-31T13:27:22.9322112Z !AIVDM,1,1,,,352l5NhOQdrs@ChH>c9Q;A6`0000,0*6D
2026-05-31T13:27:22.9322112Z !AIVDM,1,1,,,H52M=21@Ptl5<TpD000000000000,0*3A
2026-05-31T13:27:22.9802413Z $SDDBT,27.6,f,8.4,M,4.6,F*3B
2026-05-31T13:27:23.0283954Z $IIHDG,343.5,,,14.0,W*04
2026-05-31T13:27:23.0283954Z $SDDPT,8.4,0.0,*77
2026-05-31T13:27:23.0283954Z $SDMTW,14.8,C*09
2026-05-31T13:27:23.0283954Z $SDVLW,,N,39.8,N,3042.4,N,32.5,N*43
2026-05-31T13:27:23.0764133Z $SDVHW,329.4,T,343.5,M,0.0,N,0.0,K*4F
2026-05-31T13:27:23.1240882Z $IIHDG,343.5,,,14.0,W*04
2026-05-31T13:27:23.1723933Z $WIMWD,307.0,T,321.1,M,7.0,N,3.6,M*5D
2026-05-31T13:27:23.1723933Z $WIMWV,337.6,R,7.7,N,A*22
2026-05-31T13:27:23.1723933Z $WIMWV,337.6,T,7.0,N,A*23
2026-05-31T13:27:23.2218106Z $IIHDG,343.5,,,14.0,W*04
2026-05-31T13:27:23.2682108Z $IIXDR,C,13.0,C,AIRTEMP,A,4.5,D,HEEL,A,0.2,D,TRIM,P,1.015,B,BARO,A,-0.4,D,RUDDER*34
2026-05-31T13:27:23.3151861Z $IIHDG,343.5,,,14.0,W*04
2026-05-31T13:27:23.3634094Z $GNGGA,132721,4230.0898,N,07050.4992,W,2,01,0.50,8,M,-32.6,M,,*49
2026-05-31T13:27:23.3634094Z $GPGLC,9960,,,13928.96,A,25847.49,A,44324.30,A,60280.08,A,,*78
2026-05-31T13:27:23.4117511Z $GPGLL,4230.0899,N,07050.4992,W,132721,A,D*5D
2026-05-31T13:27:23.4117511Z $IIHDG,343.5,,,14.0,W*04
2026-05-31T13:27:23.4117511Z $GNGSA,A,3,11,,,,,,,,,,,,0.70,0.50,0.50*1B
2026-05-31T13:27:23.4117511Z $GNGSV,3,1,11,01,12,054,,03,37,058,,06,61,248,,11,21,239,39*62
2026-05-31T13:27:23.4117511Z $GNGSV,3,2,11,12,07,320,,14,39,166,,17,67,066,,19,68,322,*6F
2026-05-31T13:27:23.4117511Z $GNGSV,3,3,11,22,59,174,,24,13,285,,44,23,237,*55
2026-05-31T13:27:23.4757958Z !AIVDM,1,1,,,15NNo2P0h0rroIPH?FR3wV4b0000,0*57
2026-05-31T13:27:23.5254583Z $IIHDG,343.5,,,14.0,W*04
2026-05-31T13:27:23.5254583Z $GPRMC,132721,A,4230.0899,N,07050.4992,W,0.1,205.0,310526,14.1,W,D*22
2026-05-31T13:27:23.5254583Z $GPVTG,205.0,T,219.1,M,0.1,N,0.1,K,A*2F
2026-05-31T13:27:23.5744539Z $GPZDA,132721,31,05,2026,04,00*49
2026-05-31T13:27:23.6190397Z $IIHDG,343.5,,,14.0,W*04
2026-05-31T13:27:23.6683151Z $GPAAM,,,,N,*38
2026-05-31T13:27:23.7144804Z $GPAPB,,,,,,,,,,,,,,,N*26
2026-05-31T13:27:23.7144804Z $GPBOD,,T,,M,,*47
2026-05-31T13:27:23.7144804Z $IIHDG,343.5,,,14.0,W*04
2026-05-31T13:27:23.7628051Z !AIVDM,1,1,,,15NO=g;P00JrjqpH@11<bOvb2000,0*0F
2026-05-31T13:27:23.8109916Z $GPRMB,,,,,,,,,,,,,,N*04
2026-05-31T13:27:23.8109916Z $IIHDG,343.4,,,14.0,W*05
2026-05-31T13:27:23.8753543Z !AIVDM,1,1,,,15NK=p003vrsh?pH=P<TLCFd0000,0*28
2026-05-31T13:27:23.9391562Z $IIHDG,343.4,,,14.0,W*05
2026-05-31T13:27:23.9391562Z $GPXTE,,,,,N,N*5E
2026-05-31T13:27:24.0032912Z $SDDBT,27.5,f,8.4,M,4.5,F*3B
2026-05-31T13:27:24.0032912Z $IIHDG,343.4,,,14.0,W*05
2026-05-31T13:27:24.0032912Z $SDDPT,8.4,0.0,*77
2026-05-31T13:27:24.0510940Z $SDMTW,14.8,C*09
2026-05-31T13:27:24.0510940Z $SDVLW,,N,39.8,N,3042.4,N,32.5,N*43
2026-05-31T13:27:24.0510940Z $SDVHW,329.3,T,343.4,M,0.0,N,0.0,K*49
2026-05-31T13:27:24.1018235Z $IIHDG,343.4,,,14.0,W*05
2026-05-31T13:27:24.1471193Z $WIMWD,308.4,T,322.4,M,6.7,N,3.5,M*55
2026-05-31T13:27:24.1952423Z $WIMWV,339.0,R,7.3,N,A*2E
2026-05-31T13:27:24.1952423Z $WIMWV,338.8,T,6.7,N,A*24
2026-05-31T13:27:24.1952423Z $IIHDG,343.3,,,14.0,W*02
2026-05-31T13:27:24.2592671Z $IIXDR,C,13.0,C,AIRTEMP,A,4.2,D,HEEL,A,0.3,D,TRIM,P,1.015,B,BARO,A,-0.5,D,RUDDER*33
2026-05-31T13:27:24.3074664Z $IIHDG,343.3,,,14.0,W*02
2026-05-31T13:27:24.3556090Z $GNGGA,132722,4230.0898,N,07050.4993,W,2,00,0.50,9,M,-32.6,M,,*4B
2026-05-31T13:27:24.4253129Z $GPGLC,9960,,,13928.96,A,25847.49,A,44324.30,A,60280.08,A,,*78
2026-05-31T13:27:24.4253129Z $GPGLL,4230.0898,N,07050.4993,W,132722,A,D*5E
2026-05-31T13:27:24.4253129Z $IIHDG,343.2,,,14.0,W*03
2026-05-31T13:27:24.4253129Z $GNGSA,A,3,,,,,,,,,,,,,0.70,0.50,0.50*1B
2026-05-31T13:27:24.4253129Z $GNGSV,3,1,11,01,12,054,,03,37,058,,06,61,248,,11,21,239,*68
2026-05-31T13:27:24.4253129Z $GNGSV,3,2,11,12,07,320,,14,39,166,,17,67,066,,19,68,322,*6F
2026-05-31T13:27:24.4253129Z $GNGSV,3,3,11,22,59,174,,24,13,285,,44,23,237,*55
2026-05-31T13:27:24.4675638Z !AIVDM,1,1,,,35NO=l0OP3JrnI0H>WW1JkLf0000,0*4E
2026-05-31T13:27:24.5319181Z $IIHDG,343.2,,,14.0,W*03
2026-05-31T13:27:24.5319181Z $GPRMC,132722,A,4230.0899,N,07050.4993,W,0.1,205.0,310526,14.1,W,D*20
2026-05-31T13:27:24.5319181Z $GPVTG,205.0,T,219.1,M,0.1,N,0.2,K,A*2C
2026-05-31T13:27:24.5953973Z $GPZDA,132722,31,05,2026,04,00*4A
2026-05-31T13:27:24.5953973Z $IIHDG,343.1,,,14.0,W*00
2026-05-31T13:27:24.6432136Z !AIVDM,1,1,,,15O=hk5t1CJsG:8H>giQQQ@L0000,0*78
2026-05-31T13:27:24.6913898Z $GPAAM,,,,N,*38
2026-05-31T13:27:24.6913898Z $GPAPB,,,,,,,,,,,,,,,N*26
2026-05-31T13:27:24.6913898Z $GPBOD,,T,,M,,*47
2026-05-31T13:27:24.7555479Z $IIHDG,343.1,,,14.0,W*00
2026-05-31T13:27:24.8044795Z $GPRMB,,,,,,,,,,,,,,N*04
2026-05-31T13:27:24.8044795Z $IIHDG,343.0,,,14.0,W*01
2026-05-31T13:27:24.8513799Z !AIVDM,1,1,,,153>KLP000rrh:0H?V``E6Pf0000,0*0F
2026-05-31T13:27:24.8995304Z $IIHDG,343.0,,,14.0,W*01
2026-05-31T13:27:24.8995304Z $GPXTE,,,,,N,N*5E
2026-05-31T13:27:24.9666280Z $SDDBT,27.2,f,8.3,M,4.5,F*3B
2026-05-31T13:27:25.0114182Z $IIHDG,343.0,,,14.0,W*01
2026-05-31T13:27:25.0114182Z $SDDPT,8.3,0.0,*70
2026-05-31T13:27:25.0590281Z $SDMTW,14.8,C*09
2026-05-31T13:27:25.0590281Z $SDVLW,,N,39.8,N,3042.4,N,32.5,N*43
2026-05-31T13:27:25.0590281Z $SDVHW,328.9,T,343.0,M,0.0,N,0.0,K*46
2026-05-31T13:27:25.1067271Z $IIHDG,343.0,,,14.0,W*01
2026-05-31T13:27:25.1546691Z $WIMWD,308.7,T,322.8,M,6.3,N,3.3,M*58
2026-05-31T13:27:25.1546691Z $WIMWV,339.8,R,7.0,N,A*25
2026-05-31T13:27:25.1546691Z $WIMWV,339.8,T,6.3,N,A*21
2026-05-31T13:27:25.2024297Z $IIHDG,342.9,,,14.0,W*09
2026-05-31T13:27:25.2505291Z $IIXDR,C,13.1,C,AIRTEMP,A,1.4,D,HEEL,A,0.6,D,TRIM,P,1.015,B,BARO,A,-0.3,D,RUDDER*32
2026-05-31T13:27:25.3145648Z $IIHDG,342.9,,,14.0,W*09
2026-05-31T13:27:25.3628704Z $GNGGA,132723,4230.0899,N,07050.4993,W,2,00,0.50,9,M,-32.6,M,,*4B
2026-05-31T13:27:25.3628704Z $GPGLC,9960,,,13928.96,A,25847.49,A,44324.30,A,60280.08,A,,*78
2026-05-31T13:27:25.4112342Z $GPGLL,4230.0899,N,07050.4993,W,132723,A,D*5E
2026-05-31T13:27:25.4112342Z $IIHDG,342.9,,,14.0,W*09
2026-05-31T13:27:25.4618438Z $GNGSA,A,3,,,,,,,,,,,,,0.70,0.50,0.50*1B
2026-05-31T13:27:25.4618438Z $GNGSV,3,1,11,01,12,054,,03,37,058,,06,61,248,,11,21,239,*68
2026-05-31T13:27:25.4618438Z $GNGSV,3,2,11,12,07,320,,14,39,166,,17,67,066,,19,68,322,*6F
2026-05-31T13:27:25.4618438Z $GNGSV,3,3,11,22,59,174,,24,13,285,,44,23,237,*55
2026-05-31T13:27:25.5073282Z $IIHDG,342.9,,,14.0,W*09
2026-05-31T13:27:25.5554310Z $GPRMC,132723,A,4230.0899,N,07050.4993,W,0.2,205.0,310526,14.1,W,D*22
2026-05-31T13:27:25.5554310Z $GPVTG,205.0,T,219.1,M,0.2,N,0.3,K,A*2E
2026-05-31T13:27:25.5554310Z !AIVDM,1,1,,,15NO=dPOP0JroU8H>Ws:H5@j0000,0*41
2026-05-31T13:27:25.5554310Z $GPZDA,132723,31,05,2026,04,00*4B
2026-05-31T13:27:25.6037350Z $IIHDG,342.9,,,14.0,W*09
2026-05-31T13:27:25.6518310Z $GPAAM,,,,N,*38
2026-05-31T13:27:25.6998011Z $GPAPB,,,,,,,,,,,,,,,N*26
2026-05-31T13:27:25.6998011Z $GPBOD,,T,,M,,*47
2026-05-31T13:27:25.6998011Z $IIHDG,342.9,,,14.0,W*09
2026-05-31T13:27:25.7631752Z $GPRMB,,,,,,,,,,,,,,N*04
2026-05-31T13:27:25.8269695Z $IIHDG,342.8,,,14.0,W*08
2026-05-31T13:27:25.8269695Z !AIVDM,1,1,,,19NSfbh000rrnu8H>W=3S8Fd0000,0*6B
2026-05-31T13:27:25.8925029Z $IIHDG,342.8,,,14.0,W*08
2026-05-31T13:27:25.9392520Z !AIVDM,1,1,,,15NO=iPPP9Jrp0hH>WUbKovj0000,0*61
2026-05-31T13:27:25.9392520Z $GPXTE,,,,,N,N*5E
2026-05-31T13:27:25.9874092Z $SDDBT,27.6,f,8.4,M,4.6,F*3B
2026-05-31T13:27:26.0356458Z $SDDPT,8.4,0.0,*77
2026-05-31T13:27:26.0356458Z $IIHDG,342.8,,,14.0,W*08
2026-05-31T13:27:26.0356458Z $SDMTW,14.8,C*09
2026-05-31T13:27:26.0356458Z !AIVDM,1,1,,,15NK=p0040rshEPH=OvTGkFh0000,0*49
2026-05-31T13:27:26.0356458Z $SDVLW,,N,39.8,N,3042.4,N,32.5,N*43
2026-05-31T13:27:26.0837807Z $SDVHW,328.7,T,342.8,M,0.0,N,0.0,K*41
2026-05-31T13:27:26.1322785Z $IIHDG,342.8,,,14.0,W*08
2026-05-31T13:27:26.1322785Z $WIMWD,307.5,T,321.6,M,6.3,N,3.3,M*58
2026-05-31T13:27:26.1819399Z $WIMWV,338.8,R,6.7,N,A*22
2026-05-31T13:27:26.1819399Z $WIMWV,338.8,T,6.3,N,A*20
2026-05-31T13:27:26.1819399Z !AIVDM,1,1,,,E>k`vt<r0h@@@@@@@@@@@@@@@@@=MwTH<E=u@00000000?,4*12
2026-05-31T13:27:26.2269490Z $IIHDG,342.8,,,14.0,W*08
2026-05-31T13:27:26.2753101Z $IIXDR,C,13.1,C,AIRTEMP,A,0.7,D,HEEL,A,0.1,D,TRIM,P,1.015,B,BARO,A,0.0,D,RUDDER*19
2026-05-31T13:27:26.3228812Z $IIHDG,342.8,,,14.0,W*08
2026-05-31T13:27:26.3228812Z !AIVDM,1,1,,,152l5NhOQdrs@FHH>cS1>i6h0000,0*65
2026-05-31T13:27:26.3709706Z $GNGGA,132724,4230.0899,N,07050.4992,W,2,00,0.50,8,M,-32.6,M,,*4C
2026-05-31T13:27:26.3709706Z $GPGLC,9960,,,13928.96,A,25847.49,A,44324.30,A,60280.08,A,,*78
2026-05-31T13:27:26.4191616Z $GPGLL,4230.0899,N,07050.4992,W,132724,A,D*58
2026-05-31T13:27:26.4191616Z $IIHDG,342.7,,,14.0,W*07
2026-05-31T13:27:26.4191616Z $GNGSA,A,3,,,,,,,,,,,,,0.70,0.50,0.50*1B
2026-05-31T13:27:26.4191616Z $GNGSV,3,1,11,01,12,054,,03,37,058,,06,61,249,,11,21,239,*69
2026-05-31T13:27:26.4191616Z $GNGSV,3,2,11,12,07,320,,14,39,166,,17,67,066,,19,68,322,*6F
2026-05-31T13:27:26.4191616Z $GNGSV,3,3,11,22,59,174,,24,13,285,,44,23,237,*55
2026-05-31T13:27:26.4996929Z $IIHDG,342.7,,,14.0,W*07
2026-05-31T13:27:26.5632042Z $GPRMC,132724,A,4230.0899,N,07050.4992,W,0.2,205.0,310526,14.1,W,D*24
2026-05-31T13:27:26.5632042Z $GPVTG,205.0,T,219.1,M,0.2,N,0.3,K,A*2E
2026-05-31T13:27:26.5632042Z !AIVDM,1,1,,,18IPTf001Mrs@DHH>Ws1cQFb0000,0*01
2026-05-31T13:27:26.5632042Z $GPZDA,132724,31,05,2026,04,00*4C
2026-05-31T13:27:26.6107728Z $IIHDG,342.7,,,14.0,W*07
2026-05-31T13:27:26.6584976Z $GPAAM,,,,N,*38
2026-05-31T13:27:26.7060716Z $GPAPB,,,,,,,,,,,,,,,N*26
2026-05-31T13:27:26.7060716Z $GPBOD,,T,,M,,*47
2026-05-31T13:27:26.7540837Z $IIHDG,342.7,,,14.0,W*07
2026-05-31T13:27:26.8020956Z $GPRMB,,,,,,,,,,,,,,N*04
2026-05-31T13:27:26.8497848Z $IIHDG,342.7,,,14.0,W*07
2026-05-31T13:27:26.8976548Z !AIVDM,1,1,,,B52oU<@146ftFR65NlRNwwP00000,0*0C
2026-05-31T13:27:26.8976548Z !AIVDM,1,1,,,15N9sFP001rrso@H@`e7`4pl0000,0*6E
2026-05-31T13:27:26.9458491Z $GPXTE,,,,,N,N*5E
2026-05-31T13:27:26.9458491Z $IIHDG,342.6,,,14.0,W*06
2026-05-31T13:27:26.9932549Z $SDDBT,27.6,f,8.4,M,4.6,F*3B
2026-05-31T13:27:27.0415309Z $SDDPT,8.4,0.0,*77
2026-05-31T13:27:27.0415309Z $SDMTW,14.8,C*09
2026-05-31T13:27:27.0415309Z $SDVLW,,N,39.8,N,3042.4,N,32.5,N*43
2026-05-31T13:27:27.0894308Z $SDVHW,328.6,T,342.6,M,0.0,N,0.0,K*4E
2026-05-31T13:27:27.0894308Z !AIVDM,1,1,,,15NO=l0OP3JrnI0H>WW1ESNj0000,0*75
2026-05-31T13:27:27.0894308Z $IIHDG,342.6,,,14.0,W*06
2026-05-31T13:27:27.1371570Z $WIMWD,307.6,T,321.7,M,6.0,N,3.1,M*5B
2026-05-31T13:27:27.1849427Z !AIVDM,1,1,,,15MeF10P00JrjtPH@0eafgvl0000,0*0D
2026-05-31T13:27:27.1849427Z $IIHDG,342.6,,,14.0,W*06
2026-05-31T13:27:27.1849427Z $WIMWV,339.0,R,6.5,N,A*29
2026-05-31T13:27:27.1849427Z $WIMWV,339.2,T,6.0,N,A*28
2026-05-31T13:27:27.2490618Z $IIHDG,342.5,,,14.0,W*05
2026-05-31T13:27:27.2971099Z $IIXDR,C,13.1,C,AIRTEMP,A,3.2,D,HEEL,A,-0.1,D,TRIM,P,1.015,B,BARO,A,-0.4,D,RUDDER*1B
2026-05-31T13:27:27.2971099Z !AIVDM,1,1,,,H52TGr0htpLEHUAV0TTT00000000,0*72
2026-05-31T13:27:27.3451559Z $GNGGA,132725,4230.0901,N,07050.4992,W,2,00,0.50,8,M,-32.6,M,,*4D
2026-05-31T13:27:27.3936620Z $IIHDG,342.5,,,14.0,W*05
2026-05-31T13:27:27.4019058Z $GPGLC,9960,,,13928.96,A,25847.49,A,44324.30,A,60280.08,A,,*78
2026-05-31T13:27:27.4019058Z $GPGLL,4230.0901,N,07050.4992,W,132725,A,D*59
2026-05-31T13:27:27.4569848Z $GNGSA,A,3,,,,,,,,,,,,,0.70,0.50,0.50*1B
2026-05-31T13:27:27.4569848Z $GNGSV,3,1,11,01,12,054,,03,37,058,,06,61,249,,11,21,239,*69
2026-05-31T13:27:27.4569848Z $GNGSV,3,2,11,12,07,320,,14,39,166,,17,67,066,,19,68,322,*6F
2026-05-31T13:27:27.4569848Z $GNGSV,3,3,11,22,59,174,,24,13,285,,44,23,237,*55
2026-05-31T13:27:27.4569848Z $IIHDG,342.4,,,14.0,W*04
2026-05-31T13:27:27.5186561Z $GPRMC,132725,A,4230.0901,N,07050.4992,W,0.2,205.0,310526,14.1,W,D*25
2026-05-31T13:27:27.5717819Z $GPVTG,205.0,T,219.1,M,0.2,N,0.3,K,A*2E
2026-05-31T13:27:27.5717819Z $GPZDA,132725,31,05,2026,04,00*4D
2026-05-31T13:27:27.5717819Z $IIHDG,342.4,,,14.0,W*04
2026-05-31T13:27:27.6484741Z $GPAAM,,,,N,*38
2026-05-31T13:27:27.6969341Z $IIHDG,342.3,,,14.0,W*03
2026-05-31T13:27:27.6969341Z $GPAPB,,,,,,,,,,,,,,,N*26
2026-05-31T13:27:27.6969341Z $GPBOD,,T,,M,,*47
2026-05-31T13:27:27.7453124Z $IIHDG,342.2,,,14.0,W*02
2026-05-31T13:27:27.8108150Z $GPRMB,,,,,,,,,,,,,,N*04
2026-05-31T13:27:27.8580796Z $IIHDG,342.1,,,14.0,W*01
2026-05-31T13:27:27.9060095Z $GPXTE,,,,,N,N*5E
2026-05-31T13:27:27.9532543Z !AIVDM,1,1,,,15NK=p0PSvrshJhH=Oi4GCDl0000,0*6E
2026-05-31T13:27:28.0016091Z $IIHDG,342.1,,,14.0,W*01
2026-05-31T13:27:28.0016091Z $SDDBT,27.6,f,8.4,M,4.6,F*3B
2026-05-31T13:27:28.0016091Z $SDDPT,8.4,0.0,*77
2026-05-31T13:27:28.0499463Z $SDMTW,14.8,C*09
2026-05-31T13:27:28.0499463Z $SDVLW,,N,39.8,N,3042.4,N,32.5,N*43
2026-05-31T13:27:28.0499463Z $SDVHW,327.9,T,342.0,M,0.0,N,0.0,K*48
2026-05-31T13:27:28.0975374Z $IIHDG,342.0,,,14.0,W*00
2026-05-31T13:27:28.1453281Z $WIMWD,309.3,T,323.4,M,5.4,N,2.8,M*5E
2026-05-31T13:27:28.1938571Z $WIMWV,341.5,R,6.2,N,A*24
2026-05-31T13:27:28.1938571Z $WIMWV,341.7,T,5.4,N,A*25
2026-05-31T13:27:28.1938571Z $IIHDG,341.9,,,14.0,W*0A
2026-05-31T13:27:28.2437695Z !AIVDM,1,1,,,152Wpn<01DrsJb8H?k0Ri2<h2000,0*03
2026-05-31T13:27:28.2911452Z $IIHDG,341.8,,,14.0,W*0B
2026-05-31T13:27:28.2911452Z $IIXDR,C,13.1,C,AIRTEMP,A,4.6,D,HEEL,A,0.5,D,TRIM,P,1.015,B,BARO,A,-0.3,D,RUDDER*36
2026-05-31T13:27:28.3395545Z $GNGGA,132726,4230.0902,N,07050.4992,W,2,00,0.50,8,M,-32.6,M,,*4D
2026-05-31T13:27:28.3868212Z $IIHDG,341.7,,,14.0,W*04
2026-05-31T13:27:28.3868212Z $GPGLC,9960,,,13928.96,A,25847.49,A,44324.30,A,60280.08,A,,*78
2026-05-31T13:27:28.4351426Z $GPGLL,4230.0902,N,07050.4992,W,132726,A,D*59
2026-05-31T13:27:28.4393347Z $GNGSA,A,3,,,,,,,,,,,,,0.70,0.50,0.50*1B
2026-05-31T13:27:28.4393347Z $GNGSV,3,1,11,01,12,054,,03,37,058,,06,61,249,,11,21,239,*69
2026-05-31T13:27:28.4393347Z $GNGSV,3,2,11,12,07,320,,14,39,166,,17,67,066,,19,68,322,*6F
2026-05-31T13:27:28.4393347Z $GNGSV,3,3,11,22,59,174,,24,13,285,,44,23,237,*55
2026-05-31T13:27:28.4834546Z $IIHDG,341.6,,,14.0,W*05
2026-05-31T13:27:28.5317915Z $GPRMC,132726,A,4230.0902,N,07050.4992,W,0.2,205.0,310526,14.1,W,D*25
2026-05-31T13:27:28.5317915Z !AIVDM,1,1,,,35NwCQPPQ3rs>w@HBfhb782l0000,0*17
2026-05-31T13:27:28.5317915Z $GPVTG,205.0,T,219.1,M,0.2,N,0.3,K,A*2E
2026-05-31T13:27:28.5800786Z $GPZDA,132726,31,05,2026,04,00*4E
2026-05-31T13:27:28.5800786Z $IIHDG,341.5,,,14.0,W*06
2026-05-31T13:27:28.6438066Z $GPAAM,,,,N,*38
2026-05-31T13:27:28.7077544Z $IIHDG,341.5,,,14.0,W*06
2026-05-31T13:27:28.7077544Z $GPAPB,,,,,,,,,,,,,,,N*26
2026-05-31T13:27:28.7077544Z $GPBOD,,T,,M,,*47
2026-05-31T13:27:28.7559568Z $IIHDG,341.4,,,14.0,W*07
2026-05-31T13:27:28.8205431Z $GPRMB,,,,,,,,,,,,,,N*04
2026-05-31T13:27:28.8687302Z $IIHDG,341.3,,,14.0,W*00
2026-05-31T13:27:28.9169718Z $GPXTE,,,,,N,N*5E
2026-05-31T13:27:28.9650204Z $IIHDG,341.2,,,14.0,W*01
2026-05-31T13:27:29.0127172Z $SDDBT,27.6,f,8.4,M,4.6,F*3B
2026-05-31T13:27:29.0127172Z $SDDPT,8.4,0.0,*77
2026-05-31T13:27:29.0608086Z $SDMTW,14.8,C*09
2026-05-31T13:27:29.0608086Z $SDVLW,,N,39.8,N,3042.4,N,32.5,N*43
2026-05-31T13:27:29.0608086Z $SDVHW,327.1,T,341.2,M,0.0,N,0.0,K*41
2026-05-31T13:27:29.1089609Z $IIHDG,341.2,,,14.0,W*01
2026-05-31T13:27:29.1568149Z $WIMWD,309.9,T,324.0,M,5.4,N,2.8,M*57
2026-05-31T13:27:29.1568149Z $WIMWV,342.6,R,5.9,N,A*2C
2026-05-31T13:27:29.1568149Z $WIMWV,342.5,T,5.4,N,A*24
2026-05-31T13:27:29.2053429Z $IIHDG,341.2,,,14.0,W*01
2026-05-31T13:27:29.2536870Z !AIVDM,1,1,,,ENk`sl>`@@@@@@@@@@@@@@@@@@@=OTgH<LwsP00000000?,4*70
2026-05-31T13:27:29.3021328Z $IIXDR,C,13.1,C,AIRTEMP,A,2.8,D,HEEL,A,0.6,D,TRIM,P,1.015,B,BARO,A,-0.3,D,RUDDER*3D
2026-05-31T13:27:29.3021328Z $IIHDG,341.1,,,14.0,W*02
2026-05-31T13:27:29.3506456Z $GNGGA,132727,4230.0901,N,07050.4992,W,2,00,0.50,8,M,-32.6,M,,*4F
2026-05-31T13:27:29.3506456Z !AIVDM,1,1,,,35NO=dPOP0JroThH>Wt:H5Dp0000,0*0B
2026-05-31T13:27:29.3987220Z $GPGLC,9960,,,13928.96,A,25847.49,A,44324.30,A,60280.08,A,,*78
2026-05-31T13:27:29.3987220Z $IIHDG,341.1,,,14.0,W*02
2026-05-31T13:27:29.3987220Z $GPGLL,4230.0901,N,07050.4992,W,132727,A,D*5B
2026-05-31T13:27:29.4469058Z $GNGSA,A,3,,,,,,,,,,,,,0.70,0.50,0.50*1B
2026-05-31T13:27:29.4469058Z $GNGSV,3,1,11,01,12,054,,03,37,058,,06,61,249,,11,21,239,*69
2026-05-31T13:27:29.4469058Z $GNGSV,3,2,11,12,07,320,,14,39,166,,17,67,066,,19,68,322,*6F
2026-05-31T13:27:29.4469058Z $GNGSV,3,3,11,22,59,174,,24,13,285,,44,23,237,*55
2026-05-31T13:27:29.4955103Z $IIHDG,341.0,,,14.0,W*03
2026-05-31T13:27:29.5443682Z $GPRMC,132727,A,4230.0901,N,07050.4993,W,0.2,205.0,310526,14.1,W,D*26
2026-05-31T13:27:29.5443682Z $GPVTG,205.0,T,219.1,M,0.2,N,0.3,K,A*2E
2026-05-31T13:27:29.5926077Z $GPZDA,132727,31,05,2026,04,00*4F
2026-05-31T13:27:29.5926077Z $IIHDG,341.0,,,14.0,W*03
2026-05-31T13:27:29.6431075Z $GPAAM,,,,N,*38
2026-05-31T13:27:29.7054898Z $GPAPB,,,,,,,,,,,,,,,N*26
2026-05-31T13:27:29.7054898Z $IIHDG,341.0,,,14.0,W*03
2026-05-31T13:27:29.7054898Z $GPBOD,,T,,M,,*47
2026-05-31T13:27:29.7538448Z !AIVDM,1,1,,,15NK=p0PStrshP@H=OT4FkDp0000,0*56
2026-05-31T13:27:29.8019181Z $GPRMB,,,,,,,,,,,,,,N*04
2026-05-31T13:27:29.8019181Z $IIHDG,341.0,,,14.0,W*03
2026-05-31T13:27:29.8823021Z $IIHDG,341.0,,,14.0,W*03
2026-05-31T13:27:29.9304731Z $GPXTE,,,,,N,N*5E
2026-05-31T13:27:29.9789792Z $SDDBT,27.9,f,8.5,M,4.6,F*35
2026-05-31T13:27:30.0275487Z $IIHDG,341.0,,,14.0,W*03
2026-05-31T13:27:30.0275487Z $SDDPT,8.5,0.0,*76
2026-05-31T13:27:30.0275487Z $SDMTW,14.8,C*09
2026-05-31T13:27:30.0757298Z $SDVLW,,N,39.8,N,3042.4,N,32.5,N*43
2026-05-31T13:27:30.0757298Z $SDVHW,326.9,T,341.0,M,0.0,N,0.0,K*4A
2026-05-31T13:27:30.1399973Z $IIHDG,341.0,,,14.0,W*03
2026-05-31T13:27:30.1399973Z $WIMWD,309.2,T,323.2,M,6.6,N,3.4,M*55
2026-05-31T13:27:30.1895238Z $WIMWV,342.2,R,6.0,N,A*22
2026-05-31T13:27:30.1895238Z $WIMWV,342.1,T,6.7,N,A*20
2026-05-31T13:27:30.1895238Z $IIHDG,341.0,,,14.0,W*03
2026-05-31T13:27:30.2523784Z $IIXDR,C,13.1,C,AIRTEMP,A,1.3,D,HEEL,A,-0.2,D,TRIM,P,1.015,B,BARO,A,-0.2,D,RUDDER*1D
2026-05-31T13:27:30.3212434Z $IIHDG,340.9,,,14.0,W*0B
2026-05-31T13:27:30.3645299Z $GNGGA,132728,4230.0901,N,07050.4992,W,2,00,0.50,8,M,-32.6,M,,*40
2026-05-31T13:27:30.3645299Z $GPGLC,9960,,,13928.96,A,25847.49,A,44324.30,A,60280.08,A,,*78
2026-05-31T13:27:30.4288199Z $IIHDG,340.9,,,14.0,W*0B
2026-05-31T13:27:30.4288199Z $GPGLL,4230.0901,N,07050.4992,W,132728,A,D*54
2026-05-31T13:27:30.4370149Z $GNGSA,A,3,,,,,,,,,,,,,0.70,0.50,0.50*1B
2026-05-31T13:27:30.4370149Z $GNGSV,3,1,11,01,12,054,,03,37,058,,06,61,249,,11,21,239,*69
2026-05-31T13:27:30.4370149Z $GNGSV,3,2,11,12,07,320,,14,39,166,,17,67,066,,19,68,322,*6F
2026-05-31T13:27:30.4370149Z $GNGSV,3,3,11,22,59,174,,24,13,285,,44,23,237,*55
2026-05-31T13:27:30.4774075Z $IIHDG,340.9,,,14.0,W*0B
2026-05-31T13:27:30.5443702Z !AIVDM,1,1,,,35NO=l0001JrnH`H>WW1pkNr0000,0*2E
2026-05-31T13:27:30.5443702Z $GPRMC,132728,A,4230.0901,N,07050.4992,W,0.2,205.0,310526,14.1,W,D*28
2026-05-31T13:27:30.5448848Z $GPVTG,205.0,T,219.1,M,0.2,N,0.3,K,A*2E
2026-05-31T13:27:30.5894258Z $GPZDA,132728,31,05,2026,04,00*40
2026-05-31T13:27:30.5894258Z $IIHDG,340.8,,,14.0,W*0A
2026-05-31T13:27:30.6537344Z $GPAAM,,,,N,*38
2026-05-31T13:27:30.7018309Z $GPAPB,,,,,,,,,,,,,,,N*26
2026-05-31T13:27:30.7018309Z $IIHDG,340.7,,,14.0,W*05
2026-05-31T13:27:30.7018309Z $GPBOD,,T,,M,,*47
2026-05-31T13:27:30.7497936Z !AIVDM,1,1,,,35Ngd70OSgJsAJpH=kW;J94t0000,0*53
2026-05-31T13:27:30.8004870Z $GPRMB,,,,,,,,,,,,,,N*04
2026-05-31T13:27:30.8004870Z $IIHDG,340.7,,,14.0,W*05
2026-05-31T13:27:30.8779489Z $IIHDG,340.6,,,14.0,W*04
2026-05-31T13:27:30.9261074Z $GPXTE,,,,,N,N*5E
2026-05-31T13:27:30.9734441Z $SDDBT,27.6,f,8.4,M,4.6,F*3B
2026-05-31T13:27:30.9734441Z !AIVDM,1,1,,,18I<UK0wP=rt?wPHC3<QfQhP0000,0*6B
2026-05-31T13:27:31.0372989Z $IIHDG,340.5,,,14.0,W*07
2026-05-31T13:27:31.0372989Z $SDDPT,8.4,0.0,*77
2026-05-31T13:27:31.0372989Z $SDMTW,14.8,C*09
2026-05-31T13:27:31.0372989Z !AIVDM,1,1,,,35NEt6U000rriHHH@1h:CPDt2000,0*6E
2026-05-31T13:27:31.0372989Z $SDVLW,,N,39.8,N,3042.4,N,32.5,N*43
2026-05-31T13:27:31.0851631Z $SDVHW,326.4,T,340.5,M,0.0,N,0.0,K*43
2026-05-31T13:27:31.0851631Z $IIHDG,340.4,,,14.0,W*06
2026-05-31T13:27:31.1338398Z $WIMWD,308.6,T,322.7,M,6.5,N,3.3,M*50
2026-05-31T13:27:31.1821113Z $WIMWV,342.3,R,6.3,N,A*20
2026-05-31T13:27:31.1821113Z $WIMWV,342.3,T,6.5,N,A*20
2026-05-31T13:27:31.2298551Z $IIHDG,340.3,,,14.0,W*01
2026-05-31T13:27:31.2861188Z $IIXDR,C,13.1,C,AIRTEMP,A,3.0,D,HEEL,A,0.1,D,TRIM,P,1.015,B,BARO,A,-0.1,D,RUDDER*31
2026-05-31T13:27:31.3343728Z $IIHDG,340.2,,,14.0,W*00
2026-05-31T13:27:31.3343728Z !AIVDM,1,1,,,35NO=dPOP0JroTPH>WwbH5Dt0000,0*6C
2026-05-31T13:27:31.3343728Z $GNGGA,132729,4230.0902,N,07050.4992,W,2,00,0.50,8,M,-32.6,M,,*42
2026-05-31T13:27:31.3825123Z $GPGLC,9960,,,13928.96,A,25847.49,A,44324.30,A,60280.08,A,,*78
2026-05-31T13:27:31.4307048Z $IIHDG,340.1,,,14.0,W*03
2026-05-31T13:27:31.4307048Z $GPGLL,4230.0902,N,07050.4992,W,132729,A,D*56
2026-05-31T13:27:31.4307048Z $GNGSA,A,3,,,,,,,,,,,,,0.70,0.50,0.50*1B
2026-05-31T13:27:31.4307048Z $GNGSV,3,1,11,01,12,054,,03,37,058,,06,61,249,,11,21,239,*69
2026-05-31T13:27:31.4307048Z $GNGSV,3,2,11,12,07,320,,14,39,166,,17,67,066,,19,68,322,*6F
2026-05-31T13:27:31.4307048Z $GNGSV,3,3,11,22,59,174,,24,13,285,,44,23,237,*55
2026-05-31T13:27:31.4787794Z $IIHDG,340.0,,,14.0,W*02
2026-05-31T13:27:31.5441554Z $GPRMC,132729,A,4230.0902,N,07050.4992,W,0.1,205.0,310526,14.1,W,D*29
2026-05-31T13:27:31.5473515Z $GPVTG,205.0,T,219.1,M,0.1,N,0.3,K,A*2D
2026-05-31T13:27:31.5909244Z $GPZDA,132729,31,05,2026,04,00*41
2026-05-31T13:27:31.5909244Z $IIHDG,339.9,,,14.0,W*05
2026-05-31T13:27:31.6477292Z $GPAAM,,,,N,*38
2026-05-31T13:27:31.7073301Z $GPAPB,,,,,,,,,,,,,,,N*26
2026-05-31T13:27:31.7073301Z $IIHDG,339.8,,,14.0,W*04
2026-05-31T13:27:31.7073301Z $GPBOD,,T,,M,,*47
2026-05-31T13:27:31.7730749Z $GPRMB,,,,,,,,,,,,,,N*04
2026-05-31T13:27:31.8502496Z $IIHDG,339.7,,,14.0,W*0B
2026-05-31T13:27:31.8944119Z !AIVDM,1,1,,,15NK=p003trshUhH=OGTDkDt0000,0*0E
2026-05-31T13:27:31.9426052Z $GPXTE,,,,,N,N*5E
2026-05-31T13:27:31.9921729Z $IIHDG,339.6,,,14.0,W*0A
2026-05-31T13:27:31.9921729Z $SDDBT,27.6,f,8.4,M,4.6,F*3B
2026-05-31T13:27:32.0379357Z $SDDPT,8.4,0.0,*77
2026-05-31T13:27:32.0379357Z $SDMTW,14.8,C*09
2026-05-31T13:27:32.0379357Z $SDVLW,,N,39.8,N,3042.4,N,32.5,N*43
2026-05-31T13:27:32.0862603Z $SDVHW,325.5,T,339.6,M,0.0,N,0.0,K*4C
2026-05-31T13:27:32.0862603Z $IIHDG,339.6,,,14.0,W*0A
2026-05-31T13:27:32.1376466Z !AIVDM,1,1,,,35NO=iPPP6Jrp08H>WU:WWjv0000,0*40
2026-05-31T13:27:32.1376466Z $WIMWD,310.8,T,324.8,M,5.7,N,2.9,M*54
2026-05-31T13:27:32.1822336Z $IIHDG,339.5,,,14.0,W*09
2026-05-31T13:27:32.1822336Z $WIMWV,344.4,R,6.2,N,A*20
2026-05-31T13:27:32.1822336Z $WIMWV,344.7,T,5.7,N,A*23
2026-05-31T13:27:32.2494371Z $IIHDG,339.4,,,14.0,W*08
2026-05-31T13:27:32.3113471Z $IIXDR,C,13.1,C,AIRTEMP,A,4.2,D,HEEL,A,0.1,D,TRIM,P,1.015,B,BARO,A,-0.4,D,RUDDER*31
2026-05-31T13:27:32.3615948Z $GNGGA,132730,4230.0902,N,07050.4991,W,2,00,0.50,8,M,-32.6,M,,*49
2026-05-31T13:27:32.3615948Z $IIHDG,339.4,,,14.0,W*08
2026-05-31T13:27:32.4076549Z $GPGLC,9960,,,13928.96,A,25847.49,A,44324.30,A,60280.08,A,,*78
2026-05-31T13:27:32.4076549Z $GPGLL,4230.0902,N,07050.4992,W,132730,A,D*5E
2026-05-31T13:27:32.4552131Z $GNGSA,A,3,,,,,,,,,,,,,0.70,0.50,0.50*1B
2026-05-31T13:27:32.4552131Z $GNGSV,3,1,11,01,12,054,,03,37,058,,06,61,249,,11,21,239,*69
2026-05-31T13:27:32.4552131Z $GNGSV,3,2,11,12,07,320,,14,39,166,,17,67,066,,19,68,322,*6F
2026-05-31T13:27:32.4552131Z $GNGSV,3,3,11,22,59,174,,24,13,285,,44,23,237,*55
2026-05-31T13:27:32.4552131Z $IIHDG,339.3,,,14.0,W*0F
2026-05-31T13:27:32.5193655Z $GPRMC,132730,A,4230.0903,N,07050.4992,W,0.2,205.0,310526,14.1,W,D*23
2026-05-31T13:27:32.5677307Z $GPVTG,205.0,T,219.1,M,0.2,N,0.3,K,A*2E
2026-05-31T13:27:32.5677307Z $GPZDA,132730,31,05,2026,04,00*49
2026-05-31T13:27:32.5677307Z $IIHDG,339.2,,,14.0,W*0E
2026-05-31T13:27:32.6159003Z !AIVDM,1,1,,,35NwCQPPQ3rs>t0HBfdb3p0t0000,0*3E
2026-05-31T13:27:32.6646039Z $GPAAM,,,,N,*38
2026-05-31T13:27:32.6646039Z $IIHDG,339.1,,,14.0,W*0D
2026-05-31T13:27:32.7167947Z $GPAPB,,,,,,,,,,,,,,,N*26
2026-05-31T13:27:32.7167947Z $GPBOD,,T,,M,,*47
2026-05-31T13:27:32.7608185Z $IIHDG,339.1,,,14.0,W*0D
2026-05-31T13:27:32.8107865Z $GPRMB,,,,,,,,,,,,,,N*04
2026-05-31T13:27:32.8107865Z !AIVDM,1,1,,,1;KMsk@P00Jrh48H?W>2JVVv0000,0*2F
2026-05-31T13:27:32.8571242Z $IIHDG,339.0,,,14.0,W*0C
2026-05-31T13:27:32.9055569Z $GPXTE,,,,,N,N*5E
2026-05-31T13:27:32.9533235Z !AIVDM,1,1,,,15NQUM4P00rrkshH>tr>4?vv2000,0*37
2026-05-31T13:27:33.0015696Z $IIHDG,338.9,,,14.0,W*04
2026-05-31T13:27:33.0015696Z $SDDBT,27.6,f,8.4,M,4.6,F*3B
2026-05-31T13:27:33.0015696Z $SDDPT,8.4,0.0,*77
2026-05-31T13:27:33.0519091Z $SDMTW,14.8,C*09
2026-05-31T13:27:33.0519091Z $SDVLW,,N,39.8,N,3042.4,N,32.5,N*43
2026-05-31T13:27:33.0519091Z $SDVHW,324.8,T,338.8,M,0.0,N,0.0,K*4F
2026-05-31T13:27:33.1032409Z $IIHDG,338.8,,,14.0,W*05
2026-05-31T13:27:33.1461231Z $WIMWD,311.9,T,326.0,M,5.5,N,2.8,M*5D
2026-05-31T13:27:33.1968236Z !AIVDM,1,1,,,15NO=nPP00Jrnv@H>WoPN?vr0000,0*3A
2026-05-31T13:27:33.1968236Z $WIMWV,347.0,R,5.9,N,A*2F
2026-05-31T13:27:33.1968236Z $WIMWV,347.2,T,5.5,N,A*27
2026-05-31T13:27:33.1968236Z $IIHDG,338.8,,,14.0,W*05
2026-05-31T13:27:33.2525704Z !AIVDM,1,1,,,E>k`vt<r0h@@@@@@@@@@@@@@@@@=MwTH<E=u@00000000?,4*12
2026-05-31T13:27:33.3050473Z $IIHDG,338.7,,,14.0,W*0A
2026-05-31T13:27:33.3050473Z $IIXDR,C,13.1,C,AIRTEMP,A,2.5,D,HEEL,A,-0.1,D,TRIM,P,1.015,B,BARO,A,-0.2,D,RUDDER*1B
2026-05-31T13:27:33.3528505Z $GNGGA,132731,4230.0904,N,07050.4991,W,2,00,0.50,8,M,-32.6,M,,*4E
2026-05-31T13:27:33.4006423Z $IIHDG,338.7,,,14.0,W*0A
2026-05-31T13:27:33.4006423Z $GPGLC,9960,,,13928.95,A,25847.49,A,44324.30,A,60280.08,A,,*7B
2026-05-31T13:27:33.4006423Z $GPGLL,4230.0904,N,07050.4992,W,132731,A,D*59
2026-05-31T13:27:33.4516072Z $GNGSA,A,3,,,,,,,,,,,,,0.70,0.50,0.50*1B
2026-05-31T13:27:33.4516072Z $GNGSV,3,1,11,01,12,054,,03,37,058,,06,61,249,,11,21,239,*69
2026-05-31T13:27:33.4516072Z $GNGSV,3,2,11,12,07,320,,14,39,166,,17,67,066,,19,68,322,*6F
2026-05-31T13:27:33.4516072Z $GNGSV,3,3,11,22,59,174,,24,13,284,,44,23,237,*54
2026-05-31T13:27:33.4992341Z $IIHDG,338.6,,,14.0,W*0B
2026-05-31T13:27:33.5430831Z $GPRMC,132731,A,4230.0904,N,07050.4992,W,0.2,205.0,310526,14.1,W,D*25
2026-05-31T13:27:33.5430831Z $GPVTG,205.0,T,219.1,M,0.2,N,0.3,K,A*2E
2026-05-31T13:27:33.5930050Z $GPZDA,132731,31,05,2026,04,00*48
2026-05-31T13:27:33.5930050Z $IIHDG,338.6,,,14.0,W*0B
2026-05-31T13:27:33.6404994Z !AIVDM,1,1,,,352l5Nh01crs@K@H>d?1A14v0000,0*2A
2026-05-31T13:27:33.6858691Z !AIVDM,1,1,,,15O=hk5uQBJsG?0H>hEQQA@d0000,0*0E
2026-05-31T13:27:33.6858691Z $GPAAM,,,,N,*38
2026-05-31T13:27:33.6858691Z $IIHDG,338.5,,,14.0,W*08
2026-05-31T13:27:33.6858691Z $GPAPB,,,,,,,,,,,,,,,N*26
2026-05-31T13:27:33.7343852Z $GPBOD,,T,,M,,*47
2026-05-31T13:27:33.7343852Z !AIVDM,1,1,,,15MnF7<00EJrrWhH>g:<Eqg20000,0*4B
2026-05-31T13:27:33.7865674Z $IIHDG,338.5,,,14.0,W*08
2026-05-31T13:27:33.7865674Z $GPRMB,,,,,,,,,,,,,,N*04
2026-05-31T13:27:33.8467277Z !AIVDM,1,1,,,15NO=g;P00JrjqhH@10dbOvv2000,0*5A
2026-05-31T13:27:33.8960846Z $IIHDG,338.5,,,14.0,W*08
2026-05-31T13:27:33.9440607Z $GPXTE,,,,,N,N*5E
2026-05-31T13:27:33.9909175Z $IIHDG,338.4,,,14.0,W*09
2026-05-31T13:27:33.9944524Z $SDDBT,27.6,f,8.4,M,4.6,F*3B
2026-05-31T13:27:34.0388581Z $SDDPT,8.4,0.0,*77
2026-05-31T13:27:34.0388581Z $SDMTW,14.8,C*09
2026-05-31T13:27:34.0388581Z $SDVLW,,N,39.8,N,3042.4,N,32.5,N*43
2026-05-31T13:27:34.0871375Z $SDVHW,324.3,T,338.4,M,0.0,N,0.0,K*48
2026-05-31T13:27:34.0871375Z $IIHDG,338.4,,,14.0,W*09
2026-05-31T13:27:34.1355313Z $WIMWD,310.8,T,324.9,M,6.2,N,3.2,M*59
2026-05-31T13:27:34.1841167Z $WIMWV,346.5,R,5.9,N,A*2B
2026-05-31T13:27:34.1841167Z $WIMWV,346.5,T,6.2,N,A*25
2026-05-31T13:27:34.1841167Z $IIHDG,338.4,,,14.0,W*09
2026-05-31T13:27:34.1841167Z !AIVDM,1,1,,,E>k`vt<r0h@@@@@@@@@@@@@@@@@=MwTH<E=u@00000000?,4*12
2026-05-31T13:27:34.2664171Z $IIXDR,C,13.1,C,AIRTEMP,A,1.1,D,HEEL,A,-0.1,D,TRIM,P,1.015,B,BARO,A,-0.2,D,RUDDER*1C
2026-05-31T13:27:34.3151098Z $IIHDG,338.3,,,14.0,W*0E
2026-05-31T13:27:34.3588101Z $GNGGA,132732,4230.0904,N,07050.4990,W,2,01,0.50,8,M,-32.6,M,,*4D
2026-05-31T13:27:34.4067104Z $GPGLC,9960,,,13928.95,A,25847.49,A,44324.30,A,60280.08,A,,*7B
2026-05-31T13:27:34.4067104Z $IIHDG,338.3,,,14.0,W*0E
2026-05-31T13:27:34.4067104Z $GPGLL,4230.0904,N,07050.4990,W,132732,A,D*58
2026-05-31T13:27:34.4559393Z $GNGSA,A,3,11,,,,,,,,,,,,0.70,0.50,0.50*1B
2026-05-31T13:27:34.4559393Z $GNGSV,3,1,11,01,12,054,,03,37,058,,06,61,249,,11,21,239,37*6D
2026-05-31T13:27:34.4559393Z $GNGSV,3,2,11,12,07,320,,14,39,166,,17,67,066,,19,68,322,*6F
2026-05-31T13:27:34.4559393Z $GNGSV,3,3,11,22,59,174,,24,13,284,,44,23,237,*54
2026-05-31T13:27:34.5017115Z $IIHDG,338.2,,,14.0,W*0F
2026-05-31T13:27:34.5498318Z $GPRMC,132732,A,4230.0904,N,07050.4990,W,0.2,205.0,310526,14.1,W,D*24
2026-05-31T13:27:34.5498318Z $GPVTG,205.0,T,219.1,M,0.2,N,0.4,K,A*29
2026-05-31T13:27:34.5975083Z $GPZDA,132732,31,05,2026,04,00*4B
2026-05-31T13:27:34.5975083Z $IIHDG,338.2,,,14.0,W*0F
2026-05-31T13:27:34.6457169Z $GPAAM,,,,N,*38
2026-05-31T13:27:34.7102216Z $IIHDG,338.2,,,14.0,W*0F
2026-05-31T13:27:34.7102216Z $GPAPB,,,,,,,,,,,,,,,N*26
2026-05-31T13:27:34.7102216Z !AIVDM,1,1,,,B5O:@A000>fe>:63mTcQ3wP00000,0*47
2026-05-31T13:27:34.7102216Z $GPBOD,,T,,M,,*47
2026-05-31T13:27:34.7740808Z $GPRMB,,,,,,,,,,,,,,N*04
2026-05-31T13:27:34.8216407Z $IIHDG,338.1,,,14.0,W*0C
2026-05-31T13:27:34.8697355Z $IIHDG,338.1,,,14.0,W*0C
2026-05-31T13:27:34.9339043Z $GPXTE,,,,,N,N*5E
2026-05-31T13:27:34.9339043Z !AIVDM,1,1,,,15NO=dPOP0JroV`H>WbbH5I40000,0*04
2026-05-31T13:27:34.9822923Z $SDDBT,27.6,f,8.4,M,4.6,F*3B
2026-05-31T13:27:34.9822923Z $IIHDG,338.0,,,14.0,W*0D
2026-05-31T13:27:35.0306026Z $SDDPT,8.4,0.0,*77
2026-05-31T13:27:35.0306026Z $SDMTW,14.8,C*09
2026-05-31T13:27:35.0787790Z $SDVLW,,N,39.8,N,3042.4,N,32.5,N*43
2026-05-31T13:27:35.0787790Z $SDVHW,323.9,T,338.0,M,0.0,N,0.0,K*41
2026-05-31T13:27:35.1268205Z $IIHDG,338.0,,,14.0,W*0D
2026-05-31T13:27:35.1739683Z $WIMWD,310.2,T,324.2,M,6.1,N,3.1,M*58
2026-05-31T13:27:35.1739683Z $WIMWV,346.1,R,6.0,N,A*25
2026-05-31T13:27:35.1739683Z $WIMWV,346.1,T,6.1,N,A*22
2026-05-31T13:27:35.2218668Z $IIHDG,338.0,,,14.0,W*0D
2026-05-31T13:27:35.2701322Z $IIXDR,C,13.1,C,AIRTEMP,A,2.8,D,HEEL,A,0.1,D,TRIM,P,1.015,B,BARO,A,-0.2,D,RUDDER*3B
2026-05-31T13:27:35.3181532Z $IIHDG,337.9,,,14.0,W*0B
2026-05-31T13:27:35.3661920Z $GNGGA,132733,4230.0907,N,07050.4991,W,2,00,0.50,8,M,-32.6,M,,*4F
2026-05-31T13:27:35.4144551Z $GPGLC,9960,,,13928.95,A,25847.49,A,44324.31,A,60280.08,A,,*7A
2026-05-31T13:27:35.4144551Z $IIHDG,337.9,,,14.0,W*0B
2026-05-31T13:27:35.4144551Z $GPGLL,4230.0907,N,07050.4991,W,132733,A,D*5B
2026-05-31T13:27:35.4144551Z $GNGSA,A,3,,,,,,,,,,,,,0.70,0.50,0.50*1B
2026-05-31T13:27:35.4144551Z $GNGSV,3,1,11,01,12,054,,03,37,058,,06,61,249,,11,21,239,*69
2026-05-31T13:27:35.4144551Z $GNGSV,3,2,11,12,07,320,,14,39,166,,17,67,066,,19,68,322,*6F
2026-05-31T13:27:35.4144551Z $GNGSV,3,3,11,22,59,174,,24,13,284,,44,23,237,*54
2026-05-31T13:27:35.4784785Z $IIHDG,337.8,,,14.0,W*0A
2026-05-31T13:27:35.5268970Z $GPRMC,132733,A,4230.0907,N,07050.4991,W,0.2,205.0,310526,14.1,W,D*27
2026-05-31T13:27:35.5750030Z $GPVTG,205.0,T,219.1,M,0.2,N,0.4,K,A*29
2026-05-31T13:27:35.5750030Z $GPZDA,132733,31,05,2026,04,00*4A
2026-05-31T13:27:35.6227109Z $IIHDG,337.8,,,14.0,W*0A
2026-05-31T13:27:35.6708129Z $GPAAM,,,,N,*38
2026-05-31T13:27:35.7188729Z $GPAPB,,,,,,,,,,,,,,,N*26
2026-05-31T13:27:35.7188729Z $IIHDG,337.8,,,14.0,W*0A
2026-05-31T13:27:35.7188729Z $GPBOD,,T,,M,,*47
2026-05-31T13:27:35.7674014Z $GPRMB,,,,,,,,,,,,,,N*04
2026-05-31T13:27:35.8156291Z !AIVDM,1,1,,,15NK=p003trshhpH=NvTECE40000,0*73
2026-05-31T13:27:35.8156291Z $IIHDG,337.7,,,14.0,W*05
2026-05-31T13:27:35.8797662Z $IIHDG,337.7,,,14.0,W*05
2026-05-31T13:27:35.9292507Z $GPXTE,,,,,N,N*5E
2026-05-31T13:27:35.9756108Z $SDDBT,27.6,f,8.4,M,4.6,F*3B
2026-05-31T13:27:36.0250741Z $IIHDG,337.6,,,14.0,W*04
2026-05-31T13:27:36.0250741Z $SDDPT,8.4,0.0,*77
2026-05-31T13:27:36.0250741Z $SDMTW,14.8,C*09
2026-05-31T13:27:36.0250741Z !AIVDM,1,1,,,B52oU<@14nft@@65NbrQ7wP00000,0*31
2026-05-31T13:27:36.0713370Z $SDVLW,,N,39.8,N,3042.4,N,32.5,N*43
2026-05-31T13:27:36.0713370Z $SDVHW,323.4,T,337.5,M,0.0,N,0.0,K*46
2026-05-31T13:27:36.0765623Z !AIVDM,1,1,,,352l5NhPQcrs@M@H>dR1@A340000,0*75
2026-05-31T13:27:36.1196662Z $IIHDG,337.5,,,14.0,W*07
2026-05-31T13:27:36.1736824Z !AIVDM,1,1,,,19NSfbh000rrnu@H>W<3S8G20000,0*45
2026-05-31T13:27:36.1736824Z $WIMWD,311.6,T,325.6,M,5.5,N,2.8,M*57
2026-05-31T13:27:36.1736824Z $WIMWV,348.2,R,5.9,N,A*22
2026-05-31T13:27:36.1736824Z $WIMWV,347.6,T,5.5,N,A*23
2026-05-31T13:27:36.2166164Z $IIHDG,337.4,,,14.0,W*06
2026-05-31T13:27:36.2647135Z $IIXDR,C,13.1,C,AIRTEMP,A,4.4,D,HEEL,A,0.6,D,TRIM,P,1.015,B,BARO,A,-0.4,D,RUDDER*30
2026-05-31T13:27:36.3127872Z $IIHDG,337.3,,,14.0,W*01
2026-05-31T13:27:36.3629214Z $GNGGA,132734,4230.0908,N,07050.4991,W,2,00,0.50,8,M,-32.6,M,,*47
2026-05-31T13:27:36.4104639Z $GPGLC,9960,,,13928.95,A,25847.49,A,44324.31,A,60280.08,A,,*7A
2026-05-31T13:27:36.4104639Z !AIVDM,1,1,,,18IPTf001Nrs@K@H>`VQcQHt0000,0*6F
2026-05-31T13:27:36.4104639Z $IIHDG,337.2,,,14.0,W*00
2026-05-31T13:27:36.4104639Z $GPGLL,4230.0908,N,07050.4991,W,132734,A,D*53
2026-05-31T13:27:36.4552866Z $GNGSA,A,3,,,,,,,,,,,,,0.70,0.50,0.50*1B
2026-05-31T13:27:36.4552866Z $GNGSV,3,1,11,01,12,054,,03,37,058,,06,61,249,,11,21,239,*69
2026-05-31T13:27:36.4552866Z $GNGSV,3,2,11,12,07,320,,14,39,166,,17,67,066,,19,68,322,*6F
2026-05-31T13:27:36.4552866Z $GNGSV,3,3,11,22,59,174,,24,13,284,,44,23,237,*54
2026-05-31T13:27:36.5034969Z $IIHDG,337.1,,,14.0,W*03
2026-05-31T13:27:36.5531180Z $GPRMC,132734,A,4230.0908,N,07050.4991,W,0.2,205.0,310526,14.1,W,D*2F
2026-05-31T13:27:36.5531180Z $GPVTG,205.0,T,219.1,M,0.2,N,0.4,K,A*29
2026-05-31T13:27:36.5994306Z $GPZDA,132734,31,05,2026,04,00*4D
2026-05-31T13:27:36.5994306Z $IIHDG,337.0,,,14.0,W*02
2026-05-31T13:27:36.6480057Z $GPAAM,,,,N,*38
2026-05-31T13:27:36.6959855Z $GPAPB,,,,,,,,,,,,,,,N*26
2026-05-31T13:27:36.6959855Z $IIHDG,336.9,,,14.0,W*0A
2026-05-31T13:27:36.6959855Z $GPBOD,,T,,M,,*47
2026-05-31T13:27:36.7640917Z $GPRMB,,,,,,,,,,,,,,N*04
2026-05-31T13:27:36.8403828Z $IIHDG,336.7,,,14.0,W*04
2026-05-31T13:27:36.9038170Z $GPXTE,,,,,N,N*5E
2026-05-31T13:27:36.9517320Z $IIHDG,336.6,,,14.0,W*05
2026-05-31T13:27:37.0136245Z $SDDBT,27.6,f,8.4,M,4.6,F*3B
2026-05-31T13:27:37.0136245Z $SDDPT,8.4,0.0,*77
2026-05-31T13:27:37.0645937Z $SDMTW,14.8,C*09
2026-05-31T13:27:37.0645937Z $SDVLW,,N,39.8,N,3042.4,N,32.5,N*43
2026-05-31T13:27:37.0645937Z $IIHDG,336.6,,,14.0,W*05
2026-05-31T13:27:37.0645937Z $SDVHW,322.6,T,336.6,M,0.0,N,0.0,K*47
2026-05-31T13:27:37.0645937Z !AIVDM,1,1,,,152Wpn<01FrsJk0H?kBRjB?22000,0*58
2026-05-31T13:27:37.1260216Z $WIMWD,313.2,T,327.3,M,5.2,N,2.7,M*5E
2026-05-31T13:27:37.1900942Z $IIHDG,336.5,,,14.0,W*06
2026-05-31T13:27:37.1970825Z !AIVDM,1,1,,,15NO=iPPP3Jrp00H>WTbj7c80000,0*0C
2026-05-31T13:27:37.1970825Z $WIMWV,350.6,R,5.7,N,A*21
2026-05-31T13:27:37.1970825Z $WIMWV,350.5,T,5.2,N,A*21
2026-05-31T13:27:37.2379748Z $IIHDG,336.4,,,14.0,W*07
2026-05-31T13:27:37.3025116Z !AIVDM,1,1,,,ENk`sl>`@@@@@@@@@@@@@@@@@@@=OTgH<LwsP00000000?,4*70
2026-05-31T13:27:37.3025116Z $IIXDR,C,13.1,C,AIRTEMP,A,2.2,D,HEEL,A,0.2,D,TRIM,P,1.015,B,BARO,A,-0.3,D,RUDDER*33
2026-05-31T13:27:37.3656976Z $GNGGA,132735,4230.0908,N,07050.4990,W,2,00,0.50,9,M,-32.6,M,,*46
2026-05-31T13:27:37.3656976Z $IIHDG,336.4,,,14.0,W*07
2026-05-31T13:27:37.4137681Z $GPGLC,9960,,,13928.95,A,25847.49,A,44324.31,A,60280.08,A,,*7A
2026-05-31T13:27:37.4137681Z $GPGLL,4230.0908,N,07050.4990,W,132735,A,D*53
2026-05-31T13:27:37.4618038Z $GNGSA,A,3,,,,,,,,,,,,,0.70,0.50,0.50*1B
2026-05-31T13:27:37.4618038Z $GNGSV,3,1,11,01,12,054,,03,37,058,,06,61,249,,11,21,239,*69
2026-05-31T13:27:37.4661175Z $GNGSV,3,2,11,12,07,320,,14,39,166,,17,67,066,,19,68,322,*6F
2026-05-31T13:27:37.4661175Z $GNGSV,3,3,11,22,59,174,,24,13,284,,44,23,237,*54
2026-05-31T13:27:37.4661175Z $IIHDG,336.3,,,14.0,W*00
2026-05-31T13:27:37.5175785Z $GPRMC,132735,A,4230.0908,N,07050.4990,W,0.3,205.0,310526,14.1,W,D*2E
2026-05-31T13:27:37.5741812Z $GPVTG,205.0,T,219.1,M,0.3,N,0.5,K,A*29
2026-05-31T13:27:37.5741812Z $IIHDG,336.3,,,14.0,W*00
2026-05-31T13:27:37.5741812Z $GPZDA,132735,31,05,2026,04,00*4C
2026-05-31T13:27:37.6222654Z !AIVDM,1,1,,,H5OBSoTT0000000G4@lljk1@2220,0*5A
2026-05-31T13:27:37.6729944Z $IIHDG,336.2,,,14.0,W*01
2026-05-31T13:27:37.6729944Z $GPAAM,,,,N,*38
2026-05-31T13:27:37.7188618Z $GPAPB,,,,,,,,,,,,,,,N*26
2026-05-31T13:27:37.7188618Z $GPBOD,,T,,M,,*47
2026-05-31T13:27:37.7666414Z $IIHDG,336.2,,,14.0,W*01
2026-05-31T13:27:37.8148999Z $GPRMB,,,,,,,,,,,,,,N*04
2026-05-31T13:27:37.8670070Z $IIHDG,336.1,,,14.0,W*02
2026-05-31T13:27:37.9111644Z $GPXTE,,,,,N,N*5E
2026-05-31T13:27:37.9597684Z $IIHDG,336.0,,,14.0,W*03
2026-05-31T13:27:38.0081600Z $SDDBT,27.6,f,8.4,M,4.6,F*3B
2026-05-31T13:27:38.0081600Z !AIVDM,1,1,,,15N9sFP000rrsoPH@`f9tlq:0000,0*69
2026-05-31T13:27:38.0081600Z $SDDPT,8.4,0.0,*77
2026-05-31T13:27:38.0582533Z $SDMTW,14.8,C*09
2026-05-31T13:27:38.0582533Z $SDVLW,,N,39.8,N,3042.4,N,32.5,N*43
2026-05-31T13:27:38.0582533Z $SDVHW,321.9,T,336.0,M,0.0,N,0.0,K*4D
2026-05-31T13:27:38.0582533Z $IIHDG,336.0,,,14.0,W*03
2026-05-31T13:27:38.1365639Z $WIMWD,312.4,T,326.4,M,5.4,N,2.8,M*56
2026-05-31T13:27:38.1842748Z $IIHDG,335.9,,,14.0,W*09
2026-05-31T13:27:38.1842748Z $WIMWV,350.3,R,5.5,N,A*26
2026-05-31T13:27:38.1842748Z $WIMWV,350.4,T,5.4,N,A*26
2026-05-31T13:27:38.1842748Z !AIVDM,1,1,,,ENk`sl>`@@@@@@@@@@@@@@@@@@@=OTgH<LwsP00000000?,4*70
2026-05-31T13:27:38.2496487Z !AIVDM,1,1,,,15NQsE?P00rtNWhHH3df4?w:2000,0*27
2026-05-31T13:27:38.2974693Z $IIHDG,335.8,,,14.0,W*08
2026-05-31T13:27:38.2974693Z $IIXDR,C,13.1,C,AIRTEMP,A,0.2,D,HEEL,A,0.3,D,TRIM,P,1.015,B,BARO,A,-0.3,D,RUDDER*30
2026-05-31T13:27:38.3472359Z $GNGGA,132736,4230.0906,N,07050.4988,W,2,00,0.50,8,M,-32.6,M,,*43
2026-05-31T13:27:38.3951721Z $IIHDG,335.8,,,14.0,W*08
2026-05-31T13:27:38.3951721Z $GPGLC,9960,,,13928.95,A,25847.49,A,44324.31,A,60280.08,A,,*7A
2026-05-31T13:27:38.4428099Z $GPGLL,4230.0906,N,07050.4988,W,132736,A,D*57
2026-05-31T13:27:38.4428099Z $GNGSA,A,3,,,,,,,,,,,,,0.70,0.50,0.50*1B
2026-05-31T13:27:38.4428099Z $GNGSV,3,1,11,01,12,054,,03,37,058,,06,61,249,,11,21,239,*69
2026-05-31T13:27:38.4428099Z $GNGSV,3,2,11,12,07,320,,14,39,166,,17,67,066,,19,68,322,*6F
2026-05-31T13:27:38.4428099Z $GNGSV,3,3,11,22,59,174,,24,13,284,,44,23,237,*54
2026-05-31T13:27:38.4910454Z !AIVDM,1,1,,,35Ngd70OSkJsA6HH=lQ;V9;<0000,0*41
2026-05-31T13:27:38.4910454Z $IIHDG,335.7,,,14.0,W*07
2026-05-31T13:27:38.5388230Z $GPRMC,132736,A,4230.0907,N,07050.4988,W,0.3,205.0,310526,14.1,W,D*2B
2026-05-31T13:27:38.5388230Z $GPVTG,205.0,T,219.1,M,0.3,N,0.5,K,A*29
2026-05-31T13:27:38.5866990Z $GPZDA,132736,31,05,2026,04,00*4F
2026-05-31T13:27:38.5866990Z $IIHDG,335.6,,,14.0,W*06
2026-05-31T13:27:38.6510919Z $GPAAM,,,,N,*38
2026-05-31T13:27:38.6993477Z $IIHDG,335.5,,,14.0,W*05
2026-05-31T13:27:38.6993477Z $GPAPB,,,,,,,,,,,,,,,N*26
2026-05-31T13:27:38.7476270Z $GPBOD,,T,,M,,*47
2026-05-31T13:27:38.7962503Z $IIHDG,335.4,,,14.0,W*04
2026-05-31T13:27:38.7962503Z $GPRMB,,,,,,,,,,,,,,N*04
2026-05-31T13:27:38.8445301Z $IIHDG,335.4,,,14.0,W*04
2026-05-31T13:27:38.9087933Z $GPXTE,,,,,N,N*5E
2026-05-31T13:27:38.9571924Z $IIHDG,335.3,,,14.0,W*03
2026-05-31T13:27:39.0055435Z $SDDBT,28.0,f,8.5,M,4.6,F*33
2026-05-31T13:27:39.0055435Z $SDDPT,8.6,0.0,*75
2026-05-31T13:27:39.0547397Z $SDMTW,14.8,C*09
2026-05-31T13:27:39.0547397Z $SDVLW,,N,39.8,N,3042.4,N,32.5,N*43
2026-05-31T13:27:39.0547397Z $SDVHW,321.1,T,335.2,M,0.0,N,0.0,K*44
2026-05-31T13:27:39.1017887Z $IIHDG,335.2,,,14.0,W*02
2026-05-31T13:27:39.1500327Z $WIMWD,311.7,T,325.7,M,5.4,N,2.8,M*56
2026-05-31T13:27:39.1981468Z $IIHDG,335.1,,,14.0,W*01
2026-05-31T13:27:39.1981468Z $WIMWV,350.3,R,5.5,N,A*26
2026-05-31T13:27:39.1981468Z $WIMWV,350.3,T,5.4,N,A*21
2026-05-31T13:27:39.2467524Z $IIHDG,335.1,,,14.0,W*01
2026-05-31T13:27:39.3105590Z $IIXDR,C,13.1,C,AIRTEMP,A,1.7,D,HEEL,A,0.4,D,TRIM,P,1.015,B,BARO,A,-0.2,D,RUDDER*32
2026-05-31T13:27:39.3589947Z $GNGGA,132737,4230.0907,N,07050.4989,W,2,00,0.50,8,M,-32.6,M,,*42
2026-05-31T13:27:39.3589947Z $IIHDG,335.0,,,14.0,W*00
2026-05-31T13:27:39.4084343Z $GPGLC,9960,,,13928.95,A,25847.49,A,44324.31,A,60280.08,A,,*7A
2026-05-31T13:27:39.4084343Z $GPGLL,4230.0907,N,07050.4989,W,132737,A,D*56
2026-05-31T13:27:39.4572144Z $GNGSA,A,3,,,,,,,,,,,,,0.70,0.50,0.50*1B
2026-05-31T13:27:39.4572144Z $GNGSV,3,1,11,01,12,054,,03,37,058,,06,61,249,,11,21,239,*69
2026-05-31T13:27:39.4572144Z $GNGSV,3,2,11,12,07,320,,14,39,166,,17,67,066,,19,68,323,*6E
2026-05-31T13:27:39.4572144Z $GNGSV,3,3,11,22,59,174,,24,13,284,,44,23,237,*54
2026-05-31T13:27:39.5055607Z $IIHDG,335.0,,,14.0,W*00
2026-05-31T13:27:39.5516057Z $GPRMC,132737,A,4230.0907,N,07050.4989,W,0.2,205.0,310526,14.1,W,D*2A
2026-05-31T13:27:39.5516057Z $GPVTG,205.0,T,219.1,M,0.2,N,0.4,K,A*29
2026-05-31T13:27:39.5516057Z !AIVDM,1,1,,,15N1c70000JrmvpH?GC<9Ue<0000,0*61
2026-05-31T13:27:39.6000739Z $GPZDA,132737,31,05,2026,04,00*4E
2026-05-31T13:27:39.6000739Z $IIHDG,334.9,,,14.0,W*08
2026-05-31T13:27:39.6485688Z $GPAAM,,,,N,*38
2026-05-31T13:27:39.7125600Z $IIHDG,334.8,,,14.0,W*09
2026-05-31T13:27:39.7125600Z !AIVDM,1,1,,,35NO=iPPP3Jrp00H>WU;`Wc>0000,0*3A
2026-05-31T13:27:39.7125600Z $GPAPB,,,,,,,,,,,,,,,N*26
2026-05-31T13:27:39.7125600Z $GPBOD,,T,,M,,*47
2026-05-31T13:27:39.7605725Z $IIHDG,334.8,,,14.0,W*09
2026-05-31T13:27:39.8086540Z $GPRMB,,,,,,,,,,,,,,N*04
2026-05-31T13:27:39.8563788Z $IIHDG,334.7,,,14.0,W*06
2026-05-31T13:27:39.9207051Z $GPXTE,,,,,N,N*5E
2026-05-31T13:27:39.9688925Z !AIVDM,1,1,,,15NK=p0PSnrshshH=NU4DkC<0000,0*0E
2026-05-31T13:27:39.9728052Z $IIHDG,334.6,,,14.0,W*07
2026-05-31T13:27:40.0231384Z $SDDBT,28.1,f,8.5,M,4.6,F*32
2026-05-31T13:27:40.0231384Z $SDDPT,8.6,0.0,*75
2026-05-31T13:27:40.0659419Z !AIVDM,1,1,,,352l5NhPQdrs@OhH>dtQ?0w<0000,0*5C
2026-05-31T13:27:40.0712082Z $SDMTW,14.8,C*09
2026-05-31T13:27:40.0727275Z $SDVLW,,N,39.8,N,3042.4,N,32.5,N*43
2026-05-31T13:27:40.0727275Z $SDVHW,320.5,T,334.6,M,0.0,N,0.0,K*44
2026-05-31T13:27:40.0727275Z $IIHDG,334.6,,,14.0,W*07
2026-05-31T13:27:40.1138929Z !AIVDM,1,1,,,B52m<Jh006g0Hh65gvkQ3wP00000,0*1C
2026-05-31T13:27:40.1618587Z $WIMWD,313.3,T,327.4,M,5.6,N,2.9,M*52
2026-05-31T13:27:40.1618587Z $WIMWV,352.4,R,5.4,N,A*22
2026-05-31T13:27:40.1618587Z $WIMWV,352.7,T,5.6,N,A*25
2026-05-31T13:27:40.2100455Z $IIHDG,334.5,,,14.0,W*04
2026-05-31T13:27:40.2586390Z $IIHDG,334.4,,,14.0,W*05
2026-05-31T13:27:40.3225796Z $IIXDR,C,13.1,C,AIRTEMP,A,4.6,D,HEEL,A,-0.7,D,TRIM,P,1.015,B,BARO,A,-0.3,D,RUDDER*19
2026-05-31T13:27:40.3739667Z $GNGGA,132738,4230.0906,N,07050.4989,W,2,01,0.50,8,M,-32.6,M,,*4D
2026-05-31T13:27:40.3739667Z $IIHDG,334.4,,,14.0,W*05
2026-05-31T13:27:40.3739667Z $GPGLC,9960,,,13928.95,A,25847.49,A,44324.31,A,60280.08,A,,*7A
2026-05-31T13:27:40.4191119Z $GPGLL,4230.0906,N,07050.4989,W,132738,A,D*58
2026-05-31T13:27:40.4191119Z $GNGSA,A,3,11,,,,,,,,,,,,0.70,0.50,0.50*1B
2026-05-31T13:27:40.4191119Z $GNGSV,3,1,11,01,12,054,,03,37,058,,06,61,249,,11,21,239,40*6D
2026-05-31T13:27:40.4191119Z $GNGSV,3,2,11,12,07,320,,14,39,166,,17,67,066,,19,68,323,*6E
2026-05-31T13:27:40.4191119Z $GNGSV,3,3,11,22,59,174,,24,13,284,,44,23,237,*54
2026-05-31T13:27:40.4675344Z $IIHDG,334.3,,,14.0,W*02
2026-05-31T13:27:40.5157547Z $GPRMC,132738,A,4230.0906,N,07050.4989,W,0.2,205.0,310526,14.1,W,D*24
2026-05-31T13:27:40.5802656Z $GPVTG,205.0,T,219.1,M,0.2,N,0.3,K,A*2E
2026-05-31T13:27:40.5802656Z $GPZDA,132738,31,05,2026,04,00*41
2026-05-31T13:27:40.5802656Z $IIHDG,334.2,,,14.0,W*03
2026-05-31T13:27:40.6447907Z $GPAAM,,,,N,*38
2026-05-31T13:27:40.7099818Z $IIHDG,334.2,,,14.0,W*03
2026-05-31T13:27:40.7099818Z !AIVDM,1,1,,,18I<UK000=rt@0hHC3C1p1hl0000,0*19
2026-05-31T13:27:40.7099818Z $GPAPB,,,,,,,,,,,,,,,N*26
2026-05-31T13:27:40.7099818Z $GPBOD,,T,,M,,*47
2026-05-31T13:27:40.7570529Z $IIHDG,334.1,,,14.0,W*00
2026-05-31T13:27:40.8232059Z $GPRMB,,,,,,,,,,,,,,N*04
2026-05-31T13:27:40.8700615Z $IIHDG,334.1,,,14.0,W*00
2026-05-31T13:27:40.9227108Z $GPXTE,,,,,N,N*5E
2026-05-31T13:27:40.9753233Z $IIHDG,334.0,,,14.0,W*01
2026-05-31T13:27:41.0314586Z $SDDBT,28.0,f,8.5,M,4.6,F*33
2026-05-31T13:27:41.0314586Z $SDDPT,8.6,0.0,*75
2026-05-31T13:27:41.0314586Z $SDMTW,14.8,C*09
2026-05-31T13:27:41.0806297Z $SDVLW,,N,39.8,N,3042.4,N,32.5,N*43
2026-05-31T13:27:41.0806297Z $SDVHW,319.9,T,334.0,M,0.0,N,0.0,K*44
2026-05-31T13:27:41.0806297Z $IIHDG,334.0,,,14.0,W*01
2026-05-31T13:27:41.0806297Z !AIVDM,1,1,,,B52oU<@146ft;N65NTjQSwP00000,0*56
2026-05-31T13:27:41.1277061Z $WIMWD,314.8,T,328.9,M,6.4,N,3.3,M*56
2026-05-31T13:27:41.1921561Z $WIMWV,354.9,R,5.7,N,A*2A
2026-05-31T13:27:41.1921561Z $WIMWV,354.9,T,6.4,N,A*2C
2026-05-31T13:27:41.1921561Z $IIHDG,334.0,,,14.0,W*01
2026-05-31T13:27:41.2700893Z $IIXDR,C,13.1,C,AIRTEMP,A,4.5,D,HEEL,A,-0.2,D,TRIM,P,1.015,B,BARO,A,-0.5,D,RUDDER*19
2026-05-31T13:27:41.3298358Z $IIHDG,333.9,,,14.0,W*0F
2026-05-31T13:27:41.3789054Z $GNGGA,132739,4230.0906,N,07050.4990,W,2,00,0.50,8,M,-32.6,M,,*45
2026-05-31T13:27:41.3789054Z $GPGLC,9960,,,13928.95,A,25847.49,A,44324.31,A,60280.08,A,,*7A
2026-05-31T13:27:41.4267770Z $IIHDG,333.9,,,14.0,W*0F
2026-05-31T13:27:41.4267770Z $GPGLL,4230.0906,N,07050.4990,W,132739,A,D*51
2026-05-31T13:27:41.4267770Z $GNGSA,A,3,,,,,,,,,,,,,0.70,0.50,0.50*1B
2026-05-31T13:27:41.4267770Z $GNGSV,3,1,11,01,12,054,,03,37,058,,06,61,249,,11,21,239,*69
2026-05-31T13:27:41.4267770Z $GNGSV,3,2,11,12,07,320,,14,39,166,,17,67,066,,19,68,323,*6E
2026-05-31T13:27:41.4267770Z $GNGSV,3,3,11,22,59,174,,24,13,284,,44,23,237,*54
2026-05-31T13:27:41.4775321Z $IIHDG,333.9,,,14.0,W*0F
2026-05-31T13:27:41.5372745Z $GPRMC,132739,A,4230.0906,N,07050.4990,W,0.2,205.0,310526,14.1,W,D*2D
2026-05-31T13:27:41.5372745Z $GPVTG,205.0,T,219.1,M,0.2,N,0.3,K,A*2E
2026-05-31T13:27:41.5856192Z $GPZDA,132739,31,05,2026,04,00*40
2026-05-31T13:27:41.5856192Z $IIHDG,333.8,,,14.0,W*0E
2026-05-31T13:27:41.6552857Z $GPAAM,,,,N,*38
2026-05-31T13:27:41.6985361Z $IIHDG,333.8,,,14.0,W*0E
2026-05-31T13:27:41.6985361Z $GPAPB,,,,,,,,,,,,,,,N*26
2026-05-31T13:27:41.7465484Z $GPBOD,,T,,M,,*47
2026-05-31T13:27:41.7946653Z $GPRMB,,,,,,,,,,,,,,N*04
2026-05-31T13:27:41.8592532Z $IIHDG,333.7,,,14.0,W*01
2026-05-31T13:27:41.9073317Z !AIVDM,1,1,,,15NO=nPP00Jrnv0H>WnTI?w>0000,0*05
2026-05-31T13:27:41.9073317Z $GPXTE,,,,,N,N*5E
2026-05-31T13:27:41.9580358Z $IIHDG,333.7,,,14.0,W*01
2026-05-31T13:27:41.9580358Z !AIVDM,1,1,,,35NwCQP014rs>m0HBfSb2p3>0000,0*5F
2026-05-31T13:27:42.0042358Z $SDDBT,27.6,f,8.4,M,4.6,F*3B
2026-05-31T13:27:42.0042358Z $SDDPT,8.4,0.0,*77
2026-05-31T13:27:42.0550206Z !AIVDM,1,1,,,15NK=p0PSrrsi1@H=NHTA3A@0000,0*27
2026-05-31T13:27:42.0550206Z $SDMTW,14.8,C*09
2026-05-31T13:27:42.0550206Z $SDVLW,,N,39.8,N,3042.4,N,32.5,N*43
2026-05-31T13:27:42.0575780Z $IIHDG,333.7,,,14.0,W*01
2026-05-31T13:27:42.0575780Z $SDVHW,319.6,T,333.6,M,0.0,N,0.0,K*4A
2026-05-31T13:27:42.1378901Z $WIMWD,315.1,T,329.1,M,5.9,N,3.0,M*5A
2026-05-31T13:27:42.1814304Z $IIHDG,333.6,,,14.0,W*00
2026-05-31T13:27:42.1814304Z $WIMWV,355.4,R,5.9,N,A*28
2026-05-31T13:27:42.1868236Z $WIMWV,355.5,T,5.9,N,A*2F
2026-05-31T13:27:42.2462370Z $IIHDG,333.6,,,14.0,W*00
2026-05-31T13:27:42.2965175Z $IIXDR,C,13.1,C,AIRTEMP,A,1.9,D,HEEL,A,-0.1,D,TRIM,P,1.015,B,BARO,A,-0.4,D,RUDDER*12
2026-05-31T13:27:42.3436191Z $GNGGA,132740,4230.0907,N,07050.4989,W,2,00,0.50,8,M,-32.6,M,,*42
2026-05-31T13:27:42.3910055Z $IIHDG,333.5,,,14.0,W*03
2026-05-31T13:27:42.3910055Z $GPGLC,9960,,,13928.95,A,25847.49,A,44324.31,A,60280.08,A,,*7A
2026-05-31T13:27:42.4388514Z $GPGLL,4230.0907,N,07050.4989,W,132740,A,D*56
2026-05-31T13:27:42.4388514Z $GNGSA,A,3,,,,,,,,,,,,,0.70,0.50,0.50*1B
2026-05-31T13:27:42.4388514Z $GNGSV,3,1,11,01,12,054,,03,37,058,,06,61,249,,11,21,239,*69
2026-05-31T13:27:42.4388514Z $GNGSV,3,2,11,12,07,320,,14,39,166,,17,67,066,,19,68,323,*6E
2026-05-31T13:27:42.4388514Z $GNGSV,3,3,11,22,59,174,,24,13,284,,44,23,237,*54
2026-05-31T13:27:42.4862378Z $IIHDG,333.5,,,14.0,W*03
2026-05-31T13:27:42.4862378Z !AIVDM,1,1,,,15OGwBPP0oJrl6hH?8BTvOw@0000,0*5C
2026-05-31T13:27:42.5357381Z !AIVDM,1,1,,,15NO=g;P00JrjqhH@10dbOw@2000,0*6D
2026-05-31T13:27:42.5357381Z $GPRMC,132740,A,4230.0907,N,07050.4989,W,0.2,205.0,310526,14.1,W,D*2A
2026-05-31T13:27:42.5824975Z $GPVTG,205.0,T,219.1,M,0.2,N,0.3,K,A*2E
2026-05-31T13:27:42.5824975Z $IIHDG,333.4,,,14.0,W*02
2026-05-31T13:27:42.5891754Z $GPZDA,132740,31,05,2026,04,00*4E
2026-05-31T13:27:42.6306971Z !AIVDM,1,1,,,B52GWL@00>fpPF65BLQe7wP00000,0*19
2026-05-31T13:27:42.6808480Z $IIHDG,333.4,,,14.0,W*02
2026-05-31T13:27:42.6808480Z $GPAAM,,,,N,*38
2026-05-31T13:27:42.7323858Z $GPAPB,,,,,,,,,,,,,,,N*26
2026-05-31T13:27:42.7344024Z !AIVDM,1,1,,,B5OElb00<Ffr<r65FnHCt:000000,0*5A
2026-05-31T13:27:42.7344024Z $GPBOD,,T,,M,,*47
2026-05-31T13:27:42.7744231Z $IIHDG,333.4,,,14.0,W*02
2026-05-31T13:27:42.7744231Z $GPRMB,,,,,,,,,,,,,,N*04
2026-05-31T13:27:42.8389272Z $IIHDG,333.4,,,14.0,W*02
2026-05-31T13:27:42.9026041Z $GPXTE,,,,,N,N*5E
2026-05-31T13:27:42.9503411Z $IIHDG,333.4,,,14.0,W*02
2026-05-31T13:27:42.9980884Z $SDDBT,27.6,f,8.4,M,4.6,F*3B
2026-05-31T13:27:43.0474775Z $SDDPT,8.4,0.0,*77
2026-05-31T13:27:43.0474775Z $SDMTW,14.8,C*09
2026-05-31T13:27:43.0474775Z $SDVLW,,N,39.8,N,3042.4,N,32.5,N*43
2026-05-31T13:27:43.0945535Z $IIHDG,333.3,,,14.0,W*05
2026-05-31T13:27:43.0945535Z $SDVHW,319.3,T,333.3,M,0.0,N,0.0,K*4A
2026-05-31T13:27:43.1430580Z $WIMWD,313.3,T,327.3,M,5.6,N,2.9,M*55
2026-05-31T13:27:43.1913565Z $IIHDG,333.3,,,14.0,W*05
2026-05-31T13:27:43.1913565Z $WIMWV,354.1,R,5.8,N,A*2D
2026-05-31T13:27:43.1913565Z $WIMWV,353.9,T,5.6,N,A*2A
2026-05-31T13:27:43.2431876Z !AIVDM,1,1,,,15PH9T@0h0JrhC@H?SQQvwwB0000,0*7D
2026-05-31T13:27:43.2880949Z $IIHDG,333.3,,,14.0,W*05
2026-05-31T13:27:43.2880949Z $IIXDR,C,13.1,C,AIRTEMP,A,1.0,D,HEEL,A,0.1,D,TRIM,P,1.015,B,BARO,A,-0.3,D,RUDDER*31
2026-05-31T13:27:43.3344982Z $GNGGA,132741,4230.0908,N,07050.4988,W,2,00,0.50,8,M,-32.6,M,,*4D
2026-05-31T13:27:43.3993268Z $IIHDG,333.2,,,14.0,W*04
2026-05-31T13:27:43.3993268Z $GPGLC,9960,,,13928.95,A,25847.49,A,44324.31,A,60280.08,A,,*7A
2026-05-31T13:27:43.4474983Z $GPGLL,4230.0908,N,07050.4988,W,132741,A,D*59
2026-05-31T13:27:43.4474983Z $GNGSA,A,3,,,,,,,,,,,,,0.70,0.50,0.50*1B
2026-05-31T13:27:43.4474983Z $GNGSV,3,1,11,01,12,054,,03,37,058,,06,61,249,,11,21,239,*69
2026-05-31T13:27:43.4474983Z $GNGSV,3,2,11,12,07,320,,14,39,166,,17,67,066,,19,68,323,*6E
2026-05-31T13:27:43.4474983Z $GNGSV,3,3,11,22,59,174,,24,13,284,,44,23,237,*54
2026-05-31T13:27:43.4474983Z !AIVDM,1,1,,,352l5NhOQcrs@QhH>e?Q;A3B0000,0*5F
2026-05-31T13:27:43.4474983Z !AIVDM,1,1,,,15NQUM4P00rrkshH>tr>4?wD2000,0*04
2026-05-31T13:27:43.4955454Z $IIHDG,333.2,,,14.0,W*04
2026-05-31T13:27:43.5467805Z $GPRMC,132741,A,4230.0908,N,07050.4988,W,0.1,205.0,310526,14.1,W,D*26
2026-05-31T13:27:43.5467805Z $GPVTG,205.0,T,219.1,M,0.1,N,0.3,K,A*2D
2026-05-31T13:27:43.5919828Z $IIHDG,333.1,,,14.0,W*07
2026-05-31T13:27:43.5919828Z $GPZDA,132741,31,05,2026,04,00*4F
2026-05-31T13:27:43.6401054Z !AIVDM,1,1,,,15MnF7<00EJrrU`H>gG<EIeF0000,0*72
2026-05-31T13:27:43.6882066Z $GPAAM,,,,N,*38
2026-05-31T13:27:43.6882066Z $IIHDG,333.0,,,14.0,W*06
2026-05-31T13:27:43.6882066Z $GPAPB,,,,,,,,,,,,,,,N*26
2026-05-31T13:27:43.7385419Z $GPBOD,,T,,M,,*47
2026-05-31T13:27:43.7852572Z $IIHDG,333.0,,,14.0,W*06
2026-05-31T13:27:43.7852572Z $GPRMB,,,,,,,,,,,,,,N*04
2026-05-31T13:27:43.8508309Z $IIHDG,332.9,,,14.0,W*0E
2026-05-31T13:27:43.9141869Z $GPXTE,,,,,N,N*5E
2026-05-31T13:27:43.9623563Z $IIHDG,332.8,,,14.0,W*0F
2026-05-31T13:27:44.0105046Z $SDDBT,27.1,f,8.2,M,4.5,F*39
2026-05-31T13:27:44.0105046Z $SDDPT,8.3,0.0,*70
2026-05-31T13:27:44.0590807Z !AIVDM,1,1,,,15NK=p0PSrrsi6hH=N<TAkAD0000,0*20
2026-05-31T13:27:44.0590807Z $SDMTW,14.8,C*09
2026-05-31T13:27:44.0590807Z $SDVLW,,N,39.8,N,3042.4,N,32.5,N*43
2026-05-31T13:27:44.0590807Z $SDVHW,318.7,T,332.8,M,0.0,N,0.0,K*45
2026-05-31T13:27:44.0590807Z $IIHDG,332.8,,,14.0,W*0F
2026-05-31T13:27:44.1395384Z $WIMWD,313.6,T,327.6,M,5.2,N,2.7,M*5F
2026-05-31T13:27:44.1868491Z $IIHDG,332.7,,,14.0,W*00
2026-05-31T13:27:44.1868491Z $WIMWV,354.1,R,5.7,N,A*22
2026-05-31T13:27:44.1868491Z $WIMWV,354.7,T,5.2,N,A*27
2026-05-31T13:27:44.2515482Z $IIHDG,332.6,,,14.0,W*01
2026-05-31T13:27:44.3158649Z $IIXDR,C,13.1,C,AIRTEMP,A,2.8,D,HEEL,A,0.4,D,TRIM,P,1.015,B,BARO,A,-0.3,D,RUDDER*3F
2026-05-31T13:27:44.3643059Z $GNGGA,132742,4230.0908,N,07050.4987,W,2,00,0.50,8,M,-32.6,M,,*41
2026-05-31T13:27:44.3643059Z $IIHDG,332.5,,,14.0,W*02
2026-05-31T13:27:44.4118342Z $GPGLC,9960,,,13928.95,A,25847.49,A,44324.31,A,60280.08,A,,*7A
2026-05-31T13:27:44.4118342Z !AIVDM,1,1,,,15O=hk521BJsGFPH>i;QOQA40000,0*10
2026-05-31T13:27:44.4118342Z $GPGLL,4230.0908,N,07050.4987,W,132742,A,D*55
2026-05-31T13:27:44.4602911Z $GNGSA,A,3,,,,,,,,,,,,,0.70,0.50,0.50*1B
2026-05-31T13:27:44.4602911Z $GNGSV,3,1,11,01,12,054,,03,37,058,,06,61,249,,11,21,239,*69
2026-05-31T13:27:44.4602911Z $GNGSV,3,2,11,12,08,320,,14,39,166,,17,67,066,,19,68,323,*61
2026-05-31T13:27:44.4602911Z $GNGSV,3,3,11,22,58,174,,24,13,284,,44,23,237,*55
2026-05-31T13:27:44.4602911Z $IIHDG,332.5,,,14.0,W*02
2026-05-31T13:27:44.5243428Z !AIVDM,1,1,,,35Ngd70OSmJs@o@H=mBcfICH0000,0*11
2026-05-31T13:27:44.5731993Z $GPRMC,132742,A,4230.0908,N,07050.4987,W,0.2,205.0,310526,14.1,W,D*29
2026-05-31T13:27:44.5731993Z $GPVTG,205.0,T,219.1,M,0.2,N,0.3,K,A*2E
2026-05-31T13:27:44.5731993Z $GPZDA,132742,31,05,2026,04,00*4C
2026-05-31T13:27:44.5731993Z $IIHDG,332.4,,,14.0,W*03
2026-05-31T13:27:44.6538063Z $GPAAM,,,,N,*38
2026-05-31T13:27:44.7021032Z $IIHDG,332.4,,,14.0,W*03
2026-05-31T13:27:44.7021032Z $GPAPB,,,,,,,,,,,,,,,N*26
2026-05-31T13:27:44.7504813Z $GPBOD,,T,,M,,*47
2026-05-31T13:27:44.7988508Z $IIHDG,332.3,,,14.0,W*04
2026-05-31T13:27:44.7988508Z $GPRMB,,,,,,,,,,,,,,N*04
2026-05-31T13:27:44.8631251Z $IIHDG,332.3,,,14.0,W*04
2026-05-31T13:27:44.9116824Z $GPXTE,,,,,N,N*5E
2026-05-31T13:27:44.9597703Z $IIHDG,332.2,,,14.0,W*05
2026-05-31T13:27:45.0258431Z $SDDBT,27.2,f,8.3,M,4.5,F*3B
2026-05-31T13:27:45.0258431Z $SDDPT,8.3,0.0,*70
2026-05-31T13:27:45.0878443Z $SDMTW,14.8,C*09
2026-05-31T13:27:45.0918563Z $SDVLW,,N,39.8,N,3042.4,N,32.5,N*43
2026-05-31T13:27:45.0918563Z $SDVHW,318.1,T,332.1,M,0.0,N,0.0,K*4A
2026-05-31T13:27:45.0918563Z $IIHDG,332.1,,,14.0,W*06
2026-05-31T13:27:45.1363463Z $WIMWD,315.8,T,329.8,M,4.7,N,2.4,M*50
2026-05-31T13:27:45.1883066Z $WIMWV,357.6,R,5.3,N,A*22
2026-05-31T13:27:45.1883066Z $WIMWV,357.4,T,4.7,N,A*23
2026-05-31T13:27:45.1883066Z $IIHDG,332.1,,,14.0,W*06
2026-05-31T13:27:45.2491522Z !AIVDM,1,1,,,ENk`sl>`@@@@@@@@@@@@@@@@@@@=OTgH<LwsP00000000?,4*70
2026-05-31T13:27:45.2969985Z $IIHDG,332.0,,,14.0,W*07
2026-05-31T13:27:45.2969985Z $IIXDR,C,13.1,C,AIRTEMP,A,3.1,D,HEEL,A,0.5,D,TRIM,P,1.015,B,BARO,A,-0.4,D,RUDDER*31
2026-05-31T13:27:45.3455752Z $GNGGA,132743,4230.0910,N,07050.4987,W,2,00,0.50,8,M,-32.6,M,,*49
2026-05-31T13:27:45.3952523Z !AIVDM,1,1,,,19NSfbh000rrnu@H>W:3S8GD0000,0*35
2026-05-31T13:27:45.3952523Z $IIHDG,331.9,,,14.0,W*0D
2026-05-31T13:27:45.3952523Z $GPGLC,9960,,,13928.95,A,25847.49,A,44324.31,A,60280.08,A,,*7A
2026-05-31T13:27:45.4421575Z $GPGLL,4230.0910,N,07050.4987,W,132743,A,D*5D
2026-05-31T13:27:45.4421575Z $GNGSA,A,3,,,,,,,,,,,,,0.70,0.50,0.50*1B
2026-05-31T13:27:45.4421575Z $GNGSV,3,1,11,01,12,054,,03,37,058,,06,61,249,,11,21,239,*69
2026-05-31T13:27:45.4421575Z $GNGSV,3,2,11,12,08,320,,14,39,166,,17,67,066,,19,68,323,*61
2026-05-31T13:27:45.4421575Z $GNGSV,3,3,11,22,58,174,,24,13,284,,44,23,237,*55
2026-05-31T13:27:45.4906431Z $IIHDG,331.8,,,14.0,W*0C
2026-05-31T13:27:45.4906431Z !AIVDM,1,1,,,15NO=dPOP0JroU@H>WlbH5MJ0000,0*53
2026-05-31T13:27:45.5389552Z $GPRMC,132743,A,4230.0910,N,07050.4987,W,0.2,206.0,310526,14.1,W,D*22
2026-05-31T13:27:45.5389552Z $GPVTG,206.0,T,220.1,M,0.2,N,0.4,K,A*20
2026-05-31T13:27:45.5889755Z $GPZDA,132743,31,05,2026,04,00*4D
2026-05-31T13:27:45.5889755Z $IIHDG,331.8,,,14.0,W*0C
2026-05-31T13:27:45.6352016Z !AIVDM,1,1,,,15NKP50000rrsQhH@W44LAqJ0000,0*20
2026-05-31T13:27:45.6848949Z $GPAAM,,,,N,*38
2026-05-31T13:27:45.6891569Z $IIHDG,331.7,,,14.0,W*03
2026-05-31T13:27:45.7327051Z $GPAPB,,,,,,,,,,,,,,,N*26
2026-05-31T13:27:45.7327051Z $GPBOD,,T,,M,,*47
2026-05-31T13:27:45.7796499Z $IIHDG,331.7,,,14.0,W*03
2026-05-31T13:27:45.7796499Z $GPRMB,,,,,,,,,,,,,,N*04
2026-05-31T13:27:45.8436637Z !AIVDM,1,1,,,15NK=p003trsi<HH=N04>3AH0000,0*4B
2026-05-31T13:27:45.9084892Z $IIHDG,331.6,,,14.0,W*02
2026-05-31T13:27:45.9084892Z $GPXTE,,,,,N,N*5E
2026-05-31T13:27:45.9711030Z $IIHDG,331.6,,,14.0,W*02
2026-05-31T13:27:46.0192275Z !AIVDM,1,1,,,15NwCQPOQ1rs>i0HBfNb5H9H0000,0*1D
2026-05-31T13:27:46.0192275Z $SDDBT,27.6,f,8.4,M,4.6,F*3B
2026-05-31T13:27:46.0192275Z $SDDPT,8.4,0.0,*77
2026-05-31T13:27:46.0671272Z $SDMTW,14.8,C*09
2026-05-31T13:27:46.0671272Z $SDVLW,,N,39.8,N,3042.4,N,32.5,N*43
2026-05-31T13:27:46.0671272Z $SDVHW,317.4,T,331.5,M,0.0,N,0.0,K*47
2026-05-31T13:27:46.1153017Z $IIHDG,331.5,,,14.0,W*01
2026-05-31T13:27:46.1638102Z $WIMWD,316.2,T,330.2,M,4.3,N,2.2,M*59
2026-05-31T13:27:46.1638102Z !AIVDM,1,1,,,352l5Nh01crs@S`H>eSQ:Q3H0000,0*3D
2026-05-31T13:27:46.1638102Z $WIMWV,358.7,R,5.0,N,A*2F
2026-05-31T13:27:46.1638102Z $WIMWV,358.8,T,4.3,N,A*24
2026-05-31T13:27:46.2133165Z $IIHDG,331.4,,,14.0,W*00
2026-05-31T13:27:46.2601765Z $IIXDR,C,13.1,C,AIRTEMP,A,1.7,D,HEEL,A,0.1,D,TRIM,P,1.015,B,BARO,A,-0.2,D,RUDDER*37
2026-05-31T13:27:46.3241576Z $IIHDG,331.4,,,14.0,W*00
2026-05-31T13:27:46.3241576Z !AIVDM,1,1,,,B52oU<@15nft7L65NP:R3wP00000,0*36
2026-05-31T13:27:46.3722354Z $GNGGA,132744,4230.0910,N,07050.4986,W,2,01,0.50,8,M,-32.6,M,,*4E
2026-05-31T13:27:46.3722354Z $GPGLC,9960,,,13928.95,A,25847.49,A,44324.31,A,60280.08,A,,*7A
2026-05-31T13:27:46.4202311Z $IIHDG,331.3,,,14.0,W*07
2026-05-31T13:27:46.4202311Z $GPGLL,4230.0910,N,07050.4986,W,132744,A,D*5B
2026-05-31T13:27:46.4202311Z $GNGSA,A,3,01,,,,,,,,,,,,0.70,0.50,0.50*1A
2026-05-31T13:27:46.4202311Z $GNGSV,3,1,11,01,12,054,42,03,37,058,,06,61,249,,11,21,239,*6F
2026-05-31T13:27:46.4202311Z $GNGSV,3,2,11,12,08,320,,14,39,166,,17,67,066,,19,68,323,*61
2026-05-31T13:27:46.4260274Z $GNGSV,3,3,11,22,58,174,,24,13,284,,44,23,237,*55
2026-05-31T13:27:46.4845954Z $IIHDG,331.3,,,14.0,W*07
2026-05-31T13:27:46.5321872Z $GPRMC,132744,A,4230.0910,N,07050.4986,W,0.2,208.0,310526,14.1,W,D*2A
2026-05-31T13:27:46.5813397Z $GPVTG,208.0,T,222.1,M,0.2,N,0.4,K,A*2C
2026-05-31T13:27:46.5843036Z $GPZDA,132744,31,05,2026,04,00*4A
2026-05-31T13:27:46.6297140Z $IIHDG,331.2,,,14.0,W*06
2026-05-31T13:27:46.6767853Z !AIVDM,1,1,,,35Ngd70OSnJs@jHH=mSciqGL0000,0*39
2026-05-31T13:27:46.6767853Z $GPAAM,,,,N,*38
2026-05-31T13:27:46.7250787Z $IIHDG,331.2,,,14.0,W*06
2026-05-31T13:27:46.7250787Z $GPAPB,,,,,,,,,,,,,,,N*26
2026-05-31T13:27:46.7250787Z $GPBOD,,T,,M,,*47
2026-05-31T13:27:46.7730194Z $GPRMB,,,,,,,,,,,,,,N*04
2026-05-31T13:27:46.8548284Z $IIHDG,331.1,,,14.0,W*05
2026-05-31T13:27:46.8548284Z !AIVDM,1,1,,,15MeF10P00JrjtPH@0c9o?wL0000,0*23
2026-05-31T13:27:46.9170964Z $GPXTE,,,,,N,N*5E
2026-05-31T13:27:46.9649948Z !AIVDM,1,1,,,18IPTf001Nrs@O`H>`vQdQIB0000,0*5B
2026-05-31T13:27:46.9649948Z $IIHDG,331.1,,,14.0,W*05
2026-05-31T13:27:47.0130580Z $SDDBT,27.6,f,8.4,M,4.6,F*3B
2026-05-31T13:27:47.0130580Z $SDDPT,8.4,0.0,*77
2026-05-31T13:27:47.0657989Z $SDMTW,14.8,C*09
2026-05-31T13:27:47.0657989Z $SDVLW,,N,39.8,N,3042.4,N,32.5,N*43
2026-05-31T13:27:47.0678148Z $SDVHW,317.0,T,331.0,M,0.0,N,0.0,K*46
2026-05-31T13:27:47.0678148Z $IIHDG,331.0,,,14.0,W*04
2026-05-31T13:27:47.1263834Z $WIMWD,315.0,T,329.1,M,4.0,N,2.1,M*53
2026-05-31T13:27:47.1925335Z $WIMWV,358.2,R,4.7,N,A*2C
2026-05-31T13:27:47.1925335Z $WIMWV,358.4,T,4.0,N,A*2B
2026-05-31T13:27:47.1925335Z $IIHDG,331.0,,,14.0,W*04
2026-05-31T13:27:47.1925335Z !AIVDM,1,1,,,15NO=iP003JrowhH>WW<eogL0000,0*76
2026-05-31T13:27:47.2710630Z $IIHDG,330.9,,,14.0,W*0C
2026-05-31T13:27:47.3191472Z $IIXDR,C,13.1,C,AIRTEMP,A,1.6,D,HEEL,A,0.0,D,TRIM,P,1.015,B,BARO,A,-0.4,D,RUDDER*31
2026-05-31T13:27:47.3673381Z $GNGGA,132745,4230.0910,N,07050.4985,W,2,00,0.50,8,M,-32.6,M,,*4D
2026-05-31T13:27:47.3673381Z $IIHDG,330.8,,,14.0,W*0D
2026-05-31T13:27:47.4151135Z $GPGLC,9960,,,13928.95,A,25847.49,A,44324.31,A,60280.08,A,,*7A
2026-05-31T13:27:47.4151135Z $GPGLL,4230.0910,N,07050.4985,W,132745,A,D*59
2026-05-31T13:27:47.4634943Z $GNGSA,A,3,,,,,,,,,,,,,0.70,0.50,0.50*1B
2026-05-31T13:27:47.4634943Z $GNGSV,3,1,11,01,12,054,,03,37,058,,06,61,249,,11,21,239,*69
2026-05-31T13:27:47.4634943Z $GNGSV,3,2,11,12,08,320,,14,39,166,,17,67,066,,19,68,323,*61
2026-05-31T13:27:47.4634943Z $GNGSV,3,3,11,22,58,174,,24,13,284,,44,23,237,*55
2026-05-31T13:27:47.5114686Z $IIHDG,330.7,,,14.0,W*02
2026-05-31T13:27:47.5114686Z !AIVDM,1,1,,,352l5Nh01crs@T@H>ebQ;i3J0000,0*10
2026-05-31T13:27:47.5646593Z $GPRMC,132745,A,4230.0911,N,07050.4986,W,0.2,208.0,310526,14.1,W,D*2A
2026-05-31T13:27:47.5646593Z $GPVTG,208.0,T,222.1,M,0.2,N,0.4,K,A*2C
2026-05-31T13:27:47.5646593Z $GPZDA,132745,31,05,2026,04,00*4B
2026-05-31T13:27:47.6074441Z $IIHDG,330.7,,,14.0,W*02
2026-05-31T13:27:47.6567158Z $GPAAM,,,,N,*38
2026-05-31T13:27:47.7031502Z $IIHDG,330.6,,,14.0,W*03
2026-05-31T13:27:47.7031502Z $GPAPB,,,,,,,,,,,,,,,N*26
2026-05-31T13:27:47.7514950Z !AIVDM,1,1,,,15N9sFP001rrsoPH@`f9oToN0000,0*21
2026-05-31T13:27:47.7514950Z $GPBOD,,T,,M,,*47
2026-05-31T13:27:47.7514950Z !AIVDM,1,1,,,15NK=p003rrsiAhH=Mm4ASAL0000,0*55
2026-05-31T13:27:47.7996430Z $IIHDG,330.5,,,14.0,W*00
2026-05-31T13:27:47.7996430Z $GPRMB,,,,,,,,,,,,,,N*04
2026-05-31T13:27:47.8641196Z $IIHDG,330.4,,,14.0,W*01
2026-05-31T13:27:47.9287637Z $GPXTE,,,,,N,N*5E
2026-05-31T13:27:47.9767342Z !AIVDM,1,1,,,152Wpn<01GrsJu`H?k`2j2?H2000,0*5F
2026-05-31T13:27:47.9767342Z $IIHDG,330.4,,,14.0,W*01
2026-05-31T13:27:48.0246947Z $SDDBT,27.6,f,8.4,M,4.6,F*3B
2026-05-31T13:27:48.0246947Z $SDDPT,8.4,0.0,*77
2026-05-31T13:27:48.0730003Z $SDMTW,14.8,C*09
2026-05-31T13:27:48.0730003Z $SDVLW,,N,39.8,N,3042.4,N,32.5,N*43
2026-05-31T13:27:48.0730003Z !AIVDM,1,1,,,35NwCQPOPtrs>g`HBfLb6H?L0000,0*06
2026-05-31T13:27:48.0730003Z $SDVHW,316.3,T,330.3,M,0.0,N,0.0,K*46
2026-05-31T13:27:48.0730003Z $IIHDG,330.3,,,14.0,W*06
2026-05-31T13:27:48.1391032Z $WIMWD,317.1,T,331.1,M,3.8,N,1.9,M*5D
2026-05-31T13:27:48.1848483Z $WIMWV,0.9,R,4.3,N,A*2D
2026-05-31T13:27:48.1848483Z $WIMWV,1.4,T,3.8,N,A*2B
2026-05-31T13:27:48.1848483Z $IIHDG,330.3,,,14.0,W*06
2026-05-31T13:27:48.2648352Z $IIXDR,C,13.1,C,AIRTEMP,A,3.0,D,HEEL,A,-0.1,D,TRIM,P,1.015,B,BARO,A,-0.3,D,RUDDER*1E
2026-05-31T13:27:48.3287975Z $IIHDG,330.2,,,14.0,W*07
2026-05-31T13:27:48.3774894Z $GNGGA,132746,4230.0911,N,07050.4986,W,2,00,0.50,8,M,-32.6,M,,*4C
2026-05-31T13:27:48.3774894Z $GPGLC,9960,,,13928.95,A,25847.49,A,44324.31,A,60280.08,A,,*7A
2026-05-31T13:27:48.4246331Z $IIHDG,330.1,,,14.0,W*04
2026-05-31T13:27:48.4246331Z $GPGLL,4230.0911,N,07050.4986,W,132746,A,D*58
2026-05-31T13:27:48.4246331Z $GNGSA,A,3,,,,,,,,,,,,,0.70,0.50,0.50*1B
2026-05-31T13:27:48.4246331Z $GNGSV,3,1,11,01,12,054,,03,37,058,,06,61,249,,11,21,239,*69
2026-05-31T13:27:48.4246331Z $GNGSV,3,2,11,12,08,320,,14,39,166,,17,67,066,,19,68,323,*61
2026-05-31T13:27:48.4246331Z $GNGSV,3,3,11,22,58,174,,24,13,284,,44,23,237,*55
2026-05-31T13:27:48.4725678Z $IIHDG,330.1,,,14.0,W*04
2026-05-31T13:27:48.5384411Z $GPRMC,132746,A,4230.0911,N,07050.4986,W,0.2,208.0,310526,14.1,W,D*29
2026-05-31T13:27:48.5844853Z $GPVTG,208.0,T,222.1,M,0.2,N,0.3,K,A*2B
2026-05-31T13:27:48.5844853Z $GPZDA,132746,31,05,2026,04,00*48
2026-05-31T13:27:48.5844853Z $IIHDG,330.0,,,14.0,W*05
2026-05-31T13:27:48.6494281Z $GPAAM,,,,N,*38
2026-05-31T13:27:48.7145026Z $IIHDG,330.0,,,14.0,W*05
2026-05-31T13:27:48.7145026Z $GPAPB,,,,,,,,,,,,,,,N*26
2026-05-31T13:27:48.7174237Z $GPBOD,,T,,M,,*47
2026-05-31T13:27:48.7773722Z $GPRMB,,,,,,,,,,,,,,N*04
2026-05-31T13:27:48.8265541Z $IIHDG,329.9,,,14.0,W*04
2026-05-31T13:27:48.8265541Z !AIVDM,1,1,,,35Ngd70OSoJs@ePH=mn;n9IP0000,0*17
2026-05-31T13:27:48.8939126Z !AIVDM,1,1,,,15NQsE?P00rtNWhHH3c<3?wN2000,0*09
2026-05-31T13:27:48.8959335Z $IIHDG,329.8,,,14.0,W*05
2026-05-31T13:27:48.9388642Z $GPXTE,,,,,N,N*5E
2026-05-31T13:27:48.9863973Z $IIHDG,329.7,,,14.0,W*0A
2026-05-31T13:27:48.9863973Z $SDDBT,27.9,f,8.5,M,4.6,F*35
2026-05-31T13:27:49.0344415Z $SDDPT,8.5,0.0,*76
2026-05-31T13:27:49.0344415Z $SDMTW,14.8,C*09
2026-05-31T13:27:49.0825242Z $SDVLW,,N,39.8,N,3042.4,N,32.5,N*43
2026-05-31T13:27:49.0825242Z $SDVHW,315.6,T,329.6,M,0.0,N,0.0,K*4D
2026-05-31T13:27:49.0825242Z !AIVDM,1,1,,,352l5NhPQcrs@UPH>enQ;i1N0000,0*0B
2026-05-31T13:27:49.1311213Z $IIHDG,329.6,,,14.0,W*0B
2026-05-31T13:27:49.1792444Z $WIMWD,319.3,T,333.4,M,3.6,N,1.9,M*58
2026-05-31T13:27:49.1792444Z $WIMWV,3.5,R,4.1,N,A*20
2026-05-31T13:27:49.1792444Z $WIMWV,3.5,T,3.6,N,A*26
2026-05-31T13:27:49.2272399Z $IIHDG,329.5,,,14.0,W*08
2026-05-31T13:27:49.2760701Z $IIXDR,C,13.1,C,AIRTEMP,A,3.3,D,HEEL,A,-0.1,D,TRIM,P,1.015,B,BARO,A,-0.3,D,RUDDER*1D
2026-05-31T13:27:49.3229620Z $IIHDG,329.4,,,14.0,W*09
2026-05-31T13:27:49.3721749Z $GNGGA,132747,4230.0912,N,07050.4986,W,2,00,0.50,8,M,-32.6,M,,*4E
2026-05-31T13:27:49.4200255Z $GPGLC,9960,,,13928.95,A,25847.49,A,44324.31,A,60280.08,A,,*7A
2026-05-31T13:27:49.4200255Z $IIHDG,329.4,,,14.0,W*09
2026-05-31T13:27:49.4200255Z $GPGLL,4230.0912,N,07050.4986,W,132747,A,D*5A
2026-05-31T13:27:49.4200255Z $GNGSA,A,3,,,,,,,,,,,,,0.70,0.50,0.50*1B
2026-05-31T13:27:49.4200255Z $GNGSV,3,1,11,01,12,054,,03,37,058,,06,61,249,,11,21,239,*69
2026-05-31T13:27:49.4200255Z $GNGSV,3,2,11,12,08,320,,14,39,166,,17,67,066,,19,68,323,*61
2026-05-31T13:27:49.4200255Z $GNGSV,3,3,11,22,58,174,,24,13,284,,44,23,237,*55
2026-05-31T13:27:49.4830591Z $IIHDG,329.3,,,14.0,W*0E
2026-05-31T13:27:49.5313192Z $GPRMC,132747,A,4230.0912,N,07050.4987,W,0.2,208.0,310526,14.1,W,D*2A
2026-05-31T13:27:49.5818089Z $GPVTG,208.0,T,222.1,M,0.2,N,0.3,K,A*2B
2026-05-31T13:27:49.5838248Z $GPZDA,132747,31,05,2026,04,00*49
2026-05-31T13:27:49.6280035Z $IIHDG,329.2,,,14.0,W*0F
2026-05-31T13:27:49.6760429Z $GPAAM,,,,N,*38
2026-05-31T13:27:49.7237506Z $IIHDG,329.1,,,14.0,W*0C
2026-05-31T13:27:49.7237506Z $GPAPB,,,,,,,,,,,,,,,N*26
2026-05-31T13:27:49.7237506Z $GPBOD,,T,,M,,*47
2026-05-31T13:27:49.7716590Z $GPRMB,,,,,,,,,,,,,,N*04
2026-05-31T13:27:49.8199511Z $IIHDG,329.1,,,14.0,W*0C
2026-05-31T13:27:49.8684406Z !AIVDM,1,1,,,35NO=iP003JrowhH>WWe0ogR0000,0*66
2026-05-31T13:27:49.9166794Z $IIHDG,329.0,,,14.0,W*0D
2026-05-31T13:27:49.9166794Z $GPXTE,,,,,N,N*5E
2026-05-31T13:27:49.9816423Z $IIHDG,329.0,,,14.0,W*0D
2026-05-31T13:27:50.0330828Z $SDDBT,27.6,f,8.4,M,4.6,F*3B
2026-05-31T13:27:50.0350945Z $SDDPT,8.4,0.0,*77
2026-05-31T13:27:50.0350945Z $SDMTW,14.8,C*09
2026-05-31T13:27:50.0799676Z $SDVLW,,N,39.8,N,3042.4,N,32.5,N*43
2026-05-31T13:27:50.0820112Z $SDVHW,314.8,T,328.9,M,0.0,N,0.0,K*4C
2026-05-31T13:27:50.0820112Z !AIVDM,1,1,,,15NK=p003trsiGPH=MaTB3AP0000,0*7E
2026-05-31T13:27:50.1438301Z $IIHDG,328.9,,,14.0,W*05
2026-05-31T13:27:50.2052596Z $WIMWD,320.3,T,334.3,M,3.7,N,1.9,M*53
2026-05-31T13:27:50.2052596Z $WIMWV,5.3,R,3.9,N,A*2F
2026-05-31T13:27:50.2052596Z $WIMWV,5.3,T,3.7,N,A*27
2026-05-31T13:27:50.2052596Z !AIVDM,1,1,,,E>k`vt<r0h@@@@@@@@@@@@@@@@@=MwTH<E=u@00000000?,4*12
2026-05-31T13:27:50.2052596Z $IIHDG,328.8,,,14.0,W*04
2026-05-31T13:27:50.2846566Z $IIXDR,C,13.1,C,AIRTEMP,A,2.5,D,HEEL,A,-0.2,D,TRIM,P,1.015,B,BARO,A,-0.3,D,RUDDER*19
2026-05-31T13:27:50.3325478Z $IIHDG,328.8,,,14.0,W*04
2026-05-31T13:27:50.3803168Z $GNGGA,132748,4230.0912,N,07050.4986,W,2,00,0.50,8,M,-32.6,M,,*41
2026-05-31T13:27:50.3803168Z $GPGLC,9960,,,13928.95,A,25847.49,A,44324.31,A,60280.08,A,,*7A
2026-05-31T13:27:50.4281077Z $IIHDG,328.7,,,14.0,W*0B
2026-05-31T13:27:50.4281077Z $GPGLL,4230.0912,N,07050.4986,W,132748,A,D*55
2026-05-31T13:27:50.4281077Z $GNGSA,A,3,,,,,,,,,,,,,0.70,0.50,0.50*1B
2026-05-31T13:27:50.4281077Z $GNGSV,3,1,11,01,12,054,,03,37,058,,06,61,249,,11,21,239,*69
2026-05-31T13:27:50.4281077Z $GNGSV,3,2,11,12,08,320,,14,39,166,,17,67,066,,19,68,323,*61
2026-05-31T13:27:50.4281077Z $GNGSV,3,3,11,22,58,174,,24,13,284,,44,23,237,*55
2026-05-31T13:27:50.4924161Z $IIHDG,328.7,,,14.0,W*0B
2026-05-31T13:27:50.5408818Z $GPRMC,132748,A,4230.0912,N,07050.4986,W,0.1,208.0,310526,14.1,W,D*27
2026-05-31T13:27:50.5893746Z $GPVTG,208.0,T,222.1,M,0.1,N,0.3,K,A*28
2026-05-31T13:27:50.5893746Z $GPZDA,132748,31,05,2026,04,00*46
2026-05-31T13:27:50.6369589Z $IIHDG,328.6,,,14.0,W*0A
2026-05-31T13:27:50.6849303Z $GPAAM,,,,N,*38
2026-05-31T13:27:50.7327742Z $GPAPB,,,,,,,,,,,,,,,N*26
2026-05-31T13:27:50.7327742Z $IIHDG,328.5,,,14.0,W*09
2026-05-31T13:27:50.7327742Z $GPBOD,,T,,M,,*47
2026-05-31T13:27:50.7812039Z $GPRMB,,,,,,,,,,,,,,N*04
2026-05-31T13:27:50.8300193Z $IIHDG,328.4,,,14.0,W*08
2026-05-31T13:27:50.8942159Z $IIHDG,328.4,,,14.0,W*08
2026-05-31T13:27:50.9425140Z $GPXTE,,,,,N,N*5E
2026-05-31T13:27:50.9903181Z $SDDBT,27.6,f,8.4,M,4.6,F*3B
2026-05-31T13:27:51.0387230Z $IIHDG,328.3,,,14.0,W*0F
2026-05-31T13:27:51.0387230Z $SDDPT,8.4,0.0,*77
2026-05-31T13:27:51.0387230Z !AIVDM,1,1,,,B52oU<@15Fft3R65NKbR3wP00000,0*47
2026-05-31T13:27:51.0387230Z $SDMTW,14.8,C*09
2026-05-31T13:27:51.0867624Z $SDVLW,,N,39.8,N,3042.4,N,32.5,N*43
2026-05-31T13:27:51.0867624Z $SDVHW,314.1,T,328.2,M,0.0,N,0.0,K*4E
2026-05-31T13:27:51.1351196Z $IIHDG,328.2,,,14.0,W*0E
2026-05-31T13:27:51.1832125Z $WIMWD,319.6,T,333.6,M,3.7,N,1.9,M*5E
2026-05-31T13:27:51.1832125Z $WIMWV,5.2,R,3.8,N,A*2F
2026-05-31T13:27:51.1832125Z $WIMWV,5.2,T,3.7,N,A*26
2026-05-31T13:27:51.2316509Z $IIHDG,328.1,,,14.0,W*0D
2026-05-31T13:27:51.2873312Z !AIVDM,1,1,,,18I<UK000=rt@1`HC3I1eii80000,0*02
2026-05-31T13:27:51.2873312Z $IIXDR,C,13.1,C,AIRTEMP,A,1.8,D,HEEL,A,0.2,D,TRIM,P,1.015,B,BARO,A,-0.2,D,RUDDER*3B
2026-05-31T13:27:51.2873312Z !AIVDM,1,1,,,34`a2<5000rrmG@H>agbNpGR0000,0*39
2026-05-31T13:27:51.3365172Z $IIHDG,328.1,,,14.0,W*0D
2026-05-31T13:27:51.3838918Z $GNGGA,132749,4230.0912,N,07050.4986,W,2,00,0.50,8,M,-32.6,M,,*40
2026-05-31T13:27:51.3838918Z $GPGLC,9960,,,13928.95,A,25847.49,A,44324.31,A,60280.08,A,,*7A
2026-05-31T13:27:51.4332469Z $IIHDG,328.0,,,14.0,W*0C
2026-05-31T13:27:51.4381424Z $GPGLL,4230.0912,N,07050.4986,W,132749,A,D*54
2026-05-31T13:27:51.4381424Z $GNGSA,A,3,,,,,,,,,,,,,0.70,0.50,0.50*1B
2026-05-31T13:27:51.4381424Z $GNGSV,3,1,11,01,12,054,,03,37,058,,06,61,249,,11,21,239,*69
2026-05-31T13:27:51.4381424Z $GNGSV,3,2,11,12,08,320,,14,39,166,,17,67,066,,19,68,323,*61
2026-05-31T13:27:51.4381424Z $GNGSV,3,3,11,22,58,174,,24,13,284,,44,23,237,*55
2026-05-31T13:27:51.4965666Z $IIHDG,328.0,,,14.0,W*0C
2026-05-31T13:27:51.5447773Z $GPRMC,132749,A,4230.0912,N,07050.4986,W,0.1,208.0,310526,14.1,W,D*26
2026-05-31T13:27:51.5929986Z $GPVTG,208.0,T,222.1,M,0.1,N,0.3,K,A*28
2026-05-31T13:27:51.5929986Z $GPZDA,132749,31,05,2026,04,00*47
2026-05-31T13:27:51.6415040Z $IIHDG,328.0,,,14.0,W*0C
2026-05-31T13:27:51.6415040Z !AIVDM,1,1,,,1;KMsk@P00Jrh48H?W>006WT0000,0*14
2026-05-31T13:27:51.6896922Z $GPAAM,,,,N,*38
2026-05-31T13:27:51.7378496Z $GPAPB,,,,,,,,,,,,,,,N*26
2026-05-31T13:27:51.7378496Z $IIHDG,327.9,,,14.0,W*0A
2026-05-31T13:27:51.7378496Z $GPBOD,,T,,M,,*47
2026-05-31T13:27:51.7877022Z $GPRMB,,,,,,,,,,,,,,N*04
2026-05-31T13:27:51.8494645Z $IIHDG,327.9,,,14.0,W*0A
2026-05-31T13:27:51.9139885Z $GPXTE,,,,,N,N*5E
2026-05-31T13:27:51.9622513Z $IIHDG,327.7,,,14.0,W*04
2026-05-31T13:27:52.0158421Z $SDDBT,27.6,f,8.4,M,4.6,F*3B
2026-05-31T13:27:52.0158421Z $SDDPT,8.4,0.0,*77
2026-05-31T13:27:52.0567924Z $SDMTW,14.8,C*09
2026-05-31T13:27:52.0567924Z $IIHDG,327.7,,,14.0,W*04
2026-05-31T13:27:52.0567924Z $SDVLW,,N,39.8,N,3042.4,N,32.5,N*43
2026-05-31T13:27:52.0567924Z !AIVDM,1,1,,,15NO=g;P00JrjqhH@10dbOwT2000,0*79
2026-05-31T13:27:52.0567924Z $SDVHW,313.7,T,327.7,M,0.0,N,0.0,K*45
2026-05-31T13:27:52.1372265Z $WIMWD,317.6,T,331.6,M,4.0,N,2.0,M*58
2026-05-31T13:27:52.1857825Z $IIHDG,327.6,,,14.0,W*05
2026-05-31T13:27:52.1857825Z $WIMWV,3.8,R,3.8,N,A*23
2026-05-31T13:27:52.1857825Z $WIMWV,3.8,T,4.0,N,A*2A
2026-05-31T13:27:52.2340155Z $IIHDG,327.6,,,14.0,W*05
2026-05-31T13:27:52.2996483Z $IIXDR,C,13.1,C,AIRTEMP,A,2.3,D,HEEL,A,0.2,D,TRIM,P,1.015,B,BARO,A,-0.3,D,RUDDER*32
2026-05-31T13:27:52.2996483Z !AIVDM,1,1,,,15NO=nPP00Jrnv0H>WmSf?wT0000,0*44
2026-05-31T13:27:52.3461572Z $IIHDG,327.5,,,14.0,W*06
2026-05-31T13:27:52.3942675Z $GNGGA,132750,4230.0912,N,07050.4986,W,2,01,0.50,8,M,-32.6,M,,*49
2026-05-31T13:27:52.3942675Z $GPGLC,9960,,,13928.95,A,25847.49,A,44324.31,A,60280.08,A,,*7A
2026-05-31T13:27:52.4422088Z $GPGLL,4230.0912,N,07050.4986,W,132750,A,D*5C
2026-05-31T13:27:52.4422088Z $GNGSA,A,3,44,,,,,,,,,,,,0.70,0.50,0.50*1B
2026-05-31T13:27:52.4422088Z $GNGSV,3,1,11,01,12,054,,03,37,058,,06,61,249,,11,21,239,*69
2026-05-31T13:27:52.4422088Z $GNGSV,3,2,11,12,08,320,,14,39,166,,17,67,066,,19,68,323,*61
2026-05-31T13:27:52.4422088Z $GNGSV,3,3,11,22,58,174,,24,13,284,,44,23,237,36*50
2026-05-31T13:27:52.4422088Z !AIVDM,1,1,,,352l5NhPQcrs@W`H>f;1<A1T0000,0*3A
2026-05-31T13:27:52.4422088Z $IIHDG,327.4,,,14.0,W*07
2026-05-31T13:27:52.4902286Z !AIVDM,1,1,,,15Ngd70OSsJs@T8H=nNcuqO`0000,0*4E
2026-05-31T13:27:52.5571011Z !AIVDM,1,1,,,352l5Nh01crs@W`H>f;1<A1T0000,0*3A
2026-05-31T13:27:52.5571011Z $GPRMC,132750,A,4230.0912,N,07050.4986,W,0.1,208.0,310526,14.1,W,D*2E
2026-05-31T13:27:52.5571011Z $IIHDG,327.4,,,14.0,W*07
2026-05-31T13:27:52.5571011Z $GPVTG,208.0,T,222.1,M,0.1,N,0.3,K,A*28
2026-05-31T13:27:52.6016869Z $GPZDA,132750,31,05,2026,04,00*4F
2026-05-31T13:27:52.6497263Z !AIVDM,1,1,,,B52oqR@006g0L665hF3Q3wP00000,0*5E
2026-05-31T13:27:52.6497263Z $IIHDG,327.3,,,14.0,W*00
2026-05-31T13:27:52.6977810Z $GPAAM,,,,N,*38
2026-05-31T13:27:52.6977810Z $GPAPB,,,,,,,,,,,,,,,N*26
2026-05-31T13:27:52.7463631Z $GPBOD,,T,,M,,*47
2026-05-31T13:27:52.7463631Z $IIHDG,327.3,,,14.0,W*00
2026-05-31T13:27:52.7947688Z $GPRMB,,,,,,,,,,,,,,N*04
2026-05-31T13:27:52.8426754Z $IIHDG,327.2,,,14.0,W*01
2026-05-31T13:27:52.9095081Z $GPXTE,,,,,N,N*5E
2026-05-31T13:27:52.9549790Z $IIHDG,327.2,,,14.0,W*01
2026-05-31T13:27:53.0029293Z $SDDBT,27.6,f,8.4,M,4.6,F*3B
2026-05-31T13:27:53.0029293Z $SDDPT,8.4,0.0,*77
2026-05-31T13:27:53.0538126Z $SDMTW,14.8,C*09
2026-05-31T13:27:53.0538126Z $SDVLW,,N,39.8,N,3042.4,N,32.5,N*43
2026-05-31T13:27:53.0538126Z $IIHDG,327.1,,,14.0,W*02
2026-05-31T13:27:53.0986712Z $SDVHW,313.1,T,327.1,M,0.0,N,0.0,K*45
2026-05-31T13:27:53.1466337Z $WIMWD,317.2,T,331.3,M,4.2,N,2.1,M*5A
2026-05-31T13:27:53.1944448Z $IIHDG,327.1,,,14.0,W*02
2026-05-31T13:27:53.1944448Z $WIMWV,4.0,R,3.9,N,A*2D
2026-05-31T13:27:53.1944448Z $WIMWV,4.0,T,4.2,N,A*27
2026-05-31T13:27:53.2422215Z !AIVDM,1,1,,,ENk`sl>`@@@@@@@@@@@@@@@@@@@=OTgH<LwsP00000000?,4*70
2026-05-31T13:27:53.3062350Z $IIHDG,327.0,,,14.0,W*03
2026-05-31T13:27:53.3062350Z $IIXDR,C,13.1,C,AIRTEMP,A,3.0,D,HEEL,A,0.4,D,TRIM,P,1.015,B,BARO,A,-0.2,D,RUDDER*37
2026-05-31T13:27:53.3539718Z $GNGGA,132751,4230.0913,N,07050.4987,W,2,00,0.50,8,M,-32.6,M,,*49
2026-05-31T13:27:53.4024652Z $IIHDG,327.0,,,14.0,W*03
2026-05-31T13:27:53.4024652Z $GPGLC,9960,,,13928.95,A,25847.49,A,44324.31,A,60280.08,A,,*7A
2026-05-31T13:27:53.4503077Z $GPGLL,4230.0913,N,07050.4987,W,132751,A,D*5D
2026-05-31T13:27:53.4503077Z $GNGSA,A,3,,,,,,,,,,,,,0.70,0.50,0.50*1B
2026-05-31T13:27:53.4503077Z $GNGSV,3,1,10,01,12,054,,03,37,058,,06,61,249,,11,21,239,*68
2026-05-31T13:27:53.4503077Z $GNGSV,3,2,10,12,08,320,,14,39,166,,17,67,066,,19,68,323,*60
2026-05-31T13:27:53.4503077Z $GNGSV,3,3,10,22,58,174,,24,13,284,*63
2026-05-31T13:27:53.4987390Z $IIHDG,327.0,,,14.0,W*03
2026-05-31T13:27:53.5474075Z $GPRMC,132751,A,4230.0913,N,07050.4987,W,0.2,208.0,310526,14.1,W,D*2C
2026-05-31T13:27:53.5474075Z $GPVTG,208.0,T,222.1,M,0.2,N,0.3,K,A*2B
2026-05-31T13:27:53.5953518Z $IIHDG,326.9,,,14.0,W*0B
2026-05-31T13:27:53.5953518Z $GPZDA,132751,31,05,2026,04,00*4E
2026-05-31T13:27:53.6442970Z !AIVDM,1,1,,,35NO=iPPP4JrowPH>W`droeb0000,0*1F
2026-05-31T13:27:53.6914844Z $IIHDG,326.8,,,14.0,W*0A
2026-05-31T13:27:53.6914844Z $GPAAM,,,,N,*38
2026-05-31T13:27:53.6914844Z $GPAPB,,,,,,,,,,,,,,,N*26
2026-05-31T13:27:53.7393251Z $GPBOD,,T,,M,,*47
2026-05-31T13:27:53.7872120Z $IIHDG,326.8,,,14.0,W*0A
2026-05-31T13:27:53.7872120Z $GPRMB,,,,,,,,,,,,,,N*04
2026-05-31T13:27:53.8596044Z $IIHDG,326.7,,,14.0,W*05
2026-05-31T13:27:53.8991815Z $GPXTE,,,,,N,N*5E
2026-05-31T13:27:53.9635844Z $IIHDG,326.6,,,14.0,W*04
2026-05-31T13:27:54.0127721Z $SDDBT,27.6,f,8.4,M,4.6,F*3B
2026-05-31T13:27:54.0127721Z $SDDPT,8.4,0.0,*77
2026-05-31T13:27:54.0598135Z $SDMTW,14.8,C*09
2026-05-31T13:27:54.0598135Z $SDVLW,,N,39.8,N,3042.4,N,32.5,N*43
2026-05-31T13:27:54.0598135Z $SDVHW,312.5,T,326.6,M,0.0,N,0.0,K*46
2026-05-31T13:27:54.1081899Z $IIHDG,326.6,,,14.0,W*04
2026-05-31T13:27:54.1561230Z $WIMWD,317.6,T,331.7,M,4.4,N,2.3,M*5E
2026-05-31T13:27:54.2043064Z $IIHDG,326.5,,,14.0,W*07
2026-05-31T13:27:54.2043064Z $WIMWV,4.9,R,4.0,N,A*2A
2026-05-31T13:27:54.2043064Z $WIMWV,5.0,T,4.4,N,A*20
2026-05-31T13:27:54.2647032Z $IIHDG,326.5,,,14.0,W*07
2026-05-31T13:27:54.3166566Z $IIXDR,C,13.1,C,AIRTEMP,A,2.6,D,HEEL,A,0.1,D,TRIM,P,1.015,B,BARO,A,-0.4,D,RUDDER*33
2026-05-31T13:27:54.3644099Z $GNGGA,132752,4230.0914,N,07050.4986,W,2,01,0.50,8,M,-32.6,M,,*4D
2026-05-31T13:27:54.3644099Z $IIHDG,326.4,,,14.0,W*06
2026-05-31T13:27:54.4136095Z $GPGLC,9960,,,13928.95,A,25847.49,A,44324.31,A,60280.08,A,,*7A
2026-05-31T13:27:54.4136095Z $GPGLL,4230.0914,N,07050.4987,W,132752,A,D*59
2026-05-31T13:27:54.4597806Z $GNGSA,A,3,44,,,,,,,,,,,,0.70,0.50,0.50*1B
2026-05-31T13:27:54.4597806Z $GNGSV,3,1,11,01,12,054,,03,37,058,,06,61,249,,11,21,239,*69
2026-05-31T13:27:54.4597806Z $GNGSV,3,2,11,12,08,320,,14,39,166,,17,67,066,,19,68,323,*61
2026-05-31T13:27:54.4597806Z $GNGSV,3,3,11,22,58,174,,24,13,284,,44,23,237,40*51
2026-05-31T13:27:54.5081193Z $IIHDG,326.3,,,14.0,W*01
2026-05-31T13:27:54.5558756Z !AIVDM,1,1,,,15O=hk5tiBJsGKHH>igQM1?D0000,0*2B
2026-05-31T13:27:54.5558756Z !AIVDM,1,1,,,15NKP50000rrsQ`H@W5TLAqd0000,0*67
2026-05-31T13:27:54.5558756Z $GPRMC,132752,A,4230.0914,N,07050.4987,W,0.2,208.0,310526,14.1,W,D*28
2026-05-31T13:27:54.5558756Z $GPVTG,208.0,T,222.1,M,0.2,N,0.3,K,A*2B
2026-05-31T13:27:54.6036176Z $GPZDA,132752,31,05,2026,04,00*4D
2026-05-31T13:27:54.6036176Z $IIHDG,326.2,,,14.0,W*00
2026-05-31T13:27:54.6519415Z $GPAAM,,,,N,*38
2026-05-31T13:27:54.7150394Z $IIHDG,326.2,,,14.0,W*00
2026-05-31T13:27:54.7150394Z $GPAPB,,,,,,,,,,,,,,,N*26
2026-05-31T13:27:54.7150394Z $GPBOD,,T,,M,,*47
2026-05-31T13:27:54.7631616Z $IIHDG,326.1,,,14.0,W*03
2026-05-31T13:27:54.8152285Z $GPRMB,,,,,,,,,,,,,,N*04
2026-05-31T13:27:54.8594511Z $IIHDG,326.1,,,14.0,W*03
2026-05-31T13:27:54.9073631Z $GPXTE,,,,,N,N*5E
2026-05-31T13:27:54.9551565Z $IIHDG,326.0,,,14.0,W*02
2026-05-31T13:27:55.0194968Z $SDDBT,27.6,f,8.4,M,4.6,F*3B
2026-05-31T13:27:55.0194968Z $SDDPT,8.4,0.0,*77
2026-05-31T13:27:55.0671647Z $SDMTW,14.8,C*09
2026-05-31T13:27:55.0671647Z $SDVLW,,N,39.8,N,3042.4,N,32.5,N*43
2026-05-31T13:27:55.0671647Z $SDVHW,312.0,T,326.0,M,0.0,N,0.0,K*45
2026-05-31T13:27:55.0671647Z $IIHDG,326.0,,,14.0,W*02
2026-05-31T13:27:55.1314839Z $WIMWD,317.0,T,331.1,M,5.0,N,2.6,M*5E
2026-05-31T13:27:55.1958682Z $WIMWV,5.0,R,4.3,N,A*21
2026-05-31T13:27:55.1958682Z $WIMWV,5.0,T,5.0,N,A*25
2026-05-31T13:27:55.1958682Z $IIHDG,326.0,,,14.0,W*02
2026-05-31T13:27:55.2753696Z $IIHDG,325.9,,,14.0,W*08
2026-05-31T13:27:55.3230704Z $IIXDR,C,13.1,C,AIRTEMP,A,2.0,D,HEEL,A,0.1,D,TRIM,P,1.015,B,BARO,A,-0.1,D,RUDDER*30
2026-05-31T13:27:55.3710551Z $GNGGA,132753,4230.0915,N,07050.4986,W,2,01,0.50,8,M,-32.6,M,,*4D
2026-05-31T13:27:55.4188018Z $GPGLC,9960,,,13928.95,A,25847.49,A,44324.31,A,60280.08,A,,*7A
2026-05-31T13:27:55.4188018Z $IIHDG,325.9,,,14.0,W*08
2026-05-31T13:27:55.4188018Z $GPGLL,4230.0915,N,07050.4986,W,132753,A,D*58
2026-05-31T13:27:55.4670915Z $GNGSA,A,3,44,,,,,,,,,,,,0.70,0.50,0.50*1B
2026-05-31T13:27:55.4670915Z $GNGSV,3,1,11,01,12,054,,03,37,058,,06,61,249,,11,21,239,*69
2026-05-31T13:27:55.4670915Z $GNGSV,3,2,11,12,08,320,,14,39,166,,17,67,066,,19,68,323,*61
2026-05-31T13:27:55.4670915Z $GNGSV,3,3,11,22,58,174,,24,13,284,,44,23,237,40*51
2026-05-31T13:27:55.4670915Z !AIVDM,1,1,,,15NwCQPOPVrs>cpHBfKbR`kb0000,0*03
2026-05-31T13:27:55.5182561Z $IIHDG,325.9,,,14.0,W*08
2026-05-31T13:27:55.5674599Z $GPRMC,132753,A,4230.0915,N,07050.4987,W,0.2,208.0,310526,14.1,W,D*28
2026-05-31T13:27:55.5674599Z $GPVTG,208.0,T,222.1,M,0.2,N,0.3,K,A*2B
2026-05-31T13:27:55.5674599Z $GPZDA,132753,31,05,2026,04,00*4C
2026-05-31T13:27:55.6109347Z $IIHDG,325.8,,,14.0,W*09
2026-05-31T13:27:55.6596554Z $GPAAM,,,,N,*38
2026-05-31T13:27:55.7080688Z !AIVDM,1,1,,,15NO=dPOP0JroU8H>Wt:H5Qf0000,0*5B
2026-05-31T13:27:55.7080688Z $IIHDG,325.8,,,14.0,W*09
2026-05-31T13:27:55.7080688Z $GPAPB,,,,,,,,,,,,,,,N*26
2026-05-31T13:27:55.7560181Z $GPBOD,,T,,M,,*47
2026-05-31T13:27:55.7560181Z !AIVDM,1,1,,,19NSfbh000rrnuHH>W9SS8G`0000,0*7A
2026-05-31T13:27:55.8044688Z $GPRMB,,,,,,,,,,,,,,N*04
2026-05-31T13:27:55.8044688Z $IIHDG,325.7,,,14.0,W*06
2026-05-31T13:27:55.8517889Z !AIVDM,1,1,,,B52oU<@15nfswH65NFrQCwP00000,0*58
2026-05-31T13:27:55.8998914Z $IIHDG,325.7,,,14.0,W*06
2026-05-31T13:27:55.9485564Z !AIVDM,1,1,,,352l5NhOQdrs@aHH>fMQ;Q3b0000,0*09
2026-05-31T13:27:55.9485564Z $GPXTE,,,,,N,N*5E
2026-05-31T13:27:55.9968488Z $IIHDG,325.6,,,14.0,W*07
2026-05-31T13:27:55.9968488Z $SDDBT,27.6,f,8.4,M,4.6,F*3B
2026-05-31T13:27:56.0484392Z $SDDPT,8.4,0.0,*77
2026-05-31T13:27:56.0484392Z $SDMTW,14.8,C*09
2026-05-31T13:27:56.0978109Z $SDVLW,,N,39.8,N,3042.4,N,32.5,N*43
2026-05-31T13:27:56.0978109Z !AIVDM,1,1,,,352l5NhOQdrs@apH>fTQ;Q3d0000,0*2E
2026-05-31T13:27:56.0978109Z $SDVHW,311.5,T,325.5,M,0.0,N,0.0,K*45
2026-05-31T13:27:56.0978109Z !AIVDM,1,1,,,15NK=p003rrsi`8H=M7T@3Ad0000,0*57
2026-05-31T13:27:56.0978109Z $IIHDG,325.5,,,14.0,W*04
2026-05-31T13:27:56.1449141Z $WIMWD,316.5,T,330.6,M,5.3,N,2.7,M*5E
2026-05-31T13:27:56.1898171Z $WIMWV,4.9,R,4.7,N,A*2D
2026-05-31T13:27:56.1898171Z $WIMWV,4.9,T,5.3,N,A*2E
2026-05-31T13:27:56.1898171Z $IIHDG,325.5,,,14.0,W*04
2026-05-31T13:27:56.2696274Z $IIXDR,C,13.1,C,AIRTEMP,A,2.4,D,HEEL,A,0.0,D,TRIM,P,1.015,B,BARO,A,-0.4,D,RUDDER*30
2026-05-31T13:27:56.3215235Z $IIHDG,325.4,,,14.0,W*05
2026-05-31T13:27:56.3215235Z !AIVDM,1,1,,,15N9sFP000rrso@H@`f9oTof0000,0*18
2026-05-31T13:27:56.3651289Z $GNGGA,132754,4230.0916,N,07050.4986,W,2,01,0.50,8,M,-32.6,M,,*49
2026-05-31T13:27:56.4291558Z $GPGLC,9960,,,13928.94,A,25847.49,A,44324.31,A,60280.08,A,,*7B
2026-05-31T13:27:56.4291558Z $IIHDG,325.3,,,14.0,W*02
2026-05-31T13:27:56.4291558Z $GPGLL,4230.0916,N,07050.4986,W,132754,A,D*5C
2026-05-31T13:27:56.4291558Z $GNGSA,A,3,44,,,,,,,,,,,,0.70,0.50,0.50*1B
2026-05-31T13:27:56.4291558Z $GNGSV,3,1,11,01,12,054,,03,37,058,,06,61,249,,11,21,239,*69
2026-05-31T13:27:56.4291558Z $GNGSV,3,2,11,12,08,320,,14,39,166,,17,67,066,,19,68,323,*61
2026-05-31T13:27:56.4291558Z $GNGSV,3,3,11,22,58,174,,24,13,284,,44,23,237,40*51
2026-05-31T13:27:56.4939836Z $IIHDG,325.2,,,14.0,W*03
2026-05-31T13:27:56.5416718Z $GPRMC,132754,A,4230.0916,N,07050.4986,W,0.2,208.0,310526,14.1,W,D*2D
2026-05-31T13:27:56.5902784Z $GPVTG,208.0,T,222.1,M,0.2,N,0.3,K,A*2B
2026-05-31T13:27:56.5902784Z $GPZDA,132754,31,05,2026,04,00*4B
2026-05-31T13:27:56.6383971Z $IIHDG,325.1,,,14.0,W*00
2026-05-31T13:27:56.6383971Z !AIVDM,1,1,,,15MeF10P00JrjthH@0c9tOwh0000,0*54
2026-05-31T13:27:56.6383971Z !AIVDM,1,1,,,35Ngd70OSuJs@JhH=o;<7qWh0000,0*7D
2026-05-31T13:27:56.6866892Z $GPAAM,,,,N,*38
2026-05-31T13:27:56.7348402Z $GPAPB,,,,,,,,,,,,,,,N*26
2026-05-31T13:27:56.7348402Z $IIHDG,325.0,,,14.0,W*01
2026-05-31T13:27:56.7348402Z $GPBOD,,T,,M,,*47
2026-05-31T13:27:56.7860674Z $GPRMB,,,,,,,,,,,,,,N*04
2026-05-31T13:27:56.8626014Z $IIHDG,324.8,,,14.0,W*08
2026-05-31T13:27:56.9111564Z $GPXTE,,,,,N,N*5E
2026-05-31T13:27:56.9590660Z !AIVDM,1,1,,,B52Spg@006fpF<65N4@03wP00000,0*51
2026-05-31T13:27:57.0074066Z $IIHDG,324.7,,,14.0,W*07
2026-05-31T13:27:57.0074066Z $SDDBT,27.6,f,8.4,M,4.6,F*3B
2026-05-31T13:27:57.0074066Z $SDDPT,8.4,0.0,*77
2026-05-31T13:27:57.0554035Z $SDMTW,14.8,C*09
2026-05-31T13:27:57.0554035Z $SDVLW,,N,39.8,N,3042.4,N,32.5,N*43
2026-05-31T13:27:57.1034553Z $SDVHW,310.6,T,324.6,M,0.0,N,0.0,K*45
2026-05-31T13:27:57.1034553Z $IIHDG,324.6,,,14.0,W*06
2026-05-31T13:27:57.1034553Z !AIVDM,1,1,,,18IPTf001Nrs@VHH>aT1f1KV0000,0*5D
2026-05-31T13:27:57.1516734Z $WIMWD,316.9,T,330.9,M,5.6,N,2.9,M*56
2026-05-31T13:27:57.1997254Z $IIHDG,324.6,,,14.0,W*06
2026-05-31T13:27:57.1997254Z $WIMWV,6.1,R,5.0,N,A*21
2026-05-31T13:27:57.1997254Z $WIMWV,5.9,T,5.6,N,A*2A
2026-05-31T13:27:57.2480689Z !AIVDM,1,1,,,E>k`vt<r0h@@@@@@@@@@@@@@@@@=MwTH<E=u@00000000?,4*12
2026-05-31T13:27:57.2963786Z $IIHDG,324.5,,,14.0,W*05
2026-05-31T13:27:57.2963786Z $IIXDR,C,13.1,C,AIRTEMP,A,3.0,D,HEEL,A,0.1,D,TRIM,P,1.015,B,BARO,A,-0.3,D,RUDDER*33
2026-05-31T13:27:57.3436435Z $GNGGA,132755,4230.0917,N,07050.4986,W,2,00,0.50,9,M,-32.6,M,,*49
2026-05-31T13:27:57.4077072Z $IIHDG,324.5,,,14.0,W*05
2026-05-31T13:27:57.4077072Z $GPGLC,9960,,,13928.94,A,25847.50,A,44324.31,A,60280.08,A,,*73
2026-05-31T13:27:57.4557813Z $GPGLL,4230.0917,N,07050.4986,W,132755,A,D*5C
2026-05-31T13:27:57.4557813Z $GNGSA,A,3,,,,,,,,,,,,,0.70,0.50,0.60*18
2026-05-31T13:27:57.4557813Z $GNGSV,3,1,11,01,12,054,,03,37,058,,06,61,249,,11,21,239,*69
2026-05-31T13:27:57.4557813Z $GNGSV,3,2,11,12,08,320,,14,39,166,,17,67,066,,19,68,323,*61
2026-05-31T13:27:57.4557813Z $GNGSV,3,3,11,22,58,174,,24,13,284,,44,23,237,*55
2026-05-31T13:27:57.5037130Z $IIHDG,324.4,,,14.0,W*04
2026-05-31T13:27:57.5518254Z $GPRMC,132755,A,4230.0917,N,07050.4986,W,0.2,208.0,310526,14.1,W,D*2D
2026-05-31T13:27:57.5518254Z $GPVTG,208.0,T,222.1,M,0.2,N,0.3,K,A*2B
2026-05-31T13:27:57.6003660Z $GPZDA,132755,31,05,2026,04,00*4A
2026-05-31T13:27:57.6003660Z $IIHDG,324.3,,,14.0,W*03
2026-05-31T13:27:57.6484495Z $GPAAM,,,,N,*38
2026-05-31T13:27:57.7133035Z $IIHDG,324.3,,,14.0,W*03
2026-05-31T13:27:57.7133035Z $GPAPB,,,,,,,,,,,,,,,N*26
2026-05-31T13:27:57.7133035Z $GPBOD,,T,,M,,*47
2026-05-31T13:27:57.7669381Z $IIHDG,324.2,,,14.0,W*02
2026-05-31T13:27:57.8262288Z $GPRMB,,,,,,,,,,,,,,N*04
2026-05-31T13:27:57.8734285Z $IIHDG,324.2,,,14.0,W*02
2026-05-31T13:27:57.9213609Z $GPXTE,,,,,N,N*5E
2026-05-31T13:27:57.9696624Z $IIHDG,324.1,,,14.0,W*01
2026-05-31T13:27:58.0180737Z $SDDBT,27.6,f,8.4,M,4.6,F*3B
2026-05-31T13:27:58.0180737Z $SDDPT,8.4,0.0,*77
2026-05-31T13:27:58.0655175Z $SDMTW,14.8,C*09
2026-05-31T13:27:58.0655175Z $SDVLW,,N,39.8,N,3042.4,N,32.5,N*43
2026-05-31T13:27:58.0655175Z $SDVHW,310.0,T,324.1,M,0.0,N,0.0,K*44
2026-05-31T13:27:58.1135705Z $IIHDG,324.1,,,14.0,W*01
2026-05-31T13:27:58.1612271Z $WIMWD,316.6,T,330.6,M,5.4,N,2.8,M*55
2026-05-31T13:27:58.2091819Z $WIMWV,6.3,R,5.2,N,A*21
2026-05-31T13:27:58.2091819Z $WIMWV,6.3,T,5.4,N,A*21
2026-05-31T13:27:58.2091819Z $IIHDG,324.0,,,14.0,W*00
2026-05-31T13:27:58.2732895Z $IIHDG,324.0,,,14.0,W*00
2026-05-31T13:27:58.3215382Z $IIXDR,C,13.1,C,AIRTEMP,A,2.1,D,HEEL,A,-0.1,D,TRIM,P,1.015,B,BARO,A,-0.3,D,RUDDER*1E
2026-05-31T13:27:58.3693978Z $GNGGA,132756,4230.0917,N,07050.4986,W,2,01,0.50,8,M,-32.6,M,,*4A
2026-05-31T13:27:58.4177454Z $IIHDG,323.9,,,14.0,W*0E
2026-05-31T13:27:58.4177454Z $GPGLC,9960,,,13928.94,A,25847.50,A,44324.31,A,60280.08,A,,*73
2026-05-31T13:27:58.4177454Z $GPGLL,4230.0917,N,07050.4987,W,132756,A,D*5E
2026-05-31T13:27:58.4679958Z $GNGSA,A,3,11,,,,,,,,,,,,0.70,0.50,0.50*1B
2026-05-31T13:27:58.4679958Z $GNGSV,3,1,11,01,12,054,,03,37,058,,06,61,249,,11,21,239,38*62
2026-05-31T13:27:58.4679958Z $GNGSV,3,2,11,12,08,320,,14,39,166,,17,67,066,,19,68,323,*61
2026-05-31T13:27:58.4679958Z $GNGSV,3,3,11,22,58,174,,24,13,284,,44,23,237,*55
2026-05-31T13:27:58.5142537Z $IIHDG,323.9,,,14.0,W*0E
2026-05-31T13:27:58.5620660Z $GPRMC,132756,A,4230.0917,N,07050.4987,W,0.2,208.0,310526,14.1,W,D*2F
2026-05-31T13:27:58.5620660Z $GPVTG,208.0,T,222.1,M,0.2,N,0.3,K,A*2B
2026-05-31T13:27:58.6098512Z $GPZDA,132756,31,05,2026,04,00*49
2026-05-31T13:27:58.6098512Z $IIHDG,323.8,,,14.0,W*0F
2026-05-31T13:27:58.6098512Z !AIVDM,1,1,,,152Wpn<01IrsK8PH?ktRkjAf2000,0*50
2026-05-31T13:27:58.6619346Z $GPAAM,,,,N,*38
2026-05-31T13:27:58.7057627Z $IIHDG,323.8,,,14.0,W*0F
2026-05-31T13:27:58.7057627Z $GPAPB,,,,,,,,,,,,,,,N*26
2026-05-31T13:27:58.7541441Z $GPBOD,,T,,M,,*47
2026-05-31T13:27:58.8018958Z $IIHDG,323.7,,,14.0,W*00
2026-05-31T13:27:58.8018958Z $GPRMB,,,,,,,,,,,,,,N*04
2026-05-31T13:27:58.8664172Z $IIHDG,323.7,,,14.0,W*00
2026-05-31T13:27:58.9147464Z $GPXTE,,,,,N,N*5E
2026-05-31T13:27:58.9633694Z $IIHDG,323.7,,,14.0,W*00
2026-05-31T13:27:59.0303007Z $SDDBT,27.6,f,8.4,M,4.6,F*3B
2026-05-31T13:27:59.0303007Z $SDDPT,8.4,0.0,*77
2026-05-31T13:27:59.0761018Z $SDMTW,14.8,C*09
2026-05-31T13:27:59.0761018Z $SDVLW,,N,39.8,N,3042.4,N,32.5,N*43
2026-05-31T13:27:59.0761018Z $SDVHW,309.6,T,323.6,M,0.0,N,0.0,K*4A
2026-05-31T13:27:59.0761018Z $IIHDG,323.6,,,14.0,W*01
2026-05-31T13:27:59.1399439Z $WIMWD,315.5,T,329.5,M,4.8,N,2.5,M*5E
2026-05-31T13:27:59.1878464Z $WIMWV,5.8,R,5.1,N,A*2A
2026-05-31T13:27:59.1878464Z $WIMWV,5.8,T,4.8,N,A*24
2026-05-31T13:27:59.1878464Z $IIHDG,323.6,,,14.0,W*01
2026-05-31T13:27:59.2676303Z $IIXDR,C,13.1,C,AIRTEMP,A,1.2,D,HEEL,A,-0.1,D,TRIM,P,1.015,B,BARO,A,-0.2,D,RUDDER*1F
2026-05-31T13:27:59.3323249Z $IIHDG,323.6,,,14.0,W*01
2026-05-31T13:27:59.3323249Z !AIVDM,1,1,,,15NQsE?P00rtNWhHH3af4?wl2000,0*74
2026-05-31T13:27:59.3802756Z $GNGGA,132757,4230.0918,N,07050.4986,W,2,00,0.50,8,M,-32.6,M,,*45
2026-05-31T13:27:59.3802756Z $GPGLC,9960,,,13928.94,A,25847.50,A,44324.31,A,60280.08,A,,*73
2026-05-31T13:27:59.4315413Z $IIHDG,323.5,,,14.0,W*02
2026-05-31T13:27:59.4315413Z $GPGLL,4230.0918,N,07050.4987,W,132757,A,D*50
2026-05-31T13:27:59.4315413Z $GNGSA,A,3,,,,,,,,,,,,,0.70,0.50,0.50*1B
2026-05-31T13:27:59.4315413Z $GNGSV,3,1,10,01,12,054,,03,37,058,,06,61,249,,11,21,239,*68
2026-05-31T13:27:59.4315413Z $GNGSV,3,2,10,12,08,320,,14,39,166,,17,67,066,,19,68,323,*60
2026-05-31T13:27:59.4315413Z $GNGSV,3,3,10,22,58,174,,24,13,284,*63
2026-05-31T13:27:59.4771917Z $IIHDG,323.5,,,14.0,W*02
2026-05-31T13:27:59.5416734Z $GPRMC,132757,A,4230.0918,N,07050.4987,W,0.2,208.0,310526,14.1,W,D*21
2026-05-31T13:27:59.5900211Z $GPVTG,208.0,T,222.1,M,0.2,N,0.3,K,A*2B
2026-05-31T13:27:59.5900211Z $GPZDA,132757,31,05,2026,04,00*48
2026-05-31T13:27:59.5900211Z $IIHDG,323.4,,,14.0,W*03
2026-05-31T13:27:59.6540125Z $GPAAM,,,,N,*38
2026-05-31T13:27:59.7209376Z !AIVDM,1,1,,,15N:gRP000rrhaHH?CJ:dGkn0000,0*61
2026-05-31T13:27:59.7209376Z $IIHDG,323.4,,,14.0,W*03
2026-05-31T13:27:59.7209376Z $GPAPB,,,,,,,,,,,,,,,N*26
2026-05-31T13:27:59.7209376Z $GPBOD,,T,,M,,*47
2026-05-31T13:27:59.7822433Z $GPRMB,,,,,,,,,,,,,,N*04
2026-05-31T13:27:59.8332575Z $IIHDG,323.3,,,14.0,W*04
2026-05-31T13:27:59.8789927Z $IIHDG,323.3,,,14.0,W*04
2026-05-31T13:27:59.9435509Z !AIVDM,1,1,,,15N1c70000JrmvhH?GE0T5el0000,0*2E
2026-05-31T13:27:59.9435509Z $GPXTE,,,,,N,N*5E
2026-05-31T13:27:59.9918269Z !AIVDM,1,1,,,352l5NhOQdrs@d0H>fp1<Q5j0000,0*20
2026-05-31T13:27:59.9918269Z $IIHDG,323.2,,,14.0,W*05
2026-05-31T13:27:59.9918269Z $SDDBT,27.6,f,8.4,M,4.6,F*3B
2026-05-31T13:28:00.0390343Z $SDDPT,8.4,0.0,*77
2026-05-31T13:28:00.0390343Z $SDMTW,14.8,C*09
2026-05-31T13:28:00.0868279Z $SDVLW,,N,39.8,N,3042.4,N,32.5,N*43
2026-05-31T13:28:00.0868279Z $SDVHW,309.1,T,323.1,M,0.0,N,0.0,K*4A
2026-05-31T13:28:00.1364998Z $IIHDG,323.1,,,14.0,W*06
2026-05-31T13:28:00.1840089Z $WIMWD,314.8,T,328.8,M,4.7,N,2.4,M*50
2026-05-31T13:28:00.1840089Z $WIMWV,5.2,R,5.0,N,A*21
2026-05-31T13:28:00.1840089Z $WIMWV,5.3,T,4.7,N,A*20
2026-05-31T13:28:00.2312476Z $IIHDG,323.1,,,14.0,W*06
2026-05-31T13:28:00.2794449Z !AIVDM,2,1,8,,55NO=g01djI5L@O;7P0P58thB06r18DTp5DE:01J2`8:000Ow:0Slm3k`888,0*00
2026-05-31T13:28:00.2794449Z !AIVDM,2,2,9,,88888888803,2*67
2026-05-31T13:28:00.2794449Z $IIXDR,C,13.1,C,AIRTEMP,A,2.0,D,HEEL,A,0.3,D,TRIM,P,1.015,B,BARO,A,-0.5,D,RUDDER*36
2026-05-31T13:28:00.3278733Z $IIHDG,323.0,,,14.0,W*07
2026-05-31T13:28:00.3777816Z $GNGGA,132758,4230.0919,N,07050.4987,W,2,00,0.50,8,M,-32.6,M,,*4A
2026-05-31T13:28:00.3777816Z $GPGLC,9960,,,13928.94,A,25847.50,A,44324.31,A,60280.08,A,,*73
2026-05-31T13:28:00.4264244Z $IIHDG,322.9,,,14.0,W*0F
2026-05-31T13:28:00.4264244Z !AIVDM,1,1,,,B5OBSoP006fe?063mBsQ3wP00000,0*67
2026-05-31T13:28:00.4264244Z $GPGLL,4230.0919,N,07050.4987,W,132758,A,D*5E
2026-05-31T13:28:00.4264244Z $GNGSA,A,3,,,,,,,,,,,,,0.70,0.50,0.50*1B
2026-05-31T13:28:00.4264244Z $GNGSV,3,1,11,01,12,054,,03,37,058,,06,61,249,,11,21,239,*69
2026-05-31T13:28:00.4264244Z $GNGSV,3,2,11,12,08,320,,14,39,166,,17,67,066,,19,68,323,*61
2026-05-31T13:28:00.4264244Z $GNGSV,3,3,11,22,58,174,,24,13,284,,44,23,237,*55
2026-05-31T13:28:00.4744231Z !AIVDM,1,1,,,35NO=iPPP6Jrow0H>Wb<?oT00000,0*09
2026-05-31T13:28:00.5211097Z $IIHDG,322.9,,,14.0,W*0F
2026-05-31T13:28:00.5690154Z $GPRMC,132758,A,4230.0919,N,07050.4987,W,0.1,208.0,310526,14.1,W,D*2C
2026-05-31T13:28:00.5690154Z $GPVTG,208.0,T,222.1,M,0.1,N,0.3,K,A*28
2026-05-31T13:28:00.5690154Z $GPZDA,132758,31,05,2026,04,00*47
2026-05-31T13:28:00.6173420Z $IIHDG,322.8,,,14.0,W*0E
2026-05-31T13:28:00.6653387Z $GPAAM,,,,N,*38
2026-05-31T13:28:00.7133713Z $GPAPB,,,,,,,,,,,,,,,N*26
2026-05-31T13:28:00.7133713Z $IIHDG,322.8,,,14.0,W*0E
2026-05-31T13:28:00.7616152Z $GPBOD,,T,,M,,*47
2026-05-31T13:28:00.8101360Z $GPRMB,,,,,,,,,,,,,,N*04
2026-05-31T13:28:00.8101360Z $IIHDG,322.7,,,14.0,W*01
2026-05-31T13:28:00.8899927Z $IIHDG,322.6,,,14.0,W*00
2026-05-31T13:28:00.9379643Z $GPXTE,,,,,N,N*5E
2026-05-31T13:28:00.9858544Z $SDDBT,27.6,f,8.4,M,4.6,F*3B
2026-05-31T13:28:01.0374246Z $IIHDG,322.6,,,14.0,W*00
2026-05-31T13:28:01.0374246Z $SDDPT,8.4,0.0,*77
2026-05-31T13:28:01.0374246Z $SDMTW,14.8,C*09
2026-05-31T13:28:01.0822095Z $SDVLW,,N,39.8,N,3042.4,N,32.5,N*43
2026-05-31T13:28:01.0822095Z $SDVHW,308.4,T,322.5,M,0.0,N,0.0,K*4B
2026-05-31T13:28:01.0822095Z !AIVDM,1,1,,,18I<UK00h=rt@2pHC3O1fiiL0000,0*38
2026-05-31T13:28:01.1306693Z $IIHDG,322.5,,,14.0,W*03
2026-05-31T13:28:01.1789524Z $WIMWD,314.3,T,328.4,M,4.3,N,2.2,M*55
2026-05-31T13:28:01.1789524Z $WIMWV,5.6,R,4.8,N,A*2C
2026-05-31T13:28:01.1789524Z $WIMWV,5.6,T,4.3,N,A*21
2026-05-31T13:28:01.2272145Z $IIHDG,322.4,,,14.0,W*02
2026-05-31T13:28:01.2858506Z !AIVDM,1,1,,,ENk`sl>`@@@@@@@@@@@@@@@@@@@=OTgH<LwsP00000000?,4*70
2026-05-31T13:28:01.2858506Z $IIXDR,C,13.1,C,AIRTEMP,A,3.9,D,HEEL,A,0.2,D,TRIM,P,1.015,B,BARO,A,-0.3,D,RUDDER*39
2026-05-31T13:28:01.3386580Z $IIHDG,322.4,,,14.0,W*02
2026-05-31T13:28:01.3942175Z $GNGGA,132759,4230.0919,N,07050.4986,W,2,00,0.50,8,M,-32.6,M,,*4A
2026-05-31T13:28:01.3942175Z $GPGLC,9960,,,13928.94,A,25847.50,A,44324.31,A,60280.08,A,,*73
2026-05-31T13:28:01.3942175Z $IIHDG,322.3,,,14.0,W*05
2026-05-31T13:28:01.4419739Z $GPGLL,4230.0919,N,07050.4986,W,132759,A,D*5E
2026-05-31T13:28:01.4419739Z $GNGSA,A,3,,,,,,,,,,,,,0.70,0.50,0.50*1B
2026-05-31T13:28:01.4419739Z $GNGSV,3,1,11,01,12,054,,03,37,058,,06,61,249,,11,21,239,*69
2026-05-31T13:28:01.4419739Z $GNGSV,3,2,11,12,08,320,,14,39,166,,17,67,066,,19,68,323,*61
2026-05-31T13:28:01.4419739Z $GNGSV,3,3,11,22,58,174,,24,13,284,,44,23,237,*55
2026-05-31T13:28:01.4905628Z $IIHDG,322.2,,,14.0,W*04
2026-05-31T13:28:01.5428178Z $GPRMC,132759,A,4230.0919,N,07050.4987,W,0.1,208.0,310526,14.1,W,D*2D
2026-05-31T13:28:01.5894228Z $GPVTG,208.0,T,222.1,M,0.1,N,0.2,K,A*29
2026-05-31T13:28:01.5894228Z $GPZDA,132759,31,05,2026,04,00*46
2026-05-31T13:28:01.6342920Z $IIHDG,322.2,,,14.0,W*04
2026-05-31T13:28:01.6824559Z $GPAAM,,,,N,*38
2026-05-31T13:28:01.7419899Z $GPAPB,,,,,,,,,,,,,,,N*26
2026-05-31T13:28:01.7419899Z $IIHDG,322.1,,,14.0,W*07
2026-05-31T13:28:01.7419899Z $GPBOD,,T,,M,,*47
2026-05-31T13:28:01.7961608Z $GPRMB,,,,,,,,,,,,,,N*04
2026-05-31T13:28:01.8724333Z $IIHDG,322.1,,,14.0,W*07
2026-05-31T13:28:01.8724333Z !AIVDM,1,1,,,B52oU<@15VfsrP65NB2RkwP00000,0*12
2026-05-31T13:28:01.9208582Z $GPXTE,,,,,N,N*5E
2026-05-31T13:28:01.9695552Z $IIHDG,322.1,,,14.0,W*07
2026-05-31T13:28:02.0323992Z $SDDBT,27.6,f,8.4,M,4.6,F*3B
2026-05-31T13:28:02.0333855Z $SDDPT,8.4,0.0,*77
2026-05-31T13:28:02.0805234Z $SDMTW,14.8,C*09
2026-05-31T13:28:02.0805234Z $SDVLW,,N,39.8,N,3042.4,N,32.5,N*43
2026-05-31T13:28:02.0805234Z !AIVDM,1,1,,,35NwCQPOPMrs>a@HBfMbvIH00000,0*52
2026-05-31T13:28:02.0805234Z $SDVHW,308.0,T,322.1,M,0.0,N,0.0,K*4B
2026-05-31T13:28:02.0805234Z $IIHDG,322.1,,,14.0,W*07
2026-05-31T13:28:02.1412801Z $WIMWD,313.7,T,327.7,M,4.2,N,2.2,M*5B
2026-05-31T13:28:02.1922052Z $WIMWV,5.7,R,4.6,N,A*23
2026-05-31T13:28:02.1922052Z $WIMWV,5.7,T,4.2,N,A*21
2026-05-31T13:28:02.1922052Z $IIHDG,322.1,,,14.0,W*07
2026-05-31T13:28:02.2724949Z $IIHDG,322.0,,,14.0,W*06
2026-05-31T13:28:02.3214611Z $IIXDR,C,13.1,C,AIRTEMP,A,3.5,D,HEEL,A,-0.1,D,TRIM,P,1.015,B,BARO,A,-0.4,D,RUDDER*1C
2026-05-31T13:28:02.3669388Z $GNGGA,132800,4230.0919,N,07050.4987,W,2,00,0.50,8,M,-32.6,M,,*48
2026-05-31T13:28:02.4146234Z $IIHDG,322.0,,,14.0,W*06
2026-05-31T13:28:02.4146234Z $GPGLC,9960,,,13928.94,A,25847.50,A,44324.31,A,60280.08,A,,*73
2026-05-31T13:28:02.4146234Z $GPGLL,4230.0919,N,07050.4987,W,132800,A,D*5C
2026-05-31T13:28:02.4667883Z $GNGSA,A,3,,,,,,,,,,,,,0.70,0.50,0.50*1B
2026-05-31T13:28:02.4667883Z $GNGSV,3,1,11,01,12,054,,03,37,058,,06,61,249,,11,21,239,*69
2026-05-31T13:28:02.4667883Z $GNGSV,3,2,11,12,08,320,,14,39,166,,17,67,066,,19,68,323,*61
2026-05-31T13:28:02.4667883Z $GNGSV,3,3,11,22,58,174,,24,13,284,,44,23,237,*55
2026-05-31T13:28:02.5106579Z $IIHDG,322.0,,,14.0,W*06
2026-05-31T13:28:02.5581438Z $GPRMC,132800,A,4230.0919,N,07050.4987,W,0.1,208.0,310526,14.1,W,D*2E
2026-05-31T13:28:02.5581438Z $GPVTG,208.0,T,222.1,M,0.1,N,0.2,K,A*29
2026-05-31T13:28:02.6063102Z $GPZDA,132800,31,05,2026,04,00*45
2026-05-31T13:28:02.6063102Z $IIHDG,322.0,,,14.0,W*06
2026-05-31T13:28:02.6545120Z !AIVDM,1,1,,,15NQUM4P00rrks`H>tq>4?v22000,0*78
2026-05-31T13:28:02.7025553Z $GPAAM,,,,N,*38
2026-05-31T13:28:02.7025553Z $IIHDG,322.0,,,14.0,W*06
2026-05-31T13:28:02.7025553Z $GPAPB,,,,,,,,,,,,,,,N*26
2026-05-31T13:28:02.7505835Z $GPBOD,,T,,M,,*47
2026-05-31T13:28:02.8003480Z $IIHDG,322.0,,,14.0,W*06
2026-05-31T13:28:02.8003480Z $GPRMB,,,,,,,,,,,,,,N*04
2026-05-31T13:28:02.8692684Z $IIHDG,321.9,,,14.0,W*0C
2026-05-31T13:28:02.9255081Z $GPXTE,,,,,N,N*5E
2026-05-31T13:28:02.9768689Z !AIVDM,1,1,,,352l5NhOQcrs@f0H>g;1>i600000,0*0C
2026-05-31T13:28:03.0218445Z $IIHDG,321.9,,,14.0,W*0C
2026-05-31T13:28:03.0218445Z $SDDBT,27.6,f,8.4,M,4.6,F*3B
2026-05-31T13:28:03.0218445Z !AIVDM,1,1,,,15MnF7<00EJrrQhH>ge<Cqb40000,0*17
2026-05-31T13:28:03.0218445Z $SDDPT,8.4,0.0,*77
2026-05-31T13:28:03.0728093Z $SDMTW,14.8,C*09
2026-05-31T13:28:03.0728093Z $SDVLW,,N,39.8,N,3042.4,N,32.5,N*43
2026-05-31T13:28:03.0728093Z !AIVDM,1,1,,,15NO=g;P00JrjqhH@11<bOv22000,0*47
2026-05-31T13:28:03.0728093Z $SDVHW,307.8,T,321.9,M,0.0,N,0.0,K*47
2026-05-31T13:28:03.1179469Z $IIHDG,321.9,,,14.0,W*0C
2026-05-31T13:28:03.1683718Z $WIMWD,311.5,T,325.6,M,5.0,N,2.5,M*5C
2026-05-31T13:28:03.2120388Z $WIMWV,3.6,R,4.6,N,A*24
2026-05-31T13:28:03.2120388Z $WIMWV,3.9,T,5.0,N,A*2A
2026-05-31T13:28:03.2120388Z $IIHDG,321.8,,,14.0,W*0D
2026-05-31T13:28:03.2753889Z $IIXDR,C,13.1,C,AIRTEMP,A,2.1,D,HEEL,A,0.6,D,TRIM,P,1.015,B,BARO,A,-0.3,D,RUDDER*34
2026-05-31T13:28:03.3235295Z $IIHDG,321.7,,,14.0,W*02
2026-05-31T13:28:03.3712481Z $GNGGA,132801,4230.0919,N,07050.4987,W,2,00,0.50,8,M,-32.6,M,,*49
2026-05-31T13:28:03.4195720Z $GPGLC,9960,,,13928.94,A,25847.50,A,44324.31,A,60280.08,A,,*73
2026-05-31T13:28:03.4195720Z $IIHDG,321.7,,,14.0,W*02
2026-05-31T13:28:03.4195720Z $GPGLL,4230.0919,N,07050.4987,W,132801,A,D*5D
2026-05-31T13:28:03.4832921Z $GNGSA,A,3,,,,,,,,,,,,,0.70,0.50,0.50*1B
2026-05-31T13:28:03.4832921Z $GNGSV,3,1,11,01,12,054,,03,37,058,,06,61,249,,11,21,239,*69
2026-05-31T13:28:03.4832921Z $GNGSV,3,2,11,12,08,320,,14,39,166,,17,67,067,,19,68,323,*60
2026-05-31T13:28:03.4832921Z $GNGSV,3,3,11,22,58,174,,24,13,284,,44,23,237,*55
2026-05-31T13:28:03.4832921Z $IIHDG,321.6,,,14.0,W*03
2026-05-31T13:28:03.5468067Z $GPRMC,132801,A,4230.0919,N,07050.4987,W,0.1,208.0,310526,14.1,W,D*2F
2026-05-31T13:28:03.5942954Z $GPVTG,208.0,T,222.1,M,0.1,N,0.2,K,A*29
2026-05-31T13:28:03.5942954Z $GPZDA,132801,31,05,2026,04,00*44
2026-05-31T13:28:03.5942954Z $IIHDG,321.5,,,14.0,W*00
2026-05-31T13:28:03.6611339Z $GPAAM,,,,N,*38
2026-05-31T13:28:03.7143973Z !AIVDM,1,1,,,35NO=iPPP6JrovhH>WbcpWR60000,0*78
2026-05-31T13:28:03.7143973Z $IIHDG,321.5,,,14.0,W*00
2026-05-31T13:28:03.7143973Z $GPAPB,,,,,,,,,,,,,,,N*26
2026-05-31T13:28:03.7143973Z !AIVDM,1,1,,,15NO=nPP00Jrnv@H>WkT;gv40000,0*51
2026-05-31T13:28:03.7685260Z $GPBOD,,T,,M,,*47
2026-05-31T13:28:03.8166058Z $GPRMB,,,,,,,,,,,,,,N*04
2026-05-31T13:28:03.8166058Z $IIHDG,321.4,,,14.0,W*01
2026-05-31T13:28:03.8891666Z $IIHDG,321.4,,,14.0,W*01
2026-05-31T13:28:03.9465851Z $GPXTE,,,,,N,N*5E
2026-05-31T13:28:03.9924184Z $IIHDG,321.3,,,14.0,W*06
2026-05-31T13:28:03.9924184Z $SDDBT,27.6,f,8.4,M,4.6,F*3B
2026-05-31T13:28:04.0450616Z $SDDPT,8.4,0.0,*77
2026-05-31T13:28:04.0465770Z $SDMTW,14.8,C*09
2026-05-31T13:28:04.0890611Z $SDVLW,,N,39.8,N,3042.4,N,32.5,N*43
2026-05-31T13:28:04.0890611Z $SDVHW,307.2,T,321.3,M,0.0,N,0.0,K*47
2026-05-31T13:28:04.0890611Z $IIHDG,321.3,,,14.0,W*06
2026-05-31T13:28:04.1407695Z $WIMWD,309.3,T,323.4,M,5.3,N,2.8,M*59
2026-05-31T13:28:04.1849210Z $WIMWV,1.3,R,4.8,N,A*2D
2026-05-31T13:28:04.1849210Z $WIMWV,1.3,T,5.3,N,A*21
2026-05-31T13:28:04.2329602Z $IIHDG,321.3,,,14.0,W*06
2026-05-31T13:28:04.2816413Z $IIXDR,C,13.1,C,AIRTEMP,A,1.8,D,HEEL,A,0.1,D,TRIM,P,1.015,B,BARO,A,-0.3,D,RUDDER*39
2026-05-31T13:28:04.3302061Z $IIHDG,321.2,,,14.0,W*07
2026-05-31T13:28:04.3946124Z $GNGGA,132802,4230.0919,N,07050.4986,W,2,00,0.50,9,M,-32.6,M,,*4A
2026-05-31T13:28:04.3946124Z $GPGLC,9960,,,13928.94,A,25847.50,A,44324.31,A,60280.08,A,,*73
2026-05-31T13:28:04.3946124Z $IIHDG,321.2,,,14.0,W*07
2026-05-31T13:28:04.4437710Z $GPGLL,4230.0919,N,07050.4986,W,132802,A,D*5F
2026-05-31T13:28:04.4437710Z $GNGSA,A,3,,,,,,,,,,,,,0.70,0.50,0.60*18
2026-05-31T13:28:04.4437710Z $GNGSV,3,1,11,01,12,054,,03,37,058,,06,61,249,,11,21,239,*69
2026-05-31T13:28:04.4472818Z $GNGSV,3,2,11,12,08,320,,14,39,166,,17,67,067,,19,68,323,*60
2026-05-31T13:28:04.4472818Z $GNGSV,3,3,11,22,58,174,,24,13,284,,44,23,237,*55
2026-05-31T13:28:04.4907305Z $IIHDG,321.1,,,14.0,W*04
2026-05-31T13:28:04.5399082Z $GPRMC,132802,A,4230.0919,N,07050.4987,W,0.1,208.0,310526,14.1,W,D*2C
2026-05-31T13:28:04.5884191Z !AIVDM,1,1,,,35NwCQPOPLrs>`PHBfNc=IR40000,0*15
2026-05-31T13:28:04.5884191Z $GPVTG,208.0,T,222.1,M,0.1,N,0.2,K,A*29
2026-05-31T13:28:04.5884191Z $GPZDA,132802,31,05,2026,04,00*47
2026-05-31T13:28:04.6344290Z $IIHDG,321.1,,,14.0,W*04
2026-05-31T13:28:04.6861170Z $GPAAM,,,,N,*38
2026-05-31T13:28:04.6861170Z !AIVDM,1,1,,,15O=hk50iAJsGRPH>jV1L1=d0000,0*1C
2026-05-31T13:28:04.7300467Z $IIHDG,321.0,,,14.0,W*05
2026-05-31T13:28:04.7300467Z $GPAPB,,,,,,,,,,,,,,,N*26
2026-05-31T13:28:04.7300467Z $GPBOD,,T,,M,,*47
2026-05-31T13:28:04.7939893Z $GPRMB,,,,,,,,,,,,,,N*04
2026-05-31T13:28:04.8581597Z $IIHDG,321.0,,,14.0,W*05
2026-05-31T13:28:04.8581597Z !AIVDM,1,1,,,19NSfbh000rrnu@H>W9SS8F20000,0*21
2026-05-31T13:28:04.9065590Z $IIHDG,320.9,,,14.0,W*0D
2026-05-31T13:28:04.9543403Z $GPXTE,,,,,N,N*5E
2026-05-31T13:28:05.0011047Z $SDDBT,27.6,f,8.4,M,4.6,F*3B
2026-05-31T13:28:05.0495598Z $IIHDG,320.8,,,14.0,W*0C
2026-05-31T13:28:05.0495598Z $SDDPT,8.4,0.0,*77
2026-05-31T13:28:05.0495598Z $SDMTW,14.8,C*09
2026-05-31T13:28:05.0969890Z $SDVLW,,N,39.8,N,3042.4,N,32.5,N*43
2026-05-31T13:28:05.0969890Z $SDVHW,306.7,T,320.8,M,0.0,N,0.0,K*49
2026-05-31T13:28:05.1471433Z $IIHDG,320.8,,,14.0,W*0C
2026-05-31T13:28:05.1471433Z $WIMWD,306.5,T,320.5,M,5.6,N,2.9,M*56
2026-05-31T13:28:05.1928667Z $WIMWV,359.7,R,5.1,N,A*2F
2026-05-31T13:28:05.1928667Z $WIMWV,359.7,T,5.6,N,A*2E
2026-05-31T13:28:05.2397480Z $IIHDG,320.7,,,14.0,W*03
2026-05-31T13:28:05.2945174Z !AIVDM,1,1,,,E>k`vt<r0h@@@@@@@@@@@@@@@@@=MwTH<E=u@00000000?,4*12
2026-05-31T13:28:05.2945174Z $IIXDR,C,13.1,C,AIRTEMP,A,2.1,D,HEEL,A,0.2,D,TRIM,P,1.015,B,BARO,A,-0.3,D,RUDDER*30
2026-05-31T13:28:05.3415333Z $IIHDG,320.6,,,14.0,W*02
2026-05-31T13:28:05.3831577Z !AIVDM,1,1,,,15NO=dP000JroU8H>Wv:H5T80000,0*1D
2026-05-31T13:28:05.3831577Z $GNGGA,132803,4230.0919,N,07050.4986,W,2,00,0.50,8,M,-32.6,M,,*4A
2026-05-31T13:28:05.3831577Z $GPGLC,9960,,,13928.94,A,25847.50,A,44324.31,A,60280.08,A,,*73
2026-05-31T13:28:05.4313702Z $IIHDG,320.6,,,14.0,W*02
2026-05-31T13:28:05.4313702Z $GPGLL,4230.0919,N,07050.4986,W,132803,A,D*5E
2026-05-31T13:28:05.4313702Z $GNGSA,A,3,,,,,,,,,,,,,0.70,0.50,0.50*1B
2026-05-31T13:28:05.4313702Z $GNGSV,3,1,11,01,12,054,,03,37,058,,06,61,249,,11,21,239,*69
2026-05-31T13:28:05.4313702Z $GNGSV,3,2,11,12,08,320,,14,39,166,,17,67,067,,19,68,323,*60
2026-05-31T13:28:05.4313702Z $GNGSV,3,3,11,22,58,174,,24,13,284,,44,23,237,*55
2026-05-31T13:28:05.4792871Z !AIVDM,1,1,,,352l5NhOQcrs@h8H>gN1?Q660000,0*40
2026-05-31T13:28:05.5331198Z $IIHDG,320.5,,,14.0,W*01
2026-05-31T13:28:05.5750268Z $GPRMC,132803,A,4230.0919,N,07050.4986,W,0.1,208.0,310526,14.1,W,D*2C
2026-05-31T13:28:05.5750268Z $GPVTG,208.0,T,222.1,M,0.1,N,0.2,K,A*29
2026-05-31T13:28:05.5750268Z $GPZDA,132803,31,05,2026,04,00*46
2026-05-31T13:28:05.6235199Z $IIHDG,320.4,,,14.0,W*00
2026-05-31T13:28:05.6721217Z !AIVDM,1,1,,,15NKP50000rrsQPH@W5TLAp:0000,0*08
2026-05-31T13:28:05.6721217Z $GPAAM,,,,N,*38
2026-05-31T13:28:05.7197763Z $GPAPB,,,,,,,,,,,,,,,N*26
2026-05-31T13:28:05.7197763Z $IIHDG,320.3,,,14.0,W*07
2026-05-31T13:28:05.7674340Z $GPBOD,,T,,M,,*47
2026-05-31T13:28:05.8152981Z $GPRMB,,,,,,,,,,,,,,N*04
2026-05-31T13:28:05.8152981Z $IIHDG,320.3,,,14.0,W*07
2026-05-31T13:28:05.8969571Z $IIHDG,320.2,,,14.0,W*06
2026-05-31T13:28:05.9594807Z $GPXTE,,,,,N,N*5E
2026-05-31T13:28:06.0074620Z $SDDBT,27.6,f,8.4,M,4.6,F*3B
2026-05-31T13:28:06.0074620Z !AIVDM,1,1,,,153>KLP000rrh:8H?V`8E6P80000,0*01
2026-05-31T13:28:06.0074620Z $IIHDG,320.2,,,14.0,W*06
2026-05-31T13:28:06.0558401Z $SDDPT,8.4,0.0,*77
2026-05-31T13:28:06.0558401Z $SDMTW,14.8,C*09
2026-05-31T13:28:06.0558401Z $SDVLW,,N,39.8,N,3042.4,N,32.5,N*43
2026-05-31T13:28:06.1037315Z $SDVHW,306.1,T,320.1,M,0.0,N,0.0,K*46
2026-05-31T13:28:06.1037315Z $IIHDG,320.1,,,14.0,W*05
2026-05-31T13:28:06.1523999Z $WIMWD,305.1,T,319.1,M,5.5,N,2.8,M*5D
2026-05-31T13:28:06.1523999Z !AIVDM,1,1,,,B52oU<@16nfsoB65N>RQWwP00000,0*05
2026-05-31T13:28:06.1995465Z $WIMWV,359.1,R,5.3,N,A*2B
2026-05-31T13:28:06.1995465Z $WIMWV,358.9,T,5.5,N,A*22
2026-05-31T13:28:06.1995465Z !AIVDM,1,1,,,E>k`vt<r0h@@@@@@@@@@@@@@@@@=MwTH<E=u@00000000?,4*12
2026-05-31T13:28:06.2479317Z $IIHDG,320.1,,,14.0,W*05
2026-05-31T13:28:06.2959437Z $IIXDR,C,13.1,C,AIRTEMP,A,2.6,D,HEEL,A,0.2,D,TRIM,P,1.015,B,BARO,A,-0.3,D,RUDDER*37
2026-05-31T13:28:06.3443236Z $IIHDG,320.0,,,14.0,W*04
2026-05-31T13:28:06.3924633Z $GNGGA,132804,4230.0919,N,07050.4986,W,2,00,0.50,8,M,-32.6,M,,*4D
2026-05-31T13:28:06.3924633Z $GPGLC,9960,,,13928.94,A,25847.50,A,44324.31,A,60280.08,A,,*73
2026-05-31T13:28:06.4408027Z $IIHDG,320.0,,,14.0,W*04
2026-05-31T13:28:06.4408027Z $GPGLL,4230.0920,N,07050.4986,W,132804,A,D*53
2026-05-31T13:28:06.4408027Z $GNGSA,A,3,,,,,,,,,,,,,0.70,0.50,0.50*1B
2026-05-31T13:28:06.4408027Z $GNGSV,3,1,11,01,12,054,,03,37,058,,06,61,249,,11,21,239,*69
2026-05-31T13:28:06.4408027Z $GNGSV,3,2,11,12,08,320,,14,39,166,,17,67,067,,19,68,323,*60
2026-05-31T13:28:06.4408027Z $GNGSV,3,3,11,22,58,174,,24,13,284,,44,23,237,*55
2026-05-31T13:28:06.5096869Z $IIHDG,319.9,,,14.0,W*07
2026-05-31T13:28:06.5534909Z $GPRMC,132804,A,4230.0920,N,07050.4986,W,0.1,208.0,310526,14.1,W,D*21
2026-05-31T13:28:06.6006711Z $GPVTG,208.0,T,222.1,M,0.1,N,0.2,K,A*29
2026-05-31T13:28:06.6006711Z $GPZDA,132804,31,05,2026,04,00*41
2026-05-31T13:28:06.6514663Z $IIHDG,319.9,,,14.0,W*07
2026-05-31T13:28:06.6940291Z $GPAAM,,,,N,*38
2026-05-31T13:28:06.7434393Z $GPAPB,,,,,,,,,,,,,,,N*26
2026-05-31T13:28:06.7434393Z $IIHDG,319.9,,,14.0,W*07
2026-05-31T13:28:06.7434393Z $GPBOD,,T,,M,,*47
2026-05-31T13:28:06.8543613Z $GPRMB,,,,,,,,,,,,,,N*04
2026-05-31T13:28:06.9004912Z $IIHDG,319.8,,,14.0,W*06
2026-05-31T13:28:06.9477477Z !AIVDM,1,1,,,18IPTf001Nrs@f@H>b>QhAH20000,0*75
2026-05-31T13:28:06.9477477Z $GPXTE,,,,,N,N*5E
2026-05-31T13:28:06.9959117Z $IIHDG,319.7,,,14.0,W*09
2026-05-31T13:28:06.9959117Z $SDDBT,27.6,f,8.4,M,4.6,F*3B
2026-05-31T13:28:07.0454178Z $SDDPT,8.4,0.0,*77
2026-05-31T13:28:07.0454178Z $SDMTW,14.8,C*09
2026-05-31T13:28:07.0945742Z $SDVLW,,N,39.8,N,3042.4,N,32.5,N*43
2026-05-31T13:28:07.0945742Z $IIHDG,319.7,,,14.0,W*09
2026-05-31T13:28:07.0952706Z $SDVHW,305.6,T,319.7,M,0.0,N,0.0,K*4E
2026-05-31T13:28:07.1377346Z $WIMWD,304.5,T,318.5,M,5.2,N,2.7,M*55
2026-05-31T13:28:07.1856704Z !AIVDM,1,1,,,152Wpn<01IrsKA`H?l=2nj@82000,0*6D
2026-05-31T13:28:07.1856704Z $IIHDG,319.6,,,14.0,W*08
2026-05-31T13:28:07.1856704Z $WIMWV,358.7,R,5.3,N,A*2C
2026-05-31T13:28:07.1856704Z $WIMWV,358.8,T,5.2,N,A*24
2026-05-31T13:28:07.2339727Z !AIVDM,1,1,,,15NO=iPPP8JrovPH>Wc;T7P<0000,0*59
2026-05-31T13:28:07.2811978Z $IIHDG,319.6,,,14.0,W*08
2026-05-31T13:28:07.2811978Z $IIXDR,C,13.1,C,AIRTEMP,A,3.3,D,HEEL,A,-0.1,D,TRIM,P,1.015,B,BARO,A,-0.4,D,RUDDER*1A
2026-05-31T13:28:07.3543213Z $GNGGA,132805,4230.0919,N,07050.4986,W,2,00,0.50,8,M,-32.6,M,,*4C
2026-05-31T13:28:07.4102779Z $IIHDG,319.5,,,14.0,W*0B
2026-05-31T13:28:07.4102779Z $GPGLC,9960,,,13928.94,A,25847.50,A,44324.31,A,60280.08,A,,*73
2026-05-31T13:28:07.4555338Z $GPGLL,4230.0920,N,07050.4986,W,132805,A,D*52
2026-05-31T13:28:07.4555338Z $GNGSA,A,3,,,,,,,,,,,,,0.70,0.50,0.50*1B
2026-05-31T13:28:07.4555338Z $GNGSV,3,1,11,01,12,054,,03,37,058,,06,61,249,,11,21,239,*69
2026-05-31T13:28:07.4605650Z $GNGSV,3,2,11,12,08,320,,14,39,166,,17,67,067,,19,68,323,*60
2026-05-31T13:28:07.4619681Z $GNGSV,3,3,11,22,58,174,,24,13,284,,44,23,237,*55
2026-05-31T13:28:07.5045056Z $IIHDG,319.5,,,14.0,W*0B
2026-05-31T13:28:07.5532839Z $GPRMC,132805,A,4230.0920,N,07050.4986,W,0.1,208.0,310526,14.1,W,D*20
2026-05-31T13:28:07.5980155Z !AIVDM,1,1,,,15MeF10P00Jrjt`H@0c9cgv>0000,0*34
2026-05-31T13:28:07.5980155Z $GPVTG,208.0,T,222.1,M,0.1,N,0.2,K,A*29
2026-05-31T13:28:07.5980155Z $IIHDG,319.4,,,14.0,W*0A
2026-05-31T13:28:07.5980155Z $GPZDA,132805,31,05,2026,04,00*40
2026-05-31T13:28:07.6619956Z $GPAAM,,,,N,*38
2026-05-31T13:28:07.7107860Z $IIHDG,319.4,,,14.0,W*0A
2026-05-31T13:28:07.7107860Z $GPAPB,,,,,,,,,,,,,,,N*26
2026-05-31T13:28:07.7579050Z !AIVDM,1,1,,,15N9sFP001rrso@H@`f9vDn>0000,0*49
2026-05-31T13:28:07.7579050Z $GPBOD,,T,,M,,*47
2026-05-31T13:28:07.8059500Z $IIHDG,319.4,,,14.0,W*0A
2026-05-31T13:28:07.8558749Z $GPRMB,,,,,,,,,,,,,,N*04
2026-05-31T13:28:07.9015697Z $IIHDG,319.3,,,14.0,W*0D
2026-05-31T13:28:07.9514982Z $GPXTE,,,,,N,N*5E
2026-05-31T13:28:07.9977784Z $IIHDG,319.3,,,14.0,W*0D
2026-05-31T13:28:07.9977784Z $SDDBT,27.6,f,8.4,M,4.6,F*3B
2026-05-31T13:28:08.0464384Z $SDDPT,8.4,0.0,*77
2026-05-31T13:28:08.0464384Z $SDMTW,14.8,C*09
2026-05-31T13:28:08.0939837Z $SDVLW,,N,39.8,N,3042.4,N,32.5,N*43
2026-05-31T13:28:08.0939837Z $IIHDG,319.3,,,14.0,W*0D
2026-05-31T13:28:08.0939837Z $SDVHW,305.2,T,319.3,M,0.0,N,0.0,K*4E
2026-05-31T13:28:08.1463890Z !AIVDM,1,1,,,15NK=p003vrsj9`H=L44C3B<0000,0*6B
2026-05-31T13:28:08.1463890Z $WIMWD,304.6,T,318.6,M,4.9,N,2.5,M*5D
2026-05-31T13:28:08.1905303Z $IIHDG,319.3,,,14.0,W*0D
2026-05-31T13:28:08.1905303Z $WIMWV,359.2,R,5.2,N,A*29
2026-05-31T13:28:08.1905303Z $WIMWV,359.2,T,4.9,N,A*25
2026-05-31T13:28:08.2386100Z !AIVDM,1,1,,,15Ngd7003wJs@0pH=qPdDab>0000,0*2D
2026-05-31T13:28:08.2870959Z $IIHDG,319.3,,,14.0,W*0D
2026-05-31T13:28:08.2870959Z $IIXDR,C,13.1,C,AIRTEMP,A,3.0,D,HEEL,A,-0.1,D,TRIM,P,1.015,B,BARO,A,-0.3,D,RUDDER*1E
2026-05-31T13:28:08.3607640Z $GNGGA,132806,4230.0920,N,07050.4986,W,2,00,0.50,8,M,-32.6,M,,*45
2026-05-31T13:28:08.4174462Z $IIHDG,319.2,,,14.0,W*0C
2026-05-31T13:28:08.4174462Z $GPGLC,9960,,,13928.94,A,25847.50,A,44324.31,A,60280.08,A,,*73
2026-05-31T13:28:08.4174462Z $GPGLL,4230.0920,N,07050.4986,W,132806,A,D*51
2026-05-31T13:28:08.4643750Z $GNGSA,A,3,,,,,,,,,,,,,0.70,0.50,0.50*1B
2026-05-31T13:28:08.4643750Z $GNGSV,3,1,11,01,12,054,,03,37,058,,06,61,249,,11,21,239,*69
2026-05-31T13:28:08.4688194Z $GNGSV,3,2,11,12,08,320,,14,39,166,,17,67,067,,19,68,323,*60
2026-05-31T13:28:08.4688194Z $GNGSV,3,3,11,22,58,174,,24,13,284,,44,23,237,*55
2026-05-31T13:28:08.4688194Z $IIHDG,319.2,,,14.0,W*0C
2026-05-31T13:28:08.5370157Z $GPRMC,132806,A,4230.0920,N,07050.4986,W,0.1,208.0,310526,14.1,W,D*23
2026-05-31T13:28:08.5919121Z $GPVTG,208.0,T,222.1,M,0.1,N,0.2,K,A*29
2026-05-31T13:28:08.5919121Z $IIHDG,319.2,,,14.0,W*0C
2026-05-31T13:28:08.5919121Z $GPZDA,132806,31,05,2026,04,00*43
2026-05-31T13:28:08.6577650Z $GPAAM,,,,N,*38
2026-05-31T13:28:08.7038559Z $IIHDG,319.2,,,14.0,W*0C
2026-05-31T13:28:08.7038559Z $GPAPB,,,,,,,,,,,,,,,N*26
2026-05-31T13:28:08.7511703Z $GPBOD,,T,,M,,*47
2026-05-31T13:28:08.8023950Z $IIHDG,319.1,,,14.0,W*0F
2026-05-31T13:28:08.8573097Z $GPRMB,,,,,,,,,,,,,,N*04
2026-05-31T13:28:08.8583532Z !AIVDM,1,1,,,B52amA@006fpR:65BW;Q3wP00000,0*3F
2026-05-31T13:28:08.9106911Z $IIHDG,319.1,,,14.0,W*0F
2026-05-31T13:28:08.9106911Z !AIVDM,1,1,,,35NwCQPOPNrs>W@HBfS;b9h<0000,0*68
2026-05-31T13:28:08.9583519Z $GPXTE,,,,,N,N*5E
2026-05-31T13:28:08.9583519Z !AIVDM,1,1,,,15NQsE?P00rtNW`HH3`<2gv>2000,0*2A
2026-05-31T13:28:09.0060604Z $IIHDG,319.0,,,14.0,W*0E
2026-05-31T13:28:09.0060604Z $SDDBT,27.6,f,8.4,M,4.6,F*3B
2026-05-31T13:28:09.0544101Z $SDDPT,8.4,0.0,*77
2026-05-31T13:28:09.0544101Z $SDMTW,14.8,C*09
2026-05-31T13:28:09.0544101Z !AIVDM,1,1,,,352l5NhPQcrs@jpH>go1AA2>0000,0*56
2026-05-31T13:28:09.0583518Z $SDVLW,,N,39.8,N,3042.4,N,32.5,N*43
2026-05-31T13:28:09.1022407Z $IIHDG,319.0,,,14.0,W*0E
2026-05-31T13:28:09.1022407Z $SDVHW,304.9,T,319.0,M,0.0,N,0.0,K*47
2026-05-31T13:28:09.1498036Z $WIMWD,304.0,T,318.1,M,4.7,N,2.4,M*53
2026-05-31T13:28:09.1982525Z $IIHDG,318.9,,,14.0,W*06
2026-05-31T13:28:09.1982525Z $WIMWV,358.8,R,5.1,N,A*21
2026-05-31T13:28:09.2021002Z $WIMWV,358.8,T,4.7,N,A*20
2026-05-31T13:28:09.2467218Z !AIVDM,1,1,,,ENk`sl>`@@@@@@@@@@@@@@@@@@@=OTgH<LwsP00000000?,4*70
2026-05-31T13:28:09.3100862Z $IIHDG,318.9,,,14.0,W*06
2026-05-31T13:28:09.3100862Z !AIVDM,1,1,,,15N:gRP000rrhaHH?CIbi7j@0000,0*68
2026-05-31T13:28:09.3100862Z $IIXDR,C,13.1,C,AIRTEMP,A,2.0,D,HEEL,A,0.7,D,TRIM,P,1.015,B,BARO,A,-0.4,D,RUDDER*33
2026-05-31T13:28:09.3589398Z $GNGGA,132807,4230.0920,N,07050.4986,W,2,00,0.50,8,M,-32.6,M,,*44
2026-05-31T13:28:09.4091658Z $IIHDG,318.8,,,14.0,W*07
2026-05-31T13:28:09.4091658Z $GPGLC,9960,,,13928.94,A,25847.50,A,44324.31,A,60280.08,A,,*73
2026-05-31T13:28:09.4540373Z $GPGLL,4230.0920,N,07050.4986,W,132807,A,D*50
2026-05-31T13:28:09.4540373Z $GNGSA,A,3,,,,,,,,,,,,,0.70,0.50,0.50*1B
2026-05-31T13:28:09.4540373Z $GNGSV,3,1,11,01,12,054,,03,37,058,,06,61,249,,11,21,239,*69
2026-05-31T13:28:09.4540373Z $GNGSV,3,2,11,12,08,320,,14,39,166,,17,67,067,,19,68,323,*60
2026-05-31T13:28:09.4540373Z $GNGSV,3,3,11,22,58,174,,24,13,284,,44,23,237,*55
2026-05-31T13:28:09.5018682Z $IIHDG,318.7,,,14.0,W*08
2026-05-31T13:28:09.5520231Z $GPRMC,132807,A,4230.0920,N,07050.4986,W,0.1,208.0,310526,14.1,W,D*22
2026-05-31T13:28:09.5969948Z $GPVTG,208.0,T,222.1,M,0.1,N,0.2,K,A*29
2026-05-31T13:28:09.5969948Z $IIHDG,318.6,,,14.0,W*09
2026-05-31T13:28:09.5969948Z $GPZDA,132807,31,05,2026,04,00*42
2026-05-31T13:28:09.6616790Z $GPAAM,,,,N,*38
2026-05-31T13:28:09.7080740Z $IIHDG,318.6,,,14.0,W*09
2026-05-31T13:28:09.7080740Z $GPAPB,,,,,,,,,,,,,,,N*26
2026-05-31T13:28:09.7582856Z $GPBOD,,T,,M,,*47
2026-05-31T13:28:09.8045320Z $IIHDG,318.5,,,14.0,W*0A
2026-05-31T13:28:09.8519518Z $GPRMB,,,,,,,,,,,,,,N*04
2026-05-31T13:28:09.9001122Z $IIHDG,318.4,,,14.0,W*0B
2026-05-31T13:28:09.9495727Z $GPXTE,,,,,N,N*5E
2026-05-31T13:28:09.9960141Z $IIHDG,318.4,,,14.0,W*0B
2026-05-31T13:28:09.9960141Z $SDDBT,27.6,f,8.4,M,4.6,F*3B
2026-05-31T13:28:10.0439980Z $SDDPT,8.4,0.0,*77
2026-05-31T13:28:10.0439980Z $SDMTW,14.8,C*09
2026-05-31T13:28:10.0929431Z $SDVLW,,N,39.8,N,3042.4,N,32.5,N*43
2026-05-31T13:28:10.0929431Z $SDVHW,304.3,T,318.4,M,0.0,N,0.0,K*48
2026-05-31T13:28:10.0929431Z $IIHDG,318.4,,,14.0,W*0B
2026-05-31T13:28:10.1449744Z $WIMWD,302.0,T,316.0,M,4.5,N,2.3,M*5F
2026-05-31T13:28:10.1914851Z $WIMWV,357.4,R,4.8,N,A*2A
2026-05-31T13:28:10.1914851Z $WIMWV,357.7,T,4.5,N,A*22
2026-05-31T13:28:10.1914851Z $IIHDG,318.3,,,14.0,W*0C
2026-05-31T13:28:10.1914851Z !AIVDM,1,1,,,ENk`sl>`@@@@@@@@@@@@@@@@@@@=OTgH<LwsP00000000?,4*70
2026-05-31T13:28:10.2669312Z $IIHDG,318.3,,,14.0,W*0C
2026-05-31T13:28:10.3328140Z !AIVDM,1,1,,,18I<UK000>rt@3hHC3UQa1if0000,0*75
2026-05-31T13:28:10.3328140Z $IIXDR,C,13.1,C,AIRTEMP,A,2.0,D,HEEL,A,0.1,D,TRIM,P,1.015,B,BARO,A,-0.1,D,RUDDER*30
2026-05-31T13:28:10.3768253Z $GNGGA,132808,4230.0920,N,07050.4986,W,2,00,0.50,9,M,-32.6,M,,*4A
2026-05-31T13:28:10.3768253Z $IIHDG,318.3,,,14.0,W*0C
2026-05-31T13:28:10.4328373Z $GPGLC,9960,,,13928.94,A,25847.50,A,44324.31,A,60280.08,A,,*73
2026-05-31T13:28:10.4328373Z $GPGLL,4230.0920,N,07050.4986,W,132808,A,D*5F
2026-05-31T13:28:10.4328373Z !AIVDM,1,1,,,352l5NhPQcrs@kPH>guQB10@0000,0*02
2026-05-31T13:28:10.4884982Z $GNGSA,A,3,,,,,,,,,,,,,0.70,0.50,0.60*18
2026-05-31T13:28:10.4884982Z $GNGSV,3,1,11,01,12,054,,03,37,058,,06,61,249,,11,21,239,*69
2026-05-31T13:28:10.4884982Z $GNGSV,3,2,11,12,08,320,,14,39,166,,17,67,067,,19,68,323,*60
2026-05-31T13:28:10.4884982Z $GNGSV,3,3,11,22,58,174,,24,13,284,,44,23,237,*55
2026-05-31T13:28:10.4884982Z $IIHDG,318.2,,,14.0,W*0D
2026-05-31T13:28:10.5375538Z $GPRMC,132808,A,4230.0920,N,07050.4986,W,0.1,208.0,310526,14.1,W,D*2D
2026-05-31T13:28:10.5861324Z $GPVTG,208.0,T,222.1,M,0.1,N,0.2,K,A*29
2026-05-31T13:28:10.5861324Z $GPZDA,132808,31,05,2026,04,00*4D
2026-05-31T13:28:10.5861324Z $IIHDG,318.2,,,14.0,W*0D
2026-05-31T13:28:10.6636496Z $GPAAM,,,,N,*38
2026-05-31T13:28:10.7117870Z $IIHDG,318.2,,,14.0,W*0D
2026-05-31T13:28:10.7117870Z !AIVDM,1,1,,,B5Mn8Q000>fdwP63gFATGwP00000,0*10
2026-05-31T13:28:10.7117870Z $GPAPB,,,,,,,,,,,,,,,N*26
2026-05-31T13:28:10.7616823Z $GPBOD,,T,,M,,*47
2026-05-31T13:28:10.8075529Z $IIHDG,318.1,,,14.0,W*0E
2026-05-31T13:28:10.8549233Z $GPRMB,,,,,,,,,,,,,,N*04
2026-05-31T13:28:10.9026236Z $IIHDG,318.1,,,14.0,W*0E
2026-05-31T13:28:10.9502376Z $GPXTE,,,,,N,N*5E
2026-05-31T13:28:10.9982995Z $IIHDG,318.0,,,14.0,W*0F
2026-05-31T13:28:10.9982995Z $SDDBT,27.6,f,8.4,M,4.6,F*3B
2026-05-31T13:28:11.0483760Z $SDDPT,8.4,0.0,*77
2026-05-31T13:28:11.0483760Z $SDMTW,14.8,C*09
2026-05-31T13:28:11.0966099Z $SDVLW,,N,39.8,N,3042.4,N,32.5,N*43
2026-05-31T13:28:11.0966099Z $SDVHW,303.9,T,318.0,M,0.0,N,0.0,K*41
2026-05-31T13:28:11.0966099Z $IIHDG,318.0,,,14.0,W*0F
2026-05-31T13:28:11.1449344Z $WIMWD,300.5,T,314.6,M,5.0,N,2.6,M*5D
2026-05-31T13:28:11.1891350Z $WIMWV,356.5,R,4.8,N,A*2A
2026-05-31T13:28:11.1891350Z $WIMWV,356.5,T,5.0,N,A*25
2026-05-31T13:28:11.1891350Z $IIHDG,318.0,,,14.0,W*0F
2026-05-31T13:28:11.2769440Z $IIHDG,317.9,,,14.0,W*09
2026-05-31T13:28:11.3252360Z $IIXDR,C,13.1,C,AIRTEMP,A,3.0,D,HEEL,A,0.4,D,TRIM,P,1.015,B,BARO,A,-0.3,D,RUDDER*36
2026-05-31T13:28:11.3760031Z $GNGGA,132809,4230.0920,N,07050.4986,W,2,02,0.50,8,M,-32.6,M,,*48
2026-05-31T13:28:11.4202628Z $GPGLC,9960,,,13928.94,A,25847.50,A,44324.31,A,60280.08,A,,*73
2026-05-31T13:28:11.4202628Z $IIHDG,317.9,,,14.0,W*09
2026-05-31T13:28:11.4249329Z $GPGLL,4230.0920,N,07050.4986,W,132809,A,D*5E
2026-05-31T13:28:11.4678358Z $GNGSA,A,3,12,24,,,,,,,,,,,0.70,0.50,0.60*1D
2026-05-31T13:28:11.4678358Z $GNGSV,3,1,11,01,12,054,,03,37,058,,06,61,249,,11,21,239,*69
2026-05-31T13:28:11.4678358Z $GNGSV,3,2,11,12,08,320,34,14,39,166,,17,67,067,,19,68,323,*67
2026-05-31T13:28:11.4678358Z $GNGSV,3,3,11,22,58,174,,24,13,284,37,44,23,237,*51
2026-05-31T13:28:11.5155542Z $IIHDG,317.8,,,14.0,W*08
2026-05-31T13:28:11.5646701Z $GPRMC,132809,A,4230.0920,N,07050.4986,W,0.1,208.0,310526,14.1,W,D*2C
2026-05-31T13:28:11.5646701Z !AIVDM,1,1,,,1;KMsk@P00Jrh48H?W>56nVD0000,0*5E
2026-05-31T13:28:11.5646701Z $GPVTG,208.0,T,222.1,M,0.1,N,0.2,K,A*29
2026-05-31T13:28:11.6114484Z $GPZDA,132809,31,05,2026,04,00*4C
2026-05-31T13:28:11.6114484Z $IIHDG,317.8,,,14.0,W*08
2026-05-31T13:28:11.6607617Z !AIVDM,1,1,,,15OGwBPP0pJrlG8H?7=4lwvD0000,0*55
2026-05-31T13:28:11.7063581Z $GPAAM,,,,N,*38
2026-05-31T13:28:11.7063581Z $IIHDG,317.7,,,14.0,W*07
2026-05-31T13:28:11.7063581Z $GPAPB,,,,,,,,,,,,,,,N*26
2026-05-31T13:28:11.7542467Z !AIVDM,1,1,,,B52oU<@146fsk@65N9:Q;wP00000,0*5A
2026-05-31T13:28:11.7542467Z $GPBOD,,T,,M,,*47
2026-05-31T13:28:11.8516801Z $IIHDG,317.7,,,14.0,W*07
2026-05-31T13:28:11.8976623Z $GPRMB,,,,,,,,,,,,,,N*04
2026-05-31T13:28:11.9453068Z $GPXTE,,,,,N,N*5E
2026-05-31T13:28:11.9453068Z !AIVDM,1,1,,,15NK=p0PSprsjDhH=KdTEk@D0000,0*0B
2026-05-31T13:28:11.9453068Z !AIVDM,1,1,,,15NQUM4P00rrks`H>tpf4?vD2000,0*57
2026-05-31T13:28:11.9453068Z $IIHDG,317.7,,,14.0,W*07
2026-05-31T13:28:11.9990991Z $SDDBT,27.6,f,8.4,M,4.6,F*3B
2026-05-31T13:28:12.0421140Z $SDDPT,8.4,0.0,*77
2026-05-31T13:28:12.0421140Z $SDMTW,14.8,C*09
2026-05-31T13:28:12.0421140Z $IIHDG,317.6,,,14.0,W*06
2026-05-31T13:28:12.0880472Z $SDVLW,,N,39.8,N,3042.4,N,32.5,N*43
2026-05-31T13:28:12.0880472Z $SDVHW,303.6,T,317.6,M,0.0,N,0.0,K*47
2026-05-31T13:28:12.1399094Z $IIHDG,317.6,,,14.0,W*06
2026-05-31T13:28:12.1851054Z $WIMWD,300.4,T,314.5,M,5.3,N,2.7,M*5D
2026-05-31T13:28:12.1851054Z $WIMWV,356.7,R,5.0,N,A*21
2026-05-31T13:28:12.1851054Z $WIMWV,356.7,T,5.3,N,A*24
2026-05-31T13:28:12.2402560Z $IIHDG,317.6,,,14.0,W*06
2026-05-31T13:28:12.3015768Z $IIXDR,C,13.1,C,AIRTEMP,A,3.1,D,HEEL,A,0.2,D,TRIM,P,1.015,B,BARO,A,-0.2,D,RUDDER*30
2026-05-31T13:28:12.3421073Z $IIHDG,317.6,,,14.0,W*06
2026-05-31T13:28:12.3948552Z $GNGGA,132810,4230.0920,N,07050.4986,W,2,00,0.50,8,M,-32.6,M,,*42
2026-05-31T13:28:12.3948552Z $GPGLC,9960,,,13928.94,A,25847.50,A,44324.31,A,60280.08,A,,*73
2026-05-31T13:28:12.4385384Z $GPGLL,4230.0920,N,07050.4986,W,132810,A,D*56
2026-05-31T13:28:12.4385384Z $GNGSA,A,3,,,,,,,,,,,,,0.70,0.50,0.50*1B
2026-05-31T13:28:12.4385384Z $GNGSV,3,1,11,01,12,054,,03,37,058,,06,61,249,,11,21,239,*69
2026-05-31T13:28:12.4385384Z $GNGSV,3,2,11,12,08,320,,14,39,166,,17,67,067,,19,68,323,*60
2026-05-31T13:28:12.4385384Z $GNGSV,3,3,11,22,58,174,,24,13,284,,44,23,237,*55
2026-05-31T13:28:12.4895709Z $IIHDG,317.6,,,14.0,W*06
2026-05-31T13:28:12.5338964Z $GPRMC,132810,A,4230.0920,N,07050.4986,W,0.1,208.0,310526,14.1,W,D*24
2026-05-31T13:28:12.5821229Z $IIHDG,317.6,,,14.0,W*06
2026-05-31T13:28:12.5821229Z $GPVTG,208.0,T,222.1,M,0.1,N,0.2,K,A*29
2026-05-31T13:28:12.5821229Z $GPZDA,132810,31,05,2026,04,00*44
2026-05-31T13:28:12.6301862Z !AIVDM,1,1,,,B5OElb00<6fr?D65G<HE<;P00000,0*63
2026-05-31T13:28:12.6789483Z $IIHDG,317.6,,,14.0,W*06
2026-05-31T13:28:12.6789483Z !AIVDM,1,1,,,35Ngd70OT3Js?p`H=rDdG9fH0000,0*62
2026-05-31T13:28:12.6789483Z $GPAAM,,,,N,*38
2026-05-31T13:28:12.6789483Z !AIVDM,1,1,,,35NwCQPOPMrs>UpHBfVcnqpD0000,0*20
2026-05-31T13:28:12.7250496Z $GPAPB,,,,,,,,,,,,,,,N*26
2026-05-31T13:28:12.7735641Z $GPBOD,,T,,M,,*47
2026-05-31T13:28:12.7735641Z $IIHDG,317.6,,,14.0,W*06
2026-05-31T13:28:12.8211968Z !AIVDM,1,1,,,35NO=iPPP7Jrov0H>WccAoFH0000,0*43
2026-05-31T13:28:12.8692551Z $IIHDG,317.5,,,14.0,W*05
2026-05-31T13:28:12.9169814Z $GPRMB,,,,,,,,,,,,,,N*04
2026-05-31T13:28:12.9676635Z $GPXTE,,,,,N,N*5E
2026-05-31T13:28:12.9676635Z $IIHDG,317.5,,,14.0,W*05
2026-05-31T13:28:13.0123710Z $SDDBT,28.1,f,8.5,M,4.6,F*32
2026-05-31T13:28:13.0604679Z $SDDPT,8.6,0.0,*75
2026-05-31T13:28:13.0604679Z $SDMTW,14.8,C*09
2026-05-31T13:28:13.0604679Z $SDVLW,,N,39.8,N,3042.4,N,32.5,N*43
2026-05-31T13:28:13.0604679Z $IIHDG,317.5,,,14.0,W*05
2026-05-31T13:28:13.1084256Z $SDVHW,303.4,T,317.5,M,0.0,N,0.0,K*46
2026-05-31T13:28:13.1559718Z $WIMWD,299.3,T,313.3,M,5.6,N,2.9,M*51
2026-05-31T13:28:13.2043411Z $IIHDG,317.5,,,14.0,W*05
2026-05-31T13:28:13.2043411Z $WIMWV,355.6,R,5.2,N,A*21
2026-05-31T13:28:13.2043411Z $WIMWV,355.8,T,5.6,N,A*2D
2026-05-31T13:28:13.2521011Z !AIVDM,1,1,,,E>k`vt<r0h@@@@@@@@@@@@@@@@@=MwTH<E=u@00000000?,4*12
2026-05-31T13:28:13.3036643Z $IIHDG,317.4,,,14.0,W*04
2026-05-31T13:28:13.3036643Z $IIXDR,C,13.1,C,AIRTEMP,A,2.6,D,HEEL,A,0.2,D,TRIM,P,1.015,B,BARO,A,-0.3,D,RUDDER*37
2026-05-31T13:28:13.3473215Z !AIVDM,1,1,,,352l5NhPQbrs@mPH>h@Q@@vF0000,0*0C
2026-05-31T13:28:13.4196034Z $GNGGA,132811,4230.0920,N,07050.4986,W,2,00,0.50,8,M,-32.6,M,,*43
2026-05-31T13:28:13.4196034Z $IIHDG,317.4,,,14.0,W*04
2026-05-31T13:28:13.4196034Z $GPGLC,9960,,,13928.94,A,25847.50,A,44324.31,A,60280.08,A,,*73
2026-05-31T13:28:13.4196034Z !AIVDM,1,1,,,15MnF7<00EJrrOpH>go<BI`J0000,0*5E
2026-05-31T13:28:13.4743469Z $GPGLL,4230.0920,N,07050.4986,W,132811,A,D*57
2026-05-31T13:28:13.4743469Z $GNGSA,A,3,,,,,,,,,,,,,0.70,0.50,0.50*1B
2026-05-31T13:28:13.4743469Z $GNGSV,3,1,11,01,12,054,,03,37,058,,06,61,249,,11,21,239,*69
2026-05-31T13:28:13.4743469Z $GNGSV,3,2,11,12,08,320,,14,39,166,,17,67,067,,19,68,323,*60
2026-05-31T13:28:13.4743469Z $GNGSV,3,3,11,22,58,174,,24,13,284,,44,23,237,*55
2026-05-31T13:28:13.4743469Z $IIHDG,317.4,,,14.0,W*04
2026-05-31T13:28:13.5400772Z $GPRMC,132811,A,4230.0920,N,07050.4986,W,0.1,208.0,310526,14.1,W,D*25
2026-05-31T13:28:13.5864171Z $GPVTG,208.0,T,222.1,M,0.1,N,0.1,K,A*2A
2026-05-31T13:28:13.5864171Z $IIHDG,317.4,,,14.0,W*04
2026-05-31T13:28:13.5864171Z $GPZDA,132811,31,05,2026,04,00*45
2026-05-31T13:28:13.6503166Z $GPAAM,,,,N,*38
2026-05-31T13:28:13.7140610Z $IIHDG,317.4,,,14.0,W*04
2026-05-31T13:28:13.7140610Z $GPAPB,,,,,,,,,,,,,,,N*26
2026-05-31T13:28:13.7615583Z $GPBOD,,T,,M,,*47
2026-05-31T13:28:13.7615583Z !AIVDM,1,1,,,15NO=g;P00JrjqpH@10dbOvF2000,0*72
2026-05-31T13:28:13.8095703Z $IIHDG,317.3,,,14.0,W*03
2026-05-31T13:28:13.8727342Z $IIHDG,317.3,,,14.0,W*03
2026-05-31T13:28:13.9205307Z $GPRMB,,,,,,,,,,,,,,N*04
2026-05-31T13:28:13.9205307Z $GPXTE,,,,,N,N*5E
2026-05-31T13:28:13.9747111Z $IIHDG,317.3,,,14.0,W*03
2026-05-31T13:28:14.0310694Z $SDDBT,27.7,f,8.4,M,4.6,F*3A
2026-05-31T13:28:14.0310694Z $SDDPT,8.5,0.0,*76
2026-05-31T13:28:14.0834354Z $SDMTW,14.8,C*09
2026-05-31T13:28:14.0834354Z $SDVLW,,N,39.8,N,3042.4,N,32.5,N*43
2026-05-31T13:28:14.0834354Z $SDVHW,303.2,T,317.3,M,0.0,N,0.0,K*46
2026-05-31T13:28:14.0857999Z $IIHDG,317.3,,,14.0,W*03
2026-05-31T13:28:14.1455060Z $WIMWD,298.1,T,312.1,M,6.1,N,3.1,M*5C
2026-05-31T13:28:14.1905495Z $WIMWV,354.7,R,5.5,N,A*26
2026-05-31T13:28:14.1905495Z $WIMWV,354.8,T,6.1,N,A*28
2026-05-31T13:28:14.1905495Z $IIHDG,317.3,,,14.0,W*03
2026-05-31T13:28:14.1905495Z !AIVDM,1,1,,,E>k`vt<r0h@@@@@@@@@@@@@@@@@=MwTH<E=u@00000000?,4*12
2026-05-31T13:28:14.2379168Z !AIVDM,1,1,,,15O=hk5u1AJsGW@H>k;1MA840000,0*5C
2026-05-31T13:28:14.2861204Z $IIHDG,317.3,,,14.0,W*03
2026-05-31T13:28:14.2861204Z $IIXDR,C,13.1,C,AIRTEMP,A,3.3,D,HEEL,A,0.1,D,TRIM,P,1.015,B,BARO,A,0.0,D,RUDDER*1E
2026-05-31T13:28:14.3497807Z $GNGGA,132812,4230.0921,N,07050.4985,W,2,00,0.50,8,M,-32.6,M,,*42
2026-05-31T13:28:14.4149938Z $IIHDG,317.2,,,14.0,W*02
2026-05-31T13:28:14.4149938Z $GPGLC,9960,,,13928.94,A,25847.50,A,44324.31,A,60280.08,A,,*73
2026-05-31T13:28:14.4637083Z $GPGLL,4230.0921,N,07050.4985,W,132812,A,D*56
2026-05-31T13:28:14.4637083Z $GNGSA,A,3,,,,,,,,,,,,,0.70,0.50,0.50*1B
2026-05-31T13:28:14.4637083Z $GNGSV,3,1,11,01,12,054,,03,37,058,,06,61,249,,11,21,239,*69
2026-05-31T13:28:14.4637083Z $GNGSV,3,2,11,12,08,320,,14,39,166,,17,67,067,,19,68,323,*60
2026-05-31T13:28:14.4637083Z $GNGSV,3,3,11,22,58,174,,24,13,284,,44,23,237,*55
2026-05-31T13:28:14.5093227Z $IIHDG,317.2,,,14.0,W*02
2026-05-31T13:28:14.5570534Z $GPRMC,132812,A,4230.0921,N,07050.4985,W,0.1,208.0,310526,14.1,W,D*24
2026-05-31T13:28:14.6066155Z $GPVTG,208.0,T,222.1,M,0.1,N,0.1,K,A*2A
2026-05-31T13:28:14.6066155Z $GPZDA,132812,31,05,2026,04,00*46
2026-05-31T13:28:14.6066155Z $IIHDG,317.2,,,14.0,W*02
2026-05-31T13:28:14.6523308Z !AIVDM,1,1,,,15NO=dP000JroUHH>Wt:H5`L0000,0*2F
2026-05-31T13:28:14.6999909Z $GPAAM,,,,N,*38
2026-05-31T13:28:14.6999909Z $IIHDG,317.2,,,14.0,W*02
2026-05-31T13:28:14.6999909Z $GPAPB,,,,,,,,,,,,,,,N*26
2026-05-31T13:28:14.7513930Z $GPBOD,,T,,M,,*47
2026-05-31T13:28:14.7962459Z $IIHDG,317.2,,,14.0,W*02
2026-05-31T13:28:14.8483935Z !AIVDM,1,1,,,19NSfbh000rrnu@H>W:3S8FF0000,0*36
2026-05-31T13:28:14.9065147Z $GPRMB,,,,,,,,,,,,,,N*04
2026-05-31T13:28:14.9065147Z $IIHDG,317.2,,,14.0,W*02
2026-05-31T13:28:14.9558417Z $GPXTE,,,,,N,N*5E
2026-05-31T13:28:15.0017800Z $IIHDG,317.2,,,14.0,W*02
2026-05-31T13:28:15.0017800Z $SDDBT,27.6,f,8.4,M,4.6,F*3B
2026-05-31T13:28:15.0528448Z $SDDPT,8.4,0.0,*77
2026-05-31T13:28:15.0528448Z $SDMTW,14.8,C*09
2026-05-31T13:28:15.0978917Z $SDVLW,,N,39.8,N,3042.4,N,32.5,N*43
2026-05-31T13:28:15.0978917Z $SDVHW,303.1,T,317.2,M,0.0,N,0.0,K*44
2026-05-31T13:28:15.0978917Z $IIHDG,317.2,,,14.0,W*02
2026-05-31T13:28:15.1461827Z !AIVDM,1,1,,,15Ngd70OT4Js?jPH=rtdHIhL0000,0*08
2026-05-31T13:28:15.1461827Z $WIMWD,297.6,T,311.6,M,6.5,N,3.3,M*56
2026-05-31T13:28:15.1943333Z $WIMWV,354.4,R,5.9,N,A*29
2026-05-31T13:28:15.1943333Z $WIMWV,354.4,T,6.5,N,A*20
2026-05-31T13:28:15.1943333Z $IIHDG,317.2,,,14.0,W*02
2026-05-31T13:28:15.2742338Z $IIHDG,317.2,,,14.0,W*02
2026-05-31T13:28:15.3385524Z $IIXDR,C,13.1,C,AIRTEMP,A,3.4,D,HEEL,A,-0.1,D,TRIM,P,1.015,B,BARO,A,-0.4,D,RUDDER*1D
2026-05-31T13:28:15.3892558Z $GNGGA,132813,4230.0921,N,07050.4985,W,2,00,0.50,8,M,-32.6,M,,*43
2026-05-31T13:28:15.3892558Z $GPGLC,9960,,,13928.94,A,25847.50,A,44324.31,A,60280.08,A,,*73
2026-05-31T13:28:15.3892558Z $IIHDG,317.1,,,14.0,W*01
2026-05-31T13:28:15.4356694Z $GPGLL,4230.0921,N,07050.4985,W,132813,A,D*57
2026-05-31T13:28:15.4356694Z $GNGSA,A,3,,,,,,,,,,,,,0.70,0.50,0.50*1B
2026-05-31T13:28:15.4356694Z $GNGSV,3,1,11,01,12,054,,03,37,058,,06,61,249,,11,21,239,*69
2026-05-31T13:28:15.4356694Z $GNGSV,3,2,11,12,08,320,,14,39,166,,17,67,067,,19,68,323,*60
2026-05-31T13:28:15.4356694Z $GNGSV,3,3,11,22,58,174,,24,13,284,,44,23,237,*55
2026-05-31T13:28:15.4816077Z $IIHDG,317.1,,,14.0,W*01
2026-05-31T13:28:15.5332280Z $GPRMC,132813,A,4230.0921,N,07050.4985,W,0.1,208.0,310526,14.1,W,D*25
2026-05-31T13:28:15.5938786Z $GPVTG,208.0,T,222.1,M,0.1,N,0.1,K,A*2A
2026-05-31T13:28:15.5938786Z $GPZDA,132813,31,05,2026,04,00*47
2026-05-31T13:28:15.5938786Z $IIHDG,317.1,,,14.0,W*01
2026-05-31T13:28:15.6418667Z !AIVDM,1,1,,,15NKP50000rrsQ8H@W5TLApN0000,0*14
2026-05-31T13:28:15.7051138Z $GPAAM,,,,N,*38
2026-05-31T13:28:15.7051138Z $IIHDG,317.1,,,14.0,W*01
2026-05-31T13:28:15.7051138Z $GPAPB,,,,,,,,,,,,,,,N*26
2026-05-31T13:28:15.7526822Z $GPBOD,,T,,M,,*47
2026-05-31T13:28:15.8075457Z $IIHDG,317.1,,,14.0,W*01
2026-05-31T13:28:15.8780100Z !AIVDM,1,1,,,15NwCQPOPKrs>U8HBfc;qJ0J0000,0*6B
2026-05-31T13:28:15.9277661Z $GPRMB,,,,,,,,,,,,,,N*04
2026-05-31T13:28:15.9277661Z $IIHDG,317.1,,,14.0,W*01
2026-05-31T13:28:15.9277661Z $GPXTE,,,,,N,N*5E
2026-05-31T13:28:15.9966165Z $SDDBT,27.5,f,8.4,M,4.5,F*3B
2026-05-31T13:28:16.0387474Z $IIHDG,317.1,,,14.0,W*01
2026-05-31T13:28:16.0387474Z $SDDPT,8.4,0.0,*77
2026-05-31T13:28:16.0387474Z $SDMTW,14.8,C*09
2026-05-31T13:28:16.1012816Z $SDVLW,,N,39.8,N,3042.4,N,32.5,N*43
2026-05-31T13:28:16.1012816Z $SDVHW,303.1,T,317.1,M,0.0,N,0.0,K*47
2026-05-31T13:28:16.1012816Z $IIHDG,317.1,,,14.0,W*01
2026-05-31T13:28:16.1520251Z !AIVDM,1,1,,,B52oU<@13VfsgL65N3jP3wP00000,0*6E
2026-05-31T13:28:16.1520251Z $WIMWD,297.5,T,311.5,M,6.4,N,3.3,M*57
2026-05-31T13:28:16.1957355Z $WIMWV,354.3,R,6.1,N,A*25
2026-05-31T13:28:16.1957355Z $WIMWV,354.3,T,6.4,N,A*26
2026-05-31T13:28:16.2434078Z $IIHDG,317.1,,,14.0,W*01
2026-05-31T13:28:16.2907779Z $IIXDR,C,13.1,C,AIRTEMP,A,2.0,D,HEEL,A,0.3,D,TRIM,P,1.015,B,BARO,A,-0.3,D,RUDDER*30
2026-05-31T13:28:16.3391089Z $IIHDG,317.1,,,14.0,W*01
2026-05-31T13:28:16.3391089Z !AIVDM,1,1,,,18IPTf001Nrs@mPH>blQj1DF0000,0*36
2026-05-31T13:28:16.3860813Z !AIVDM,1,1,,,152l5NhPQbrs@o@H>hSQ=@tL0000,0*7A
2026-05-31T13:28:16.3860813Z $GNGGA,132814,4230.0922,N,07050.4985,W,2,00,0.50,8,M,-32.6,M,,*47
2026-05-31T13:28:16.3860813Z $GPGLC,9960,,,13928.94,A,25847.50,A,44324.31,A,60280.08,A,,*73
2026-05-31T13:28:16.4339519Z $IIHDG,317.1,,,14.0,W*01
2026-05-31T13:28:16.4339519Z $GPGLL,4230.0922,N,07050.4985,W,132814,A,D*53
2026-05-31T13:28:16.4339519Z $GNGSA,A,3,,,,,,,,,,,,,0.70,0.50,0.50*1B
2026-05-31T13:28:16.4339519Z $GNGSV,3,1,11,01,12,054,,03,37,058,,06,61,249,,11,21,239,*69
2026-05-31T13:28:16.4339519Z $GNGSV,3,2,11,12,08,320,,14,39,166,,17,67,067,,19,68,323,*60
2026-05-31T13:28:16.4339519Z $GNGSV,3,3,11,22,58,174,,24,13,284,,44,23,237,*55
2026-05-31T13:28:16.5003324Z $IIHDG,317.1,,,14.0,W*01
2026-05-31T13:28:16.5458696Z $GPRMC,132814,A,4230.0922,N,07050.4985,W,0.1,208.0,310526,14.1,W,D*21
2026-05-31T13:28:16.5937829Z $GPVTG,208.0,T,222.1,M,0.1,N,0.2,K,A*29
2026-05-31T13:28:16.5937829Z $GPZDA,132814,31,05,2026,04,00*40
2026-05-31T13:28:16.6418826Z $IIHDG,317.1,,,14.0,W*01
2026-05-31T13:28:16.6955559Z $GPAAM,,,,N,*38
2026-05-31T13:28:16.7364647Z $GPAPB,,,,,,,,,,,,,,,N*26
2026-05-31T13:28:16.7364647Z $IIHDG,317.1,,,14.0,W*01
2026-05-31T13:28:16.7364647Z $GPBOD,,T,,M,,*47
2026-05-31T13:28:16.8458089Z $IIHDG,317.1,,,14.0,W*01
2026-05-31T13:28:16.8948078Z $GPRMB,,,,,,,,,,,,,,N*04
2026-05-31T13:28:16.9427967Z $GPXTE,,,,,N,N*5E
2026-05-31T13:28:16.9427967Z $IIHDG,317.0,,,14.0,W*00
2026-05-31T13:28:16.9907016Z $SDDBT,27.6,f,8.4,M,4.6,F*3B
2026-05-31T13:28:17.0385847Z $SDDPT,8.4,0.0,*77
2026-05-31T13:28:17.0385847Z $IIHDG,317.1,,,14.0,W*01
2026-05-31T13:28:17.1018078Z $SDMTW,14.8,C*09
2026-05-31T13:28:17.1018078Z $SDVLW,,N,39.8,N,3042.4,N,32.5,N*43
2026-05-31T13:28:17.1018078Z $SDVHW,303.0,T,317.1,M,0.0,N,0.0,K*46
2026-05-31T13:28:17.1525042Z $IIHDG,317.0,,,14.0,W*00
2026-05-31T13:28:17.1525042Z $WIMWD,295.9,T,309.9,M,6.5,N,3.3,M*5D
2026-05-31T13:28:17.1958147Z $WIMWV,352.8,R,6.2,N,A*2B
2026-05-31T13:28:17.1958147Z $WIMWV,352.8,T,6.5,N,A*2A
2026-05-31T13:28:17.2442253Z $IIHDG,317.0,,,14.0,W*00
2026-05-31T13:28:17.2914639Z $IIXDR,C,13.1,C,AIRTEMP,A,1.0,D,HEEL,A,0.2,D,TRIM,P,1.015,B,BARO,A,-0.2,D,RUDDER*33
2026-05-31T13:28:17.3392365Z $IIHDG,317.0,,,14.0,W*00
2026-05-31T13:28:17.3872983Z $GNGGA,132815,4230.0922,N,07050.4985,W,2,00,0.50,8,M,-32.6,M,,*46
2026-05-31T13:28:17.3872983Z $GPGLC,9960,,,13928.94,A,25847.50,A,44324.31,A,60280.08,A,,*73
2026-05-31T13:28:17.4353614Z $GPGLL,4230.0922,N,07050.4985,W,132815,A,D*52
2026-05-31T13:28:17.4353614Z $GNGSA,A,3,,,,,,,,,,,,,0.70,0.50,0.50*1B
2026-05-31T13:28:17.4353614Z $GNGSV,3,1,11,01,12,054,,03,37,058,,06,61,249,,11,21,239,*69
2026-05-31T13:28:17.4353614Z $GNGSV,3,2,11,12,08,320,,14,39,166,,17,67,067,,19,68,323,*60
2026-05-31T13:28:17.4353614Z $GNGSV,3,3,11,22,58,174,,24,13,284,,44,23,237,*55
2026-05-31T13:28:17.4831577Z $IIHDG,317.0,,,14.0,W*00
2026-05-31T13:28:17.5321082Z $GPRMC,132815,A,4230.0922,N,07050.4985,W,0.1,208.0,310526,14.1,W,D*20
2026-05-31T13:28:17.5958904Z $IIHDG,317.0,,,14.0,W*00
2026-05-31T13:28:17.5958904Z $GPVTG,208.0,T,222.1,M,0.1,N,0.1,K,A*2A
2026-05-31T13:28:17.5958904Z $GPZDA,132815,31,05,2026,04,00*41
2026-05-31T13:28:17.6529289Z $IIHDG,317.0,,,14.0,W*00
2026-05-31T13:28:17.7077028Z $GPAAM,,,,N,*38
2026-05-31T13:28:17.7077028Z $GPAPB,,,,,,,,,,,,,,,N*26
2026-05-31T13:28:17.7557580Z $GPBOD,,T,,M,,*47
2026-05-31T13:28:17.7557580Z $IIHDG,317.0,,,14.0,W*00
2026-05-31T13:28:17.8524793Z $IIHDG,317.0,,,14.0,W*00
2026-05-31T13:28:17.9010211Z $GPRMB,,,,,,,,,,,,,,N*04
2026-05-31T13:28:17.9490302Z $GPXTE,,,,,N,N*5E
2026-05-31T13:28:18.0011330Z $IIHDG,317.0,,,14.0,W*00
2026-05-31T13:28:18.0018065Z $SDDBT,27.6,f,8.4,M,4.6,F*3B
2026-05-31T13:28:18.0455115Z $SDDPT,8.4,0.0,*77
2026-05-31T13:28:18.0455115Z $SDMTW,14.8,C*09
2026-05-31T13:28:18.0939819Z $IIHDG,317.0,,,14.0,W*00
2026-05-31T13:28:18.0939819Z $SDVLW,,N,39.8,N,3042.4,N,32.5,N*43
2026-05-31T13:28:18.0939819Z $SDVHW,302.9,T,317.0,M,0.0,N,0.0,K*4F
2026-05-31T13:28:18.1472742Z $WIMWD,295.9,T,309.9,M,6.7,N,3.5,M*59
2026-05-31T13:28:18.1897417Z $IIHDG,317.0,,,14.0,W*00
2026-05-31T13:28:18.1897417Z $WIMWV,352.9,R,6.4,N,A*2C
2026-05-31T13:28:18.1897417Z $WIMWV,353.0,T,6.7,N,A*21
2026-05-31T13:28:18.1897417Z !AIVDM,1,1,,,ENk`sl>`@@@@@@@@@@@@@@@@@@@=OTgH<LwsP00000000?,4*70
2026-05-31T13:28:18.2532193Z $IIHDG,317.0,,,14.0,W*00
2026-05-31T13:28:18.3008460Z $IIXDR,C,13.1,C,AIRTEMP,A,2.5,D,HEEL,A,0.1,D,TRIM,P,1.015,B,BARO,A,-0.2,D,RUDDER*36
2026-05-31T13:28:18.3508624Z !AIVDM,1,1,,,B5Nc8PP00>fq0265L?H03wP00000,0*02
2026-05-31T13:28:18.4123140Z $IIHDG,317.0,,,14.0,W*00
2026-05-31T13:28:18.4123140Z $GNGGA,132816,4230.0923,N,07050.4984,W,2,00,0.50,8,M,-32.6,M,,*45
2026-05-31T13:28:18.4123140Z $GPGLC,9960,,,13928.94,A,25847.50,A,44324.31,A,60280.08,A,,*73
2026-05-31T13:28:18.4598946Z $GPGLL,4230.0923,N,07050.4984,W,132816,A,D*51
2026-05-31T13:28:18.4598946Z $GNGSA,A,3,,,,,,,,,,,,,0.70,0.50,0.50*1B
2026-05-31T13:28:18.4598946Z $GNGSV,3,1,11,01,12,054,,03,37,058,,06,61,249,,11,21,239,*69
2026-05-31T13:28:18.4598946Z $GNGSV,3,2,11,12,08,320,,14,39,166,,17,67,067,,19,68,323,*60
2026-05-31T13:28:18.4598946Z $GNGSV,3,3,11,22,58,174,,24,13,284,,44,23,237,*55
2026-05-31T13:28:18.4598946Z $IIHDG,317.0,,,14.0,W*00
2026-05-31T13:28:18.5397514Z $GPRMC,132816,A,4230.0923,N,07050.4985,W,0.1,208.0,310526,14.1,W,D*22
2026-05-31T13:28:18.5875152Z $IIHDG,317.0,,,14.0,W*00
2026-05-31T13:28:18.5875152Z $GPVTG,208.0,T,222.1,M,0.1,N,0.1,K,A*2A
2026-05-31T13:28:18.5875152Z $GPZDA,132816,31,05,2026,04,00*42
2026-05-31T13:28:18.6508531Z $IIHDG,317.0,,,14.0,W*00
2026-05-31T13:28:18.7018519Z $GPAAM,,,,N,*38
2026-05-31T13:28:18.7018519Z $GPAPB,,,,,,,,,,,,,,,N*26
2026-05-31T13:28:18.7471723Z $GPBOD,,T,,M,,*47
2026-05-31T13:28:18.7945992Z $IIHDG,317.0,,,14.0,W*00
2026-05-31T13:28:18.7945992Z !AIVDM,1,1,,,152Wpn<01JrsKKhH?lO2qB@L2000,0*5D
2026-05-31T13:28:18.8605445Z $IIHDG,317.0,,,14.0,W*00
2026-05-31T13:28:18.9060803Z $GPRMB,,,,,,,,,,,,,,N*04
2026-05-31T13:28:18.9538795Z $GPXTE,,,,,N,N*5E
2026-05-31T13:28:19.0013777Z $IIHDG,316.9,,,14.0,W*08
2026-05-31T13:28:19.0013777Z $SDDBT,27.6,f,8.4,M,4.6,F*3B
2026-05-31T13:28:19.0495108Z $SDDPT,8.4,0.0,*77
2026-05-31T13:28:19.0495108Z $SDMTW,14.8,C*09
2026-05-31T13:28:19.0973095Z $SDVLW,,N,39.8,N,3042.4,N,32.5,N*43
2026-05-31T13:28:19.0973095Z $IIHDG,316.9,,,14.0,W*08
2026-05-31T13:28:19.0973095Z $SDVHW,302.8,T,316.9,M,0.0,N,0.0,K*46
2026-05-31T13:28:19.0973095Z !AIVDM,1,1,,,35N1c70000JrmvpH?GD9KU`R0000,0*78
2026-05-31T13:28:19.1466475Z $WIMWD,297.3,T,311.4,M,7.0,N,3.6,M*50
2026-05-31T13:28:19.2092290Z $IIHDG,316.9,,,14.0,W*08
2026-05-31T13:28:19.2092290Z $WIMWV,354.6,R,6.6,N,A*27
2026-05-31T13:28:19.2092290Z $WIMWV,354.6,T,7.0,N,A*26
2026-05-31T13:28:19.2566751Z $IIHDG,316.9,,,14.0,W*08
2026-05-31T13:28:19.3208303Z $IIXDR,C,13.1,C,AIRTEMP,A,4.6,D,HEEL,A,0.6,D,TRIM,P,1.015,B,BARO,A,-0.3,D,RUDDER*35
2026-05-31T13:28:19.3682658Z $GNGGA,132817,4230.0923,N,07050.4985,W,2,00,0.50,8,M,-32.6,M,,*45
2026-05-31T13:28:19.3682658Z $IIHDG,316.8,,,14.0,W*09
2026-05-31T13:28:19.4160444Z $GPGLC,9960,,,13928.94,A,25847.50,A,44324.31,A,60280.08,A,,*73
2026-05-31T13:28:19.4160444Z $GPGLL,4230.0923,N,07050.4985,W,132817,A,D*51
2026-05-31T13:28:19.4639304Z $GNGSA,A,3,,,,,,,,,,,,,0.70,0.50,0.60*18
2026-05-31T13:28:19.4639304Z $GNGSV,3,1,11,01,12,054,,03,37,058,,06,61,249,,11,21,239,*69
2026-05-31T13:28:19.4639304Z $GNGSV,3,2,11,12,08,320,,14,39,166,,17,67,067,,19,68,323,*60
2026-05-31T13:28:19.4639304Z $GNGSV,3,3,11,22,58,174,,24,13,284,,44,23,237,*55
2026-05-31T13:28:19.5121050Z $IIHDG,316.8,,,14.0,W*09
2026-05-31T13:28:19.5599237Z $GPRMC,132817,A,4230.0923,N,07050.4985,W,0.1,208.0,310526,14.1,W,D*23
2026-05-31T13:28:19.5599237Z $GPVTG,208.0,T,222.1,M,0.1,N,0.1,K,A*2A
2026-05-31T13:28:19.6089306Z $IIHDG,316.8,,,14.0,W*09
2026-05-31T13:28:19.6089306Z $GPZDA,132817,31,05,2026,04,00*43
2026-05-31T13:28:19.6547825Z !AIVDM,1,1,,,35NwCQPOPGrs>T@HBfg<<:4R0000,0*3E
2026-05-31T13:28:19.7032883Z $GPAAM,,,,N,*38
2026-05-31T13:28:19.7069537Z $IIHDG,316.8,,,14.0,W*09
2026-05-31T13:28:19.7069537Z $GPAPB,,,,,,,,,,,,,,,N*26
2026-05-31T13:28:19.7510577Z $GPBOD,,T,,M,,*47
2026-05-31T13:28:19.7984548Z $IIHDG,316.8,,,14.0,W*09
2026-05-31T13:28:19.8505199Z !AIVDM,1,1,,,35NO=iPPP6JrouHH>WecS7@V0000,0*6D
2026-05-31T13:28:19.9008167Z $IIHDG,316.9,,,14.0,W*08
2026-05-31T13:28:19.9008167Z $GPRMB,,,,,,,,,,,,,,N*04
2026-05-31T13:28:19.9433525Z $GPXTE,,,,,N,N*5E
2026-05-31T13:28:19.9890536Z !AIVDM,1,1,,,15N:gRP000rrhaHH?CIbgGjV0000,0*00
2026-05-31T13:28:19.9890536Z $IIHDG,316.9,,,14.0,W*08
2026-05-31T13:28:20.0368741Z $SDDBT,27.6,f,8.4,M,4.6,F*3B
2026-05-31T13:28:20.0368741Z $SDDPT,8.4,0.0,*77
2026-05-31T13:28:20.0851266Z $SDMTW,14.8,C*09
2026-05-31T13:28:20.0851266Z $SDVLW,,N,39.8,N,3042.4,N,32.5,N*43
2026-05-31T13:28:20.0851266Z $SDVHW,302.9,T,316.9,M,0.0,N,0.0,K*47
2026-05-31T13:28:20.0851266Z $IIHDG,316.9,,,14.0,W*08
2026-05-31T13:28:20.1505498Z $WIMWD,299.4,T,313.4,M,6.9,N,3.5,M*50
2026-05-31T13:28:20.1951439Z $WIMWV,356.5,R,6.7,N,A*27
2026-05-31T13:28:20.1951439Z $WIMWV,356.4,T,6.9,N,A*2E
2026-05-31T13:28:20.1951439Z $IIHDG,317.0,,,14.0,W*00
2026-05-31T13:28:20.2748729Z $IIHDG,317.0,,,14.0,W*00
2026-05-31T13:28:20.3232304Z $IIXDR,C,13.1,C,AIRTEMP,A,3.5,D,HEEL,A,-0.1,D,TRIM,P,1.015,B,BARO,A,-0.3,D,RUDDER*1B
2026-05-31T13:28:20.3717468Z $GNGGA,132818,4230.0922,N,07050.4985,W,2,00,0.50,8,M,-32.6,M,,*4B
2026-05-31T13:28:20.4197256Z $GPGLC,9960,,,13928.94,A,25847.50,A,44324.31,A,60280.08,A,,*73
2026-05-31T13:28:20.4197256Z $IIHDG,317.1,,,14.0,W*01
2026-05-31T13:28:20.4197256Z $GPGLL,4230.0922,N,07050.4985,W,132818,A,D*5F
2026-05-31T13:28:20.4855351Z $GNGSA,A,3,,,,,,,,,,,,,0.70,0.50,0.50*1B
2026-05-31T13:28:20.4855351Z $GNGSV,3,1,11,01,12,054,,03,37,058,,06,61,249,,11,21,239,*69
2026-05-31T13:28:20.4855351Z $GNGSV,3,2,11,12,08,320,,14,39,166,,17,67,067,,19,68,323,*60
2026-05-31T13:28:20.4855351Z $GNGSV,3,3,11,22,58,174,,24,13,284,,44,23,237,*55
2026-05-31T13:28:20.5319754Z $IIHDG,317.2,,,14.0,W*02
2026-05-31T13:28:20.5800522Z $GPRMC,132818,A,4230.0922,N,07050.4985,W,0.1,208.0,310526,14.1,W,D*2D
2026-05-31T13:28:20.5800522Z $GPVTG,208.0,T,222.1,M,0.1,N,0.1,K,A*2A
2026-05-31T13:28:20.5800522Z $GPZDA,132818,31,05,2026,04,00*4C
2026-05-31T13:28:20.6306958Z $IIHDG,317.2,,,14.0,W*02
2026-05-31T13:28:20.6306958Z !AIVDM,1,1,,,18I<UK00P>rt@4pHC3cQg1h<0000,0*61
2026-05-31T13:28:20.6771895Z $GPAAM,,,,N,*38
2026-05-31T13:28:20.7236699Z $IIHDG,317.3,,,14.0,W*03
2026-05-31T13:28:20.7236699Z $GPAPB,,,,,,,,,,,,,,,N*26
2026-05-31T13:28:20.7762886Z $GPBOD,,T,,M,,*47
2026-05-31T13:28:20.8361258Z $IIHDG,317.4,,,14.0,W*04
2026-05-31T13:28:20.8865200Z $GPRMB,,,,,,,,,,,,,,N*04
2026-05-31T13:28:20.9315943Z $IIHDG,317.4,,,14.0,W*04
2026-05-31T13:28:20.9315943Z $GPXTE,,,,,N,N*5E
2026-05-31T13:28:20.9886209Z $IIHDG,317.5,,,14.0,W*05
2026-05-31T13:28:21.0440490Z $SDDBT,27.6,f,8.4,M,4.6,F*3B
2026-05-31T13:28:21.0440490Z $SDDPT,8.4,0.0,*77
2026-05-31T13:28:21.0440490Z $SDMTW,14.8,C*09
2026-05-31T13:28:21.0900790Z $SDVLW,,N,39.8,N,3042.4,N,32.5,N*43
2026-05-31T13:28:21.0940217Z $SDVHW,303.4,T,317.5,M,0.0,N,0.0,K*46
2026-05-31T13:28:21.0940217Z $IIHDG,317.5,,,14.0,W*05
2026-05-31T13:28:21.1381467Z $WIMWD,299.6,T,313.7,M,7.2,N,3.7,M*59
2026-05-31T13:28:21.2018380Z $WIMWV,356.1,R,6.9,N,A*2D
2026-05-31T13:28:21.2018380Z $WIMWV,356.2,T,7.2,N,A*22
2026-05-31T13:28:21.2018380Z $IIHDG,317.5,,,14.0,W*05
2026-05-31T13:28:21.2516626Z !AIVDM,1,1,,,352l5NhPQbrs@r@H>i3Q80rV0000,0*6D
2026-05-31T13:28:21.3060453Z $IIXDR,C,13.1,C,AIRTEMP,A,0.8,D,HEEL,A,0.5,D,TRIM,P,1.015,B,BARO,A,-0.3,D,RUDDER*3C
2026-05-31T13:28:21.3060453Z $IIHDG,317.5,,,14.0,W*05
2026-05-31T13:28:21.3626817Z $GNGGA,132819,4230.0922,N,07050.4984,W,2,00,0.50,8,M,-32.6,M,,*4B
2026-05-31T13:28:21.4206705Z $GPGLC,9960,,,13928.94,A,25847.50,A,44324.31,A,60280.08,A,,*73
2026-05-31T13:28:21.4218909Z $IIHDG,317.5,,,14.0,W*05
2026-05-31T13:28:21.4234570Z $GPGLL,4230.0922,N,07050.4984,W,132819,A,D*5F
2026-05-31T13:28:21.4658197Z !AIVDM,1,1,,,B52oU<@19VfscP65MurOGwP00000,0*4A
2026-05-31T13:28:21.4658197Z $GNGSA,A,3,,,,,,,,,,,,,0.70,0.50,0.50*1B
2026-05-31T13:28:21.4658197Z $GNGSV,3,1,11,01,12,054,,03,37,058,,06,61,249,,11,21,239,*69
2026-05-31T13:28:21.4658197Z $GNGSV,3,2,11,12,08,320,,14,39,166,,17,67,067,,19,68,323,*60
2026-05-31T13:28:21.4658197Z $GNGSV,3,3,11,22,58,174,,24,13,284,,44,23,237,*55
2026-05-31T13:28:21.5135672Z !AIVDM,1,1,,,35NwCQPOPErs>ShHBfi<B:6V0000,0*65
2026-05-31T13:28:21.5135672Z $IIHDG,317.5,,,14.0,W*05
2026-05-31T13:28:21.5619763Z $GPRMC,132819,A,4230.0922,N,07050.4985,W,0.1,208.0,310526,14.1,W,D*2C
2026-05-31T13:28:21.5619763Z $GPVTG,208.0,T,222.1,M,0.0,N,0.1,K,A*2B
2026-05-31T13:28:21.6101947Z $GPZDA,132819,31,05,2026,04,00*4D
2026-05-31T13:28:21.6138915Z $IIHDG,317.5,,,14.0,W*05
2026-05-31T13:28:21.6652847Z $GPAAM,,,,N,*38
2026-05-31T13:28:21.7239180Z $GPAPB,,,,,,,,,,,,,,,N*26
2026-05-31T13:28:21.7239180Z $IIHDG,317.5,,,14.0,W*05
2026-05-31T13:28:21.7703039Z $GPBOD,,T,,M,,*47
2026-05-31T13:28:21.8660885Z $IIHDG,317.4,,,14.0,W*04
2026-05-31T13:28:21.9161380Z $GPRMB,,,,,,,,,,,,,,N*04
2026-05-31T13:28:21.9618461Z $GPXTE,,,,,N,N*5E
2026-05-31T13:28:22.0101755Z $IIHDG,317.4,,,14.0,W*04
2026-05-31T13:28:22.0101755Z $SDDBT,27.9,f,8.5,M,4.6,F*35
2026-05-31T13:28:22.0605897Z $SDDPT,8.5,0.0,*76
2026-05-31T13:28:22.0605897Z $SDMTW,14.8,C*09
2026-05-31T13:28:22.0605897Z $SDVLW,,N,39.8,N,3042.4,N,32.5,N*43
2026-05-31T13:28:22.1135092Z $IIHDG,317.3,,,14.0,W*03
2026-05-31T13:28:22.1141376Z $SDVHW,303.3,T,317.3,M,0.0,N,0.0,K*47
2026-05-31T13:28:22.1717020Z $WIMWD,299.2,T,313.3,M,6.3,N,3.2,M*5C
2026-05-31T13:28:22.1717020Z $IIHDG,317.3,,,14.0,W*03
2026-05-31T13:28:22.2164086Z $WIMWV,356.2,R,6.7,N,A*20
2026-05-31T13:28:22.2164086Z $WIMWV,356.2,T,6.1,N,A*20
2026-05-31T13:28:22.2164086Z !AIVDM,1,1,,,E>k`vt<r0h@@@@@@@@@@@@@@@@@=MwTH<E=u@00000000?,4*12
2026-05-31T13:28:22.2164086Z !AIVDM,1,1,,,15MnF7<00EJrrNPH>gwdAI`b0000,0*14
2026-05-31T13:28:22.2643392Z !AIVDM,1,1,,,H52M=24T000000000000000P5220,0*6F
2026-05-31T13:28:22.3125438Z $IIHDG,317.3,,,14.0,W*03
2026-05-31T13:28:22.3125438Z $IIXDR,C,13.1,C,AIRTEMP,A,1.0,D,HEEL,A,0.5,D,TRIM,P,1.015,B,BARO,A,-0.2,D,RUDDER*34
2026-05-31T13:28:22.3601993Z $GNGGA,132820,4230.0923,N,07050.4984,W,2,00,0.50,8,M,-32.6,M,,*40
2026-05-31T13:28:22.4078244Z $IIHDG,317.3,,,14.0,W*03
2026-05-31T13:28:22.4078244Z $GPGLC,9960,,,13928.94,A,25847.50,A,44324.31,A,60280.08,A,,*73
2026-05-31T13:28:22.4078244Z !AIVDM,1,1,,,15OGwBPP0qJrlLhH?6nTo?v`0000,0*52
2026-05-31T13:28:22.4559368Z $GPGLL,4230.0923,N,07050.4984,W,132820,A,D*54
2026-05-31T13:28:22.4559368Z $GNGSA,A,3,,,,,,,,,,,,,0.70,0.50,0.50*1B
2026-05-31T13:28:22.4559368Z $GNGSV,3,1,11,01,12,054,,03,37,058,,06,61,249,,11,21,239,*69
2026-05-31T13:28:22.4559368Z $GNGSV,3,2,11,12,08,320,,14,39,166,,17,67,067,,19,68,323,*60
2026-05-31T13:28:22.4559368Z $GNGSV,3,3,11,22,58,174,,24,13,284,,44,23,237,*55
2026-05-31T13:28:22.5036306Z $IIHDG,317.3,,,14.0,W*03
2026-05-31T13:28:22.5036306Z !AIVDM,1,1,,,15Ngd70044Js?TPH=tK<Kqjd0000,0*59
2026-05-31T13:28:22.5036306Z !AIVDM,1,1,,,352l5Nh01crs@rhH>i;17Pt`0000,0*73
2026-05-31T13:28:22.5518339Z $GPRMC,132820,A,4230.0923,N,07050.4984,W,0.0,208.0,310526,14.1,W,D*27
2026-05-31T13:28:22.6028552Z $GPVTG,208.0,T,222.1,M,0.0,N,0.0,K,A*2A
2026-05-31T13:28:22.6028552Z $IIHDG,317.3,,,14.0,W*03
2026-05-31T13:28:22.6028552Z $GPZDA,132820,31,05,2026,04,00*47
2026-05-31T13:28:22.6649364Z $GPAAM,,,,N,*38
2026-05-31T13:28:22.7145243Z $IIHDG,317.3,,,14.0,W*03
2026-05-31T13:28:22.7145243Z $GPAPB,,,,,,,,,,,,,,,N*26
2026-05-31T13:28:22.7597862Z $GPBOD,,T,,M,,*47
2026-05-31T13:28:22.8076975Z $IIHDG,317.4,,,14.0,W*04
2026-05-31T13:28:22.8076975Z !AIVDM,1,1,,,35NO=iP006Jrou@H>Wg<2oBd0000,0*31
2026-05-31T13:28:22.8765482Z $IIHDG,317.4,,,14.0,W*04
2026-05-31T13:28:22.9211198Z $GPRMB,,,,,,,,,,,,,,N*04
2026-05-31T13:28:22.9682034Z $GPXTE,,,,,N,N*5E
2026-05-31T13:28:23.0153999Z $IIHDG,317.4,,,14.0,W*04
2026-05-31T13:28:23.0153999Z $SDDBT,28.0,f,8.5,M,4.6,F*33
2026-05-31T13:28:23.0627790Z $SDDPT,8.6,0.0,*75
2026-05-31T13:28:23.0627790Z $SDMTW,14.8,C*09
2026-05-31T13:28:23.0627790Z $SDVLW,,N,39.8,N,3042.4,N,32.5,N*43
2026-05-31T13:28:23.1102625Z $SDVHW,303.4,T,317.4,M,0.0,N,0.0,K*47
2026-05-31T13:28:23.1102625Z $IIHDG,317.4,,,14.0,W*04
2026-05-31T13:28:23.1102625Z !AIVDM,1,1,,,15NP?:PP00rtQlhHHMjf4?vb2000,0*77
2026-05-31T13:28:23.1605352Z $WIMWD,301.6,T,315.7,M,6.7,N,3.4,M*58
2026-05-31T13:28:23.2065987Z $WIMWV,358.2,R,6.6,N,A*2F
2026-05-31T13:28:23.2065987Z $WIMWV,358.1,T,6.7,N,A*2B
2026-05-31T13:28:23.2104430Z $IIHDG,317.5,,,14.0,W*05
2026-05-31T13:28:23.2704330Z $IIHDG,317.5,,,14.0,W*05
2026-05-31T13:28:23.3339075Z $IIXDR,C,13.1,C,AIRTEMP,A,3.7,D,HEEL,A,0.2,D,TRIM,P,1.015,B,BARO,A,-0.4,D,RUDDER*30
2026-05-31T13:28:23.3821043Z $GNGGA,132821,4230.0922,N,07050.4984,W,2,00,0.50,8,M,-32.6,M,,*40
2026-05-31T13:28:23.3821043Z $GPGLC,9960,,,13928.94,A,25847.50,A,44324.31,A,60280.08,A,,*73
2026-05-31T13:28:23.4294696Z $IIHDG,317.6,,,14.0,W*06
2026-05-31T13:28:23.4294696Z $GPGLL,4230.0922,N,07050.4984,W,132821,A,D*54
2026-05-31T13:28:23.4771155Z $GNGSA,A,3,,,,,,,,,,,,,0.70,0.50,0.50*1B
2026-05-31T13:28:23.4771155Z $GNGSV,3,1,11,01,12,054,,03,37,058,,06,61,249,,11,21,239,*69
2026-05-31T13:28:23.4771155Z $GNGSV,3,2,11,12,08,320,,14,39,166,,17,67,067,,19,68,323,*60
2026-05-31T13:28:23.4771155Z $GNGSV,3,3,11,22,58,174,,24,13,284,,44,23,237,*55
2026-05-31T13:28:23.4771155Z !AIVDM,1,1,,,H52TGr4U000000000000000h5050,0*70
2026-05-31T13:28:23.5253503Z !AIVDM,1,1,,,15NNo2P0h0rroIHH?FRSwV4b0000,0*2F
2026-05-31T13:28:23.5253503Z $IIHDG,317.6,,,14.0,W*06
2026-05-31T13:28:23.5729685Z $GPRMC,132821,A,4230.0922,N,07050.4984,W,0.0,208.0,310526,14.1,W,D*27
2026-05-31T13:28:23.5729685Z $GPVTG,208.0,T,222.1,M,0.0,N,0.0,K,A*2A
2026-05-31T13:28:23.5729685Z $GPZDA,132821,31,05,2026,04,00*46
2026-05-31T13:28:23.6361843Z $IIHDG,317.7,,,14.0,W*07
2026-05-31T13:28:23.6842150Z $GPAAM,,,,N,*38
2026-05-31T13:28:23.7323320Z $IIHDG,317.7,,,14.0,W*07
2026-05-31T13:28:23.7323320Z $GPAPB,,,,,,,,,,,,,,,N*26
2026-05-31T13:28:23.7323320Z !AIVDM,1,1,,,15NO=g;P00Jrjq`H@11dbOvb2000,0*47
2026-05-31T13:28:23.7797248Z $GPBOD,,T,,M,,*47
2026-05-31T13:28:23.8293872Z $IIHDG,317.7,,,14.0,W*07
2026-05-31T13:28:23.8877971Z $GPRMB,,,,,,,,,,,,,,N*04
2026-05-31T13:28:23.9421445Z $IIHDG,317.7,,,14.0,W*07
2026-05-31T13:28:23.9421445Z $GPXTE,,,,,N,N*5E
2026-05-31T13:28:23.9910528Z $IIHDG,317.7,,,14.0,W*07
2026-05-31T13:28:24.0345483Z $SDDBT,27.6,f,8.4,M,4.6,F*3B
2026-05-31T13:28:24.0345483Z $SDDPT,8.4,0.0,*77
2026-05-31T13:28:24.0827892Z $SDMTW,14.8,C*09
2026-05-31T13:28:24.0827892Z $SDVLW,,N,39.8,N,3042.4,N,32.5,N*43
2026-05-31T13:28:24.0827892Z $SDVHW,303.7,T,317.8,M,0.0,N,0.0,K*48
2026-05-31T13:28:24.1354407Z $IIHDG,317.8,,,14.0,W*08
2026-05-31T13:28:24.1860096Z $WIMWD,305.7,T,319.8,M,7.1,N,3.6,M*5B
2026-05-31T13:28:24.1860096Z $WIMWV,2.0,R,6.8,N,A*2F
2026-05-31T13:28:24.1860096Z $WIMWV,1.5,T,7.1,N,A*27
2026-05-31T13:28:24.2418083Z $IIHDG,317.8,,,14.0,W*08
2026-05-31T13:28:24.2929309Z $IIXDR,C,13.1,C,AIRTEMP,A,4.6,D,HEEL,A,0.1,D,TRIM,P,1.015,B,BARO,A,-0.5,D,RUDDER*34
2026-05-31T13:28:24.3382847Z $IIHDG,317.8,,,14.0,W*08
2026-05-31T13:28:24.3861164Z $GNGGA,132822,4230.0921,N,07050.4984,W,2,00,0.50,8,M,-32.6,M,,*40
2026-05-31T13:28:24.3861164Z $GPGLC,9960,,,13928.94,A,25847.50,A,44324.31,A,60280.08,A,,*73
2026-05-31T13:28:24.4341606Z $IIHDG,317.8,,,14.0,W*08
2026-05-31T13:28:24.4341606Z $GPGLL,4230.0921,N,07050.4984,W,132822,A,D*54
2026-05-31T13:28:24.4341606Z $GNGSA,A,3,,,,,,,,,,,,,0.70,0.50,0.50*1B
2026-05-31T13:28:24.4341606Z $GNGSV,3,1,11,01,12,054,,03,37,058,,06,61,249,,11,21,239,*69
2026-05-31T13:28:24.4341606Z $GNGSV,3,2,11,12,08,320,,14,39,166,,17,67,067,,19,68,323,*60
2026-05-31T13:28:24.4341606Z $GNGSV,3,3,11,22,58,174,,24,13,284,,44,23,237,*55
2026-05-31T13:28:24.5087635Z $IIHDG,317.8,,,14.0,W*08
2026-05-31T13:28:24.5635789Z $GPRMC,132822,A,4230.0921,N,07050.4984,W,0.0,208.0,310526,14.1,W,D*27
2026-05-31T13:28:24.5635789Z $GPVTG,208.0,T,222.1,M,0.0,N,0.0,K,A*2A
2026-05-31T13:28:24.6134868Z $GPZDA,132822,31,05,2026,04,00*45
2026-05-31T13:28:24.6134868Z !AIVDM,1,1,,,15O=hk5t1AJsGf8H>l2QGQ8L0000,0*18
2026-05-31T13:28:24.6161644Z $IIHDG,317.8,,,14.0,W*08
2026-05-31T13:28:24.6623933Z $GPAAM,,,,N,*38
2026-05-31T13:28:24.7220826Z $GPAPB,,,,,,,,,,,,,,,N*26
2026-05-31T13:28:24.7220826Z $IIHDG,317.9,,,14.0,W*09
2026-05-31T13:28:24.7701735Z $GPBOD,,T,,M,,*47
2026-05-31T13:28:24.8191775Z $IIHDG,317.9,,,14.0,W*09
2026-05-31T13:28:24.8658806Z !AIVDM,1,1,,,153>KLP000rrh:8H?VW8E6Pf0000,0*68
2026-05-31T13:28:24.9138984Z $GPRMB,,,,,,,,,,,,,,N*04
2026-05-31T13:28:24.9138984Z $IIHDG,317.9,,,14.0,W*09
2026-05-31T13:28:24.9620489Z $GPXTE,,,,,N,N*5E
2026-05-31T13:28:25.0109628Z $SDDBT,27.6,f,8.4,M,4.6,F*3B
2026-05-31T13:28:25.0109628Z $IIHDG,317.9,,,14.0,W*09
2026-05-31T13:28:25.0607703Z $SDDPT,8.4,0.0,*77
2026-05-31T13:28:25.0607703Z $SDMTW,14.8,C*09
2026-05-31T13:28:25.1066911Z $SDVLW,,N,39.8,N,3042.4,N,32.5,N*43
2026-05-31T13:28:25.1066911Z $SDVHW,303.9,T,317.9,M,0.0,N,0.0,K*47
2026-05-31T13:28:25.1114286Z $IIHDG,317.9,,,14.0,W*09
2026-05-31T13:28:25.1551019Z $WIMWD,308.2,T,322.2,M,6.2,N,3.2,M*57
2026-05-31T13:28:25.2022894Z $WIMWV,4.3,R,6.7,N,A*25
2026-05-31T13:28:25.2022894Z $WIMWV,4.3,T,6.2,N,A*26
2026-05-31T13:28:25.2500736Z $IIHDG,317.9,,,14.0,W*09
2026-05-31T13:28:25.2998449Z $IIXDR,C,13.1,C,AIRTEMP,A,2.1,D,HEEL,A,-0.1,D,TRIM,P,1.015,B,BARO,A,-0.3,D,RUDDER*1E
2026-05-31T13:28:25.3460988Z $IIHDG,318.0,,,14.0,W*0F
2026-05-31T13:28:25.3940647Z $GNGGA,132823,4230.0921,N,07050.4985,W,2,00,0.50,8,M,-32.6,M,,*40
2026-05-31T13:28:25.3940647Z $GPGLC,9960,,,13928.94,A,25847.50,A,44324.31,A,60280.08,A,,*73
2026-05-31T13:28:25.4420260Z $IIHDG,318.0,,,14.0,W*0F
2026-05-31T13:28:25.4420260Z $GPGLL,4230.0921,N,07050.4985,W,132823,A,D*54
2026-05-31T13:28:25.4420260Z $GNGSA,A,3,,,,,,,,,,,,,0.70,0.50,0.50*1B
2026-05-31T13:28:25.4420260Z $GNGSV,3,1,11,01,12,054,,03,37,058,,06,61,249,,11,21,239,*69
2026-05-31T13:28:25.4420260Z $GNGSV,3,2,11,12,08,320,,14,39,166,,17,67,067,,19,68,323,*60
2026-05-31T13:28:25.4420260Z $GNGSV,3,3,11,22,58,174,,24,13,284,,44,23,237,*55
2026-05-31T13:28:25.5060412Z !AIVDM,1,1,,,15NO=dP000JroU`H>Wr:H5dj0000,0*23
2026-05-31T13:28:25.5550116Z $IIHDG,318.0,,,14.0,W*0F
2026-05-31T13:28:25.5550116Z $GPRMC,132823,A,4230.0921,N,07050.4985,W,0.0,208.0,310526,14.1,W,D*27
2026-05-31T13:28:25.6043186Z $GPVTG,208.0,T,222.1,M,0.0,N,0.0,K,A*2A
2026-05-31T13:28:25.6043186Z $GPZDA,132823,31,05,2026,04,00*44
2026-05-31T13:28:25.6504911Z $IIHDG,318.0,,,14.0,W*0F
2026-05-31T13:28:25.7007531Z $GPAAM,,,,N,*38
2026-05-31T13:28:25.7007531Z $GPAPB,,,,,,,,,,,,,,,N*26
2026-05-31T13:28:25.7498827Z $IIHDG,318.0,,,14.0,W*0F
2026-05-31T13:28:25.7498827Z $GPBOD,,T,,M,,*47
2026-05-31T13:28:25.7941680Z !AIVDM,1,1,,,15NKP50000rrsPpH@W64LApj0000,0*1A
2026-05-31T13:28:25.8436413Z !AIVDM,1,1,,,H52fqn0pv0<tTp<T@Dp<E<000000,0*62
2026-05-31T13:28:25.8436413Z $IIHDG,318.0,,,14.0,W*0F
2026-05-31T13:28:25.8906647Z $GPRMB,,,,,,,,,,,,,,N*04
2026-05-31T13:28:25.9375116Z $IIHDG,318.0,,,14.0,W*0F
2026-05-31T13:28:25.9375116Z $GPXTE,,,,,N,N*5E
2026-05-31T13:28:25.9955878Z !AIVDM,1,1,,,19NSfbh000rrnu@H>W;SS8Fd0000,0*75
2026-05-31T13:28:26.0512823Z $SDDBT,27.6,f,8.4,M,4.6,F*3B
2026-05-31T13:28:26.0512823Z $IIHDG,318.0,,,14.0,W*0F
2026-05-31T13:28:26.0512823Z $SDDPT,8.4,0.0,*77
2026-05-31T13:28:26.0512823Z $SDMTW,14.8,C*09
2026-05-31T13:28:26.0990475Z $SDVLW,,N,39.8,N,3042.4,N,32.5,N*43
2026-05-31T13:28:26.0990475Z $SDVHW,304.0,T,318.1,M,0.0,N,0.0,K*4E
2026-05-31T13:28:26.1477864Z $IIHDG,318.1,,,14.0,W*0E
2026-05-31T13:28:26.1928706Z $WIMWD,307.4,T,321.5,M,5.7,N,2.9,M*56
2026-05-31T13:28:26.1928706Z $WIMWV,3.2,R,6.3,N,A*27
2026-05-31T13:28:26.1928706Z $WIMWV,3.2,T,5.6,N,A*27
2026-05-31T13:28:26.1928706Z !AIVDM,1,1,,,ENk`sl>`@@@@@@@@@@@@@@@@@@@=OTgH<LwsP00000000?,4*70
2026-05-31T13:28:26.2409109Z $IIHDG,318.1,,,14.0,W*0E
2026-05-31T13:28:26.2895316Z $IIXDR,C,13.1,C,AIRTEMP,A,0.1,D,HEEL,A,0.5,D,TRIM,P,1.015,B,BARO,A,-0.2,D,RUDDER*34
2026-05-31T13:28:26.3376181Z $IIHDG,318.1,,,14.0,W*0E
2026-05-31T13:28:26.3376181Z !AIVDM,1,1,,,352l5Nh01ers@u@H>iV15Pth0000,0*3D
2026-05-31T13:28:26.3854082Z $GNGGA,132824,4230.0922,N,07050.4984,W,2,00,0.50,8,M,-32.6,M,,*45
2026-05-31T13:28:26.3854082Z $GPGLC,9960,,,13928.94,A,25847.50,A,44324.31,A,60280.08,A,,*73
2026-05-31T13:28:26.4335105Z $IIHDG,318.1,,,14.0,W*0E
2026-05-31T13:28:26.4335105Z $GPGLL,4230.0922,N,07050.4985,W,132824,A,D*50
2026-05-31T13:28:26.4335105Z $GNGSA,A,3,,,,,,,,,,,,,0.70,0.50,0.50*1B
2026-05-31T13:28:26.4335105Z $GNGSV,3,1,11,01,11,054,,03,37,058,,06,61,249,,11,21,239,*6A
2026-05-31T13:28:26.4335105Z $GNGSV,3,2,11,12,08,320,,14,39,166,,17,67,067,,19,68,323,*60
2026-05-31T13:28:26.4335105Z $GNGSV,3,3,11,22,58,174,,24,13,284,,44,23,237,*55
2026-05-31T13:28:26.5020928Z !AIVDM,1,1,,,18IPTf0PQNrs@uhH>cQ1kQ@b0000,0*0B
2026-05-31T13:28:26.5620306Z $IIHDG,318.1,,,14.0,W*0E
2026-05-31T13:28:26.5620306Z !AIVDM,1,1,,,15Ngd70OT5Js?LHH=uB<M9ll0000,0*0F
2026-05-31T13:28:26.5620306Z $GPRMC,132824,A,4230.0922,N,07050.4985,W,0.0,208.0,310526,14.1,W,D*23
2026-05-31T13:28:26.5620306Z $GPVTG,208.0,T,222.1,M,0.0,N,0.0,K,A*2A
2026-05-31T13:28:26.6092448Z $GPZDA,132824,31,05,2026,04,00*43
2026-05-31T13:28:26.6573806Z $IIHDG,318.1,,,14.0,W*0E
2026-05-31T13:28:26.7055395Z $GPAAM,,,,N,*38
2026-05-31T13:28:26.7055395Z $GPAPB,,,,,,,,,,,,,,,N*26
2026-05-31T13:28:26.7533841Z $IIHDG,318.1,,,14.0,W*0E
2026-05-31T13:28:26.7533841Z $GPBOD,,T,,M,,*47
2026-05-31T13:28:26.8423395Z $IIHDG,318.1,,,14.0,W*0E
2026-05-31T13:28:26.9010836Z !AIVDM,1,1,,,B52oU<@1<VfsVH65MmBNkwP00000,0*67
2026-05-31T13:28:26.9010836Z !AIVDM,1,1,,,15N9sFP000rrso@H@`famDpl0000,0*47
2026-05-31T13:28:26.9010836Z $GPRMB,,,,,,,,,,,,,,N*04
2026-05-31T13:28:26.9459282Z $IIHDG,318.1,,,14.0,W*0E
2026-05-31T13:28:26.9487251Z $GPXTE,,,,,N,N*5E
2026-05-31T13:28:26.9955721Z $SDDBT,27.6,f,8.4,M,4.6,F*3B
2026-05-31T13:28:27.0563514Z $IIHDG,318.1,,,14.0,W*0E
2026-05-31T13:28:27.0563514Z $SDDPT,8.4,0.0,*77
2026-05-31T13:28:27.0563514Z $SDMTW,14.8,C*09
2026-05-31T13:28:27.1034355Z $SDVLW,,N,39.8,N,3042.4,N,32.5,N*43
2026-05-31T13:28:27.1034355Z $SDVHW,304.0,T,318.0,M,0.0,N,0.0,K*4F
2026-05-31T13:28:27.1514960Z $IIHDG,318.0,,,14.0,W*0F
2026-05-31T13:28:27.1514960Z !AIVDM,1,1,,,15MeF10P00JrjtPH@0caBwvl0000,0*3F
2026-05-31T13:28:27.1514960Z $WIMWD,307.1,T,321.2,M,5.9,N,3.0,M*52
2026-05-31T13:28:27.1994517Z $WIMWV,3.0,R,6.1,N,A*27
2026-05-31T13:28:27.1994517Z $WIMWV,3.3,T,6.0,N,A*23
2026-05-31T13:28:27.2469105Z $IIHDG,318.0,,,14.0,W*0F
2026-05-31T13:28:27.2946666Z !AIVDM,1,1,,,352l5NhOQers@v0H>id15htj0000,0*59
2026-05-31T13:28:27.2946666Z $IIXDR,C,13.1,C,AIRTEMP,A,2.0,D,HEEL,A,0.5,D,TRIM,P,1.015,B,BARO,A,-0.2,D,RUDDER*37
2026-05-31T13:28:27.3456110Z $IIHDG,318.0,,,14.0,W*0F
2026-05-31T13:28:27.3903985Z $GNGGA,132825,4230.0923,N,07050.4984,W,2,00,0.50,8,M,-32.6,M,,*45
2026-05-31T13:28:27.3903985Z $GPGLC,9960,,,13928.94,A,25847.50,A,44324.31,A,60280.08,A,,*73
2026-05-31T13:28:27.4380670Z $GPGLL,4230.0923,N,07050.4984,W,132825,A,D*51
2026-05-31T13:28:27.4380670Z $IIHDG,318.0,,,14.0,W*0F
2026-05-31T13:28:27.4380670Z $GNGSA,A,3,,,,,,,,,,,,,0.70,0.50,0.50*1B
2026-05-31T13:28:27.4380670Z $GNGSV,3,1,11,01,11,054,,03,37,058,,06,61,249,,11,21,239,*6A
2026-05-31T13:28:27.4380670Z $GNGSV,3,2,11,12,08,320,,14,39,166,,17,67,067,,19,68,323,*60
2026-05-31T13:28:27.4380670Z $GNGSV,3,3,11,22,58,174,,24,13,284,,44,23,237,*55
2026-05-31T13:28:27.5180307Z $IIHDG,318.0,,,14.0,W*0F
2026-05-31T13:28:27.5666696Z $GPRMC,132825,A,4230.0923,N,07050.4984,W,0.0,208.0,310526,14.1,W,D*22
2026-05-31T13:28:27.5666696Z $GPVTG,208.0,T,222.1,M,0.0,N,0.0,K,A*2A
2026-05-31T13:28:27.6142042Z $GPZDA,132825,31,05,2026,04,00*42
2026-05-31T13:28:27.6615574Z $IIHDG,318.0,,,14.0,W*0F
2026-05-31T13:28:27.7116805Z $GPAAM,,,,N,*38
2026-05-31T13:28:27.7116805Z $GPAPB,,,,,,,,,,,,,,,N*26
2026-05-31T13:28:27.7578932Z $IIHDG,318.0,,,14.0,W*0F
2026-05-31T13:28:27.7578932Z $GPBOD,,T,,M,,*47
2026-05-31T13:28:27.8060713Z $IIHDG,318.0,,,14.0,W*0F
2026-05-31T13:28:27.8858140Z $GPRMB,,,,,,,,,,,,,,N*04
2026-05-31T13:28:27.9337025Z $IIHDG,318.0,,,14.0,W*0F
2026-05-31T13:28:27.9337025Z $GPXTE,,,,,N,N*5E
2026-05-31T13:28:27.9971877Z $SDDBT,27.6,f,8.4,M,4.6,F*3B
2026-05-31T13:28:28.0440028Z $IIHDG,318.0,,,14.0,W*0F
2026-05-31T13:28:28.0440028Z $SDDPT,8.4,0.0,*77
2026-05-31T13:28:28.0926179Z $SDMTW,14.8,C*09
2026-05-31T13:28:28.0926179Z $SDVLW,,N,39.8,N,3042.4,N,32.5,N*43
2026-05-31T13:28:28.0926179Z $SDVHW,303.9,T,318.0,M,0.0,N,0.0,K*41
2026-05-31T13:28:28.1426350Z $IIHDG,318.0,,,14.0,W*0F
2026-05-31T13:28:28.1887042Z $WIMWD,309.5,T,323.5,M,6.8,N,3.5,M*5A
2026-05-31T13:28:28.1887042Z $WIMWV,5.8,R,6.3,N,A*2B
2026-05-31T13:28:28.1887042Z $WIMWV,5.8,T,6.9,N,A*27
2026-05-31T13:28:28.2531063Z !AIVDM,1,1,,,152Wpn<01KrsKU0H?lg2pj@f2000,0*31
2026-05-31T13:28:28.2531063Z $IIHDG,318.0,,,14.0,W*0F
2026-05-31T13:28:28.3169808Z $IIXDR,C,13.1,C,AIRTEMP,A,4.2,D,HEEL,A,0.3,D,TRIM,P,1.015,B,BARO,A,-0.5,D,RUDDER*32
2026-05-31T13:28:28.3654771Z $IIHDG,318.0,,,14.0,W*0F
2026-05-31T13:28:28.3654771Z $GNGGA,132826,4230.0922,N,07050.4983,W,2,01,0.50,8,M,-32.6,M,,*41
2026-05-31T13:28:28.4144983Z $GPGLC,9960,,,13928.94,A,25847.50,A,44324.31,A,60280.08,A,,*73
2026-05-31T13:28:28.4612655Z $GPGLL,4230.0922,N,07050.4983,W,132826,A,D*54
2026-05-31T13:28:28.4612655Z $IIHDG,318.0,,,14.0,W*0F
2026-05-31T13:28:28.4612655Z $GNGSA,A,3,12,,,,,,,,,,,,0.70,0.50,0.50*18
2026-05-31T13:28:28.4612655Z $GNGSV,3,1,11,01,11,054,,03,37,058,,06,61,249,,11,21,239,*6A
2026-05-31T13:28:28.4612655Z $GNGSV,3,2,11,12,08,320,36,14,39,166,,17,67,067,,19,68,323,*65
2026-05-31T13:28:28.4612655Z $GNGSV,3,3,11,22,58,174,,24,13,284,,44,23,237,*55
2026-05-31T13:28:28.4612655Z !AIVDM,1,1,,,B52M=20006g0Q465h52P;wP00000,0*44
2026-05-31T13:28:28.5092603Z $IIHDG,318.1,,,14.0,W*0E
2026-05-31T13:28:28.5735423Z $GPRMC,132826,A,4230.0922,N,07050.4984,W,0.0,208.0,310526,14.1,W,D*20
2026-05-31T13:28:28.5735423Z $GPVTG,208.0,T,222.1,M,0.0,N,0.0,K,A*2A
2026-05-31T13:28:28.5735423Z $GPZDA,132826,31,05,2026,04,00*41
2026-05-31T13:28:28.6231390Z $IIHDG,318.1,,,14.0,W*0E
2026-05-31T13:28:28.6690226Z $GPAAM,,,,N,*38
2026-05-31T13:28:28.7171317Z $GPAPB,,,,,,,,,,,,,,,N*26
2026-05-31T13:28:28.7649589Z $IIHDG,318.1,,,14.0,W*0E
2026-05-31T13:28:28.7649589Z $GPBOD,,T,,M,,*47
2026-05-31T13:28:28.8158987Z !AIVDM,1,1,,,15Ngd70OT5Js?H@H=uedMqnp0000,0*2A
2026-05-31T13:28:28.8692532Z $IIHDG,318.1,,,14.0,W*0E
2026-05-31T13:28:28.9093721Z $GPRMB,,,,,,,,,,,,,,N*04
2026-05-31T13:28:28.9571549Z $IIHDG,318.2,,,14.0,W*0D
2026-05-31T13:28:28.9571549Z $GPXTE,,,,,N,N*5E
2026-05-31T13:28:29.0047355Z $SDDBT,27.6,f,8.4,M,4.6,F*3B
2026-05-31T13:28:29.0537503Z $IIHDG,318.2,,,14.0,W*0D
2026-05-31T13:28:29.0537503Z $SDDPT,8.4,0.0,*77
2026-05-31T13:28:29.0537503Z $SDMTW,14.8,C*09
2026-05-31T13:28:29.1041130Z !AIVDM,1,1,,,352l5Nh01ers@w8H>ir160tn0000,0*06
2026-05-31T13:28:29.1041130Z $SDVLW,,N,39.8,N,3042.4,N,32.5,N*43
2026-05-31T13:28:29.1041130Z $SDVHW,304.1,T,318.2,M,0.0,N,0.0,K*4C
2026-05-31T13:28:29.1503304Z $IIHDG,318.2,,,14.0,W*0D
2026-05-31T13:28:29.1503304Z $WIMWD,311.8,T,325.8,M,6.8,N,3.5,M*55
2026-05-31T13:28:29.1962772Z $WIMWV,7.7,R,6.5,N,A*20
2026-05-31T13:28:29.1962772Z $WIMWV,7.6,T,6.8,N,A*2A
2026-05-31T13:28:29.2447565Z $IIHDG,318.1,,,14.0,W*0E
2026-05-31T13:28:29.2447565Z !AIVDM,1,1,,,E>k`vt<r0h@@@@@@@@@@@@@@@@@=MwTH<E=u@00000000?,4*12
2026-05-31T13:28:29.2937546Z $IIXDR,C,13.1,C,AIRTEMP,A,3.7,D,HEEL,A,0.1,D,TRIM,P,1.015,B,BARO,A,-0.5,D,RUDDER*32
2026-05-31T13:28:29.3440330Z $IIHDG,318.1,,,14.0,W*0E
2026-05-31T13:28:29.3888824Z !AIVDM,1,1,,,35NwCQP00Grs>R@HBfrdGb6n0000,0*77
2026-05-31T13:28:29.3888824Z $GNGGA,132827,4230.0922,N,07050.4984,W,2,00,0.50,8,M,-32.6,M,,*46
2026-05-31T13:28:29.3888824Z $GPGLC,9960,,,13928.94,A,25847.50,A,44324.31,A,60280.08,A,,*73
2026-05-31T13:28:29.4385779Z $GPGLL,4230.0922,N,07050.4984,W,132827,A,D*52
2026-05-31T13:28:29.4385779Z $IIHDG,318.1,,,14.0,W*0E
2026-05-31T13:28:29.4850897Z $GNGSA,A,3,,,,,,,,,,,,,0.70,0.50,0.50*1B
2026-05-31T13:28:29.4850897Z $GNGSV,3,1,11,01,11,054,,03,37,058,,06,61,249,,11,21,239,*6A
2026-05-31T13:28:29.4850897Z $GNGSV,3,2,11,12,08,320,,14,39,166,,17,67,067,,19,68,323,*60
2026-05-31T13:28:29.4850897Z $GNGSV,3,3,11,22,58,174,,24,13,284,,44,23,237,*55
2026-05-31T13:28:29.5312875Z $IIHDG,318.1,,,14.0,W*0E
2026-05-31T13:28:29.5788076Z $GPRMC,132827,A,4230.0922,N,07050.4984,W,0.0,208.0,310526,14.1,W,D*21
2026-05-31T13:28:29.5788076Z $GPVTG,208.0,T,222.1,M,0.0,N,0.0,K,A*2A
2026-05-31T13:28:29.5788076Z $GPZDA,132827,31,05,2026,04,00*40
2026-05-31T13:28:29.6262327Z $IIHDG,318.1,,,14.0,W*0E
2026-05-31T13:28:29.6741595Z $GPAAM,,,,N,*38
2026-05-31T13:28:29.7243870Z $GPAPB,,,,,,,,,,,,,,,N*26
2026-05-31T13:28:29.7243870Z $IIHDG,318.1,,,14.0,W*0E
2026-05-31T13:28:29.7705719Z $GPBOD,,T,,M,,*47
2026-05-31T13:28:29.7705719Z !AIVDM,1,1,,,15NK=p0PSrrsk6@H=J74:38p0000,0*0B
2026-05-31T13:28:29.8190512Z $IIHDG,318.1,,,14.0,W*0E
2026-05-31T13:28:29.8819582Z $GPRMB,,,,,,,,,,,,,,N*04
2026-05-31T13:28:29.9461304Z $IIHDG,318.1,,,14.0,W*0E
2026-05-31T13:28:29.9461304Z $GPXTE,,,,,N,N*5E
2026-05-31T13:28:29.9998942Z $SDDBT,27.6,f,8.4,M,4.6,F*3B
2026-05-31T13:28:30.0577388Z $IIHDG,318.1,,,14.0,W*0E
2026-05-31T13:28:30.0577388Z $SDDPT,8.4,0.0,*77
2026-05-31T13:28:30.0616963Z !AIVDM,1,1,,,35NO=iP005Jrou8H>WhdfWDr0000,0*61
2026-05-31T13:28:30.0616963Z $SDMTW,14.8,C*09
2026-05-31T13:28:30.1055193Z $SDVLW,,N,39.8,N,3042.4,N,32.5,N*43
2026-05-31T13:28:30.1055193Z $SDVHW,304.1,T,318.2,M,0.0,N,0.0,K*4C
2026-05-31T13:28:30.1594272Z $IIHDG,318.2,,,14.0,W*0D
2026-05-31T13:28:30.1594272Z $WIMWD,313.8,T,327.8,M,6.1,N,3.1,M*58
2026-05-31T13:28:30.2011254Z $WIMWV,9.6,R,6.4,N,A*2E
2026-05-31T13:28:30.2011254Z $WIMWV,9.6,T,6.1,N,A*2D
2026-05-31T13:28:30.2011254Z !AIVDM,1,1,,,E>k`vt<r0h@@@@@@@@@@@@@@@@@=MwTH<E=u@00000000?,4*12
2026-05-31T13:28:30.2486684Z $IIHDG,318.2,,,14.0,W*0D
2026-05-31T13:28:30.2982622Z $IIXDR,C,13.1,C,AIRTEMP,A,1.5,D,HEEL,A,0.3,D,TRIM,P,1.015,B,BARO,A,-0.3,D,RUDDER*36
2026-05-31T13:28:30.3444204Z $IIHDG,318.2,,,14.0,W*0D
2026-05-31T13:28:30.3922700Z $GNGGA,132828,4230.0922,N,07050.4984,W,2,00,0.50,8,M,-32.6,M,,*49
2026-05-31T13:28:30.3922700Z $GPGLC,9960,,,13928.94,A,25847.50,A,44324.31,A,60280.08,A,,*73
2026-05-31T13:28:30.4415300Z $GPGLL,4230.0922,N,07050.4984,W,132828,A,D*5D
2026-05-31T13:28:30.4415300Z $IIHDG,318.2,,,14.0,W*0D
2026-05-31T13:28:30.4415300Z $GNGSA,A,3,,,,,,,,,,,,,0.70,0.50,0.50*1B
2026-05-31T13:28:30.4415300Z $GNGSV,3,1,11,01,11,054,,03,37,058,,06,61,249,,11,21,239,*6A
2026-05-31T13:28:30.4415300Z $GNGSV,3,2,11,12,08,320,,14,39,166,,17,67,067,,19,68,323,*60
2026-05-31T13:28:30.4415300Z $GNGSV,3,3,11,22,58,174,,24,13,284,,44,23,237,*55
2026-05-31T13:28:30.5205417Z $IIHDG,318.2,,,14.0,W*0D
2026-05-31T13:28:30.5689006Z $GPRMC,132828,A,4230.0922,N,07050.4984,W,0.0,208.0,310526,14.1,W,D*2E
2026-05-31T13:28:30.5689006Z $GPVTG,208.0,T,222.1,M,0.0,N,0.0,K,A*2A
2026-05-31T13:28:30.6165845Z $GPZDA,132828,31,05,2026,04,00*4F
2026-05-31T13:28:30.6649416Z $IIHDG,318.2,,,14.0,W*0D
2026-05-31T13:28:30.7141200Z $GPAAM,,,,N,*38
2026-05-31T13:28:30.7141200Z $GPAPB,,,,,,,,,,,,,,,N*26
2026-05-31T13:28:30.7653303Z $IIHDG,318.1,,,14.0,W*0E
2026-05-31T13:28:30.7653303Z $GPBOD,,T,,M,,*47
2026-05-31T13:28:30.8195050Z $IIHDG,318.1,,,14.0,W*0E
2026-05-31T13:28:30.8968031Z $GPRMB,,,,,,,,,,,,,,N*04
2026-05-31T13:28:30.9521377Z $IIHDG,318.1,,,14.0,W*0E
2026-05-31T13:28:30.9521377Z $GPXTE,,,,,N,N*5E
2026-05-31T13:28:31.0002148Z !AIVDM,1,1,,,B52jrF@00>fpFD65Mt3Q3wP00000,0*6A
2026-05-31T13:28:31.0002148Z $SDDBT,27.6,f,8.4,M,4.6,F*3B
2026-05-31T13:28:31.0509907Z $IIHDG,318.1,,,14.0,W*0E
2026-05-31T13:28:31.0509907Z $SDDPT,8.4,0.0,*77
2026-05-31T13:28:31.0959116Z $SDMTW,14.8,C*09
2026-05-31T13:28:31.0959116Z !AIVDM,1,1,,,B52oU<@1=VfsRf65MfbLGwP00000,0*49
2026-05-31T13:28:31.0959116Z $SDVLW,,N,39.8,N,3042.4,N,32.5,N*43
2026-05-31T13:28:31.0959116Z $SDVHW,304.0,T,318.0,M,0.0,N,0.0,K*4F
2026-05-31T13:28:31.1437977Z $IIHDG,318.0,,,14.0,W*0F
2026-05-31T13:28:31.1947555Z $WIMWD,313.6,T,327.6,M,5.5,N,2.8,M*57
2026-05-31T13:28:31.1968498Z $WIMWV,9.3,R,6.2,N,A*2D
2026-05-31T13:28:31.1968498Z $WIMWV,9.2,T,5.5,N,A*2E
2026-05-31T13:28:31.2405364Z $IIHDG,318.0,,,14.0,W*0F
2026-05-31T13:28:31.2969568Z $IIXDR,C,13.1,C,AIRTEMP,A,0.8,D,HEEL,A,0.3,D,TRIM,P,1.015,B,BARO,A,-0.3,D,RUDDER*3A
2026-05-31T13:28:31.3449769Z $IIHDG,318.0,,,14.0,W*0F
2026-05-31T13:28:31.3931747Z $GNGGA,132829,4230.0922,N,07050.4984,W,2,00,0.50,8,M,-32.6,M,,*48
2026-05-31T13:28:31.3931747Z $GPGLC,9960,,,13928.94,A,25847.50,A,44324.31,A,60280.08,A,,*73
2026-05-31T13:28:31.4411717Z $GPGLL,4230.0922,N,07050.4984,W,132829,A,D*5C
2026-05-31T13:28:31.4411717Z $IIHDG,318.0,,,14.0,W*0F
2026-05-31T13:28:31.4411717Z $GNGSA,A,3,,,,,,,,,,,,,0.70,0.50,0.50*1B
2026-05-31T13:28:31.4411717Z $GNGSV,3,1,11,01,11,054,,03,37,058,,06,61,249,,11,21,239,*6A
2026-05-31T13:28:31.4411717Z $GNGSV,3,2,11,12,08,320,,14,39,166,,17,67,067,,19,68,323,*60
2026-05-31T13:28:31.4411717Z $GNGSV,3,3,11,22,58,174,,24,13,284,,44,23,237,*55
2026-05-31T13:28:31.5213337Z $IIHDG,318.1,,,14.0,W*0E
2026-05-31T13:28:31.5856486Z $GPRMC,132829,A,4230.0922,N,07050.4984,W,0.0,208.0,310526,14.1,W,D*2F
2026-05-31T13:28:31.5856486Z $GPVTG,208.0,T,222.1,M,0.0,N,0.1,K,A*2B
2026-05-31T13:28:31.5856486Z $GPZDA,132829,31,05,2026,04,00*4E
2026-05-31T13:28:31.6332895Z $IIHDG,318.1,,,14.0,W*0E
2026-05-31T13:28:31.6809680Z $GPAAM,,,,N,*38
2026-05-31T13:28:31.7319460Z $GPAPB,,,,,,,,,,,,,,,N*26
2026-05-31T13:28:31.7319460Z $IIHDG,318.1,,,14.0,W*0E
2026-05-31T13:28:31.7772747Z $GPBOD,,T,,M,,*47
2026-05-31T13:28:31.8409823Z $IIHDG,318.1,,,14.0,W*0E
2026-05-31T13:28:31.8891170Z !AIVDM,1,1,,,18I<UK000<rt@5pHC3l1eAhR0000,0*71
2026-05-31T13:28:31.9372991Z $GPRMB,,,,,,,,,,,,,,N*04
2026-05-31T13:28:31.9372991Z $GPXTE,,,,,N,N*5E
2026-05-31T13:28:31.9372991Z $IIHDG,318.1,,,14.0,W*0E
2026-05-31T13:28:32.0017684Z $SDDBT,27.6,f,8.4,M,4.6,F*3B
2026-05-31T13:28:32.0500814Z $SDDPT,8.4,0.0,*77
2026-05-31T13:28:32.0500814Z $IIHDG,318.1,,,14.0,W*0E
2026-05-31T13:28:32.0978578Z $SDMTW,14.8,C*09
2026-05-31T13:28:32.0978578Z $SDVLW,,N,39.8,N,3042.4,N,32.5,N*43
2026-05-31T13:28:32.0978578Z $SDVHW,304.0,T,318.1,M,0.0,N,0.0,K*4E
2026-05-31T13:28:32.1464203Z !AIVDM,1,1,,,352l5NhOQersA0pH>j=Q60vt0000,0*23
2026-05-31T13:28:32.1464203Z $IIHDG,318.1,,,14.0,W*0E
2026-05-31T13:28:32.1964020Z $WIMWD,312.2,T,326.2,M,5.7,N,2.9,M*54
2026-05-31T13:28:32.1964020Z $WIMWV,8.1,R,5.9,N,A*26
2026-05-31T13:28:32.1964020Z $WIMWV,8.2,T,5.7,N,A*2D
2026-05-31T13:28:32.2464741Z $IIHDG,318.1,,,14.0,W*0E
2026-05-31T13:28:32.2884325Z $IIXDR,C,13.1,C,AIRTEMP,A,2.4,D,HEEL,A,-0.1,D,TRIM,P,1.015,B,BARO,A,-0.3,D,RUDDER*1B
2026-05-31T13:28:32.3354920Z $IIHDG,318.1,,,14.0,W*0E
2026-05-31T13:28:32.3837958Z $GNGGA,132830,4230.0922,N,07050.4984,W,2,00,0.50,8,M,-32.6,M,,*40
2026-05-31T13:28:32.3837958Z $GPGLC,9960,,,13928.94,A,25847.50,A,44324.31,A,60280.08,A,,*73
2026-05-31T13:28:32.4319041Z $GPGLL,4230.0922,N,07050.4984,W,132830,A,D*54
2026-05-31T13:28:32.4796582Z $IIHDG,318.2,,,14.0,W*0D
2026-05-31T13:28:32.4796582Z $GNGSA,A,3,,,,,,,,,,,,,0.70,0.50,0.50*1B
2026-05-31T13:28:32.4796582Z $GNGSV,3,1,11,01,11,054,,03,37,058,,06,61,249,,11,21,239,*6A
2026-05-31T13:28:32.4796582Z $GNGSV,3,2,11,12,08,320,,14,39,166,,17,67,067,,19,68,323,*60
2026-05-31T13:28:32.4796582Z $GNGSV,3,3,11,22,58,174,,24,13,284,,44,23,237,*55
2026-05-31T13:28:32.5283577Z !AIVDM,1,1,,,H52aRKlU000000000000000`4220,0*3D
2026-05-31T13:28:32.5764754Z $IIHDG,318.2,,,14.0,W*0D
2026-05-31T13:28:32.5764754Z $GPRMC,132830,A,4230.0922,N,07050.4985,W,0.0,208.0,310526,14.1,W,D*26
2026-05-31T13:28:32.5764754Z $GPVTG,208.0,T,222.1,M,0.0,N,0.1,K,A*2B
2026-05-31T13:28:32.5764754Z $GPZDA,132830,31,05,2026,04,00*46
2026-05-31T13:28:32.6360546Z $IIHDG,318.2,,,14.0,W*0D
2026-05-31T13:28:32.6879851Z $GPAAM,,,,N,*38
2026-05-31T13:28:32.7358189Z $GPAPB,,,,,,,,,,,,,,,N*26
2026-05-31T13:28:32.7358189Z !AIVDM,1,1,,,352l5NhOQdrsA0pH>j=Q6@vt0000,0*52
2026-05-31T13:28:32.7358189Z $IIHDG,318.2,,,14.0,W*0D
2026-05-31T13:28:32.7836909Z $GPBOD,,T,,M,,*47
2026-05-31T13:28:32.8320191Z $IIHDG,318.2,,,14.0,W*0D
2026-05-31T13:28:32.8954146Z $GPRMB,,,,,,,,,,,,,,N*04
2026-05-31T13:28:32.9455997Z $GPXTE,,,,,N,N*5E
2026-05-31T13:28:32.9455997Z $IIHDG,318.2,,,14.0,W*0D
2026-05-31T13:28:32.9914215Z !AIVDM,1,1,,,15NQUM4P00rrksPH>tpf4?vv2000,0*55
2026-05-31T13:28:33.0399206Z $SDDBT,27.6,f,8.4,M,4.6,F*3B
2026-05-31T13:28:33.0399206Z $SDDPT,8.4,0.0,*77
2026-05-31T13:28:33.0399206Z $IIHDG,318.2,,,14.0,W*0D
2026-05-31T13:28:33.0881821Z $SDMTW,14.8,C*09
2026-05-31T13:28:33.0931027Z $SDVLW,,N,39.8,N,3042.4,N,32.5,N*43
2026-05-31T13:28:33.0931027Z $SDVHW,304.2,T,318.2,M,0.0,N,0.0,K*4F
2026-05-31T13:28:33.1357428Z !AIVDM,1,1,,,35NO=iP004Jrou8H>Whdj7E00000,0*4F
2026-05-31T13:28:33.1357428Z $IIHDG,318.2,,,14.0,W*0D
2026-05-31T13:28:33.1864267Z $WIMWD,312.1,T,326.2,M,6.7,N,3.4,M*58
2026-05-31T13:28:33.1864267Z !AIVDM,1,1,,,15NO=nPP00Jrnv0H>WjVqOvt0000,0*00
2026-05-31T13:28:33.1864267Z $WIMWV,7.9,R,6.1,N,A*2A
2026-05-31T13:28:33.1864267Z $WIMWV,7.9,T,6.7,N,A*2A
2026-05-31T13:28:33.2353953Z $IIHDG,318.2,,,14.0,W*0D
2026-05-31T13:28:33.2797530Z !AIVDM,1,1,,,ENk`sl>`@@@@@@@@@@@@@@@@@@@=OTgH<LwsP00000000?,4*70
2026-05-31T13:28:33.3276592Z $IIXDR,C,13.1,C,AIRTEMP,A,3.6,D,HEEL,A,0.3,D,TRIM,P,1.015,B,BARO,A,-0.3,D,RUDDER*37
2026-05-31T13:28:33.3755031Z $IIHDG,318.2,,,14.0,W*0D
2026-05-31T13:28:33.3755031Z $GNGGA,132831,4230.0922,N,07050.4985,W,2,00,0.50,8,M,-32.6,M,,*40
2026-05-31T13:28:33.4237255Z !AIVDM,1,1,,,15MnF7<00DJrrL@H>h=<@IW20000,0*7C
2026-05-31T13:28:33.4237255Z $GPGLC,9960,,,13928.94,A,25847.50,A,44324.31,A,60280.08,A,,*73
2026-05-31T13:28:33.4237255Z $GPGLL,4230.0922,N,07050.4985,W,132831,A,D*54
2026-05-31T13:28:33.4719096Z $IIHDG,318.2,,,14.0,W*0D
2026-05-31T13:28:33.4719096Z $GNGSA,A,3,,,,,,,,,,,,,0.70,0.50,0.50*1B
2026-05-31T13:28:33.4719096Z $GNGSV,3,1,11,01,11,054,,03,37,058,,06,61,249,,11,21,239,*6A
2026-05-31T13:28:33.4719096Z $GNGSV,3,2,11,12,08,320,,14,39,166,,17,67,067,,19,68,323,*60
2026-05-31T13:28:33.4719096Z $GNGSV,3,3,11,22,58,174,,24,13,284,,44,23,237,*55
2026-05-31T13:28:33.5364667Z $IIHDG,318.2,,,14.0,W*0D
2026-05-31T13:28:33.5842856Z $GPRMC,132831,A,4230.0922,N,07050.4985,W,0.0,208.0,310526,14.1,W,D*27
2026-05-31T13:28:33.5842856Z $GPVTG,208.0,T,222.1,M,0.0,N,0.1,K,A*2B
2026-05-31T13:28:33.5842856Z $GPZDA,132831,31,05,2026,04,00*47
2026-05-31T13:28:33.6325133Z $IIHDG,318.1,,,14.0,W*0E
2026-05-31T13:28:33.6975416Z $GPAAM,,,,N,*38
2026-05-31T13:28:33.7443839Z $GPAPB,,,,,,,,,,,,,,,N*26
2026-05-31T13:28:33.7443839Z $GPBOD,,T,,M,,*47
2026-05-31T13:28:33.7443839Z $IIHDG,318.1,,,14.0,W*0E
2026-05-31T13:28:33.8392957Z $IIHDG,318.1,,,14.0,W*0E
2026-05-31T13:28:33.8872738Z !AIVDM,1,1,,,15NO=g;P00Jrjq`H@0wdbOvv2000,0*14
2026-05-31T13:28:33.9352449Z $GPRMB,,,,,,,,,,,,,,N*04
2026-05-31T13:28:33.9352449Z $GPXTE,,,,,N,N*5E
2026-05-31T13:28:33.9836739Z $IIHDG,318.0,,,14.0,W*0F
2026-05-31T13:28:34.0311651Z $SDDBT,28.1,f,8.5,M,4.6,F*32
2026-05-31T13:28:34.0311651Z $SDDPT,8.6,0.0,*75
2026-05-31T13:28:34.0793774Z $IIHDG,317.9,,,14.0,W*09
2026-05-31T13:28:34.0793774Z $SDMTW,14.8,C*09
2026-05-31T13:28:34.0793774Z $SDVLW,,N,39.8,N,3042.4,N,32.5,N*43
2026-05-31T13:28:34.0793774Z $SDVHW,303.9,T,317.9,M,0.0,N,0.0,K*47
2026-05-31T13:28:34.1430900Z $IIHDG,317.9,,,14.0,W*09
2026-05-31T13:28:34.1919309Z $WIMWD,311.8,T,325.9,M,6.7,N,3.4,M*5A
2026-05-31T13:28:34.1919309Z $WIMWV,7.8,R,6.3,N,A*29
2026-05-31T13:28:34.1919309Z $WIMWV,7.8,T,6.7,N,A*2B
2026-05-31T13:28:34.1919309Z !AIVDM,1,1,,,ENk`sl>`@@@@@@@@@@@@@@@@@@@=OTgH<LwsP00000000?,4*70
2026-05-31T13:28:34.2454703Z $IIHDG,317.8,,,14.0,W*08
2026-05-31T13:28:34.3033720Z $IIXDR,C,13.1,C,AIRTEMP,A,3.1,D,HEEL,A,0.5,D,TRIM,P,1.015,B,BARO,A,-0.5,D,RUDDER*30
2026-05-31T13:28:34.3514490Z $IIHDG,317.8,,,14.0,W*08
2026-05-31T13:28:34.3992910Z $GNGGA,132832,4230.0922,N,07050.4984,W,2,00,0.50,8,M,-32.6,M,,*42
2026-05-31T13:28:34.3992910Z $GPGLC,9960,,,13928.94,A,25847.50,A,44324.31,A,60280.08,A,,*73
2026-05-31T13:28:34.4472060Z $GPGLL,4230.0922,N,07050.4984,W,132832,A,D*56
2026-05-31T13:28:34.4472060Z $GNGSA,A,3,,,,,,,,,,,,,0.70,0.50,0.50*1B
2026-05-31T13:28:34.4472060Z $GNGSV,3,1,11,01,11,054,,03,37,058,,06,61,249,,11,21,239,*6A
2026-05-31T13:28:34.4472060Z $GNGSV,3,2,11,12,08,320,,14,39,166,,17,67,067,,19,68,323,*60
2026-05-31T13:28:34.4472060Z $GNGSV,3,3,11,22,58,174,,24,13,284,,44,23,237,*55
2026-05-31T13:28:34.4947929Z $IIHDG,317.7,,,14.0,W*07
2026-05-31T13:28:34.5429966Z $GPRMC,132832,A,4230.0922,N,07050.4984,W,0.0,208.0,310526,14.1,W,D*25
2026-05-31T13:28:34.5970700Z $GPVTG,208.0,T,222.1,M,0.0,N,0.1,K,A*2B
2026-05-31T13:28:34.5970700Z $IIHDG,317.7,,,14.0,W*07
2026-05-31T13:28:34.5970700Z $GPZDA,132832,31,05,2026,04,00*44
2026-05-31T13:28:34.6697647Z $GPAAM,,,,N,*38
2026-05-31T13:28:34.7176458Z $IIHDG,317.7,,,14.0,W*07
2026-05-31T13:28:34.7176458Z $GPAPB,,,,,,,,,,,,,,,N*26
2026-05-31T13:28:34.7664574Z $GPBOD,,T,,M,,*47
2026-05-31T13:28:34.8145374Z $IIHDG,317.7,,,14.0,W*07
2026-05-31T13:28:34.8145374Z !AIVDM,1,1,,,15Ngd70OT5Js?<`H=w2dW:140000,0*61
2026-05-31T13:28:34.8741809Z $IIHDG,317.6,,,14.0,W*06
2026-05-31T13:28:34.9275701Z !AIVDM,1,1,,,15NO=dPPP0JroU@H>Wt:H5c40000,0*5C
2026-05-31T13:28:34.9275701Z $GPRMB,,,,,,,,,,,,,,N*04
2026-05-31T13:28:34.9740391Z $GPXTE,,,,,N,N*5E
2026-05-31T13:28:34.9740391Z $IIHDG,317.6,,,14.0,W*06
2026-05-31T13:28:35.0236322Z $SDDBT,28.1,f,8.5,M,4.6,F*32
2026-05-31T13:28:35.0687886Z $SDDPT,8.6,0.0,*75
2026-05-31T13:28:35.0687886Z $SDMTW,14.8,C*09
2026-05-31T13:28:35.0687886Z $SDVLW,,N,39.8,N,3042.4,N,32.5,N*43
2026-05-31T13:28:35.1167561Z $SDVHW,303.6,T,317.6,M,0.0,N,0.0,K*47
2026-05-31T13:28:35.1167561Z $IIHDG,317.6,,,14.0,W*06
2026-05-31T13:28:35.1647263Z $WIMWD,310.2,T,324.3,M,6.5,N,3.4,M*58
2026-05-31T13:28:35.2167052Z $WIMWV,6.4,R,6.5,N,A*22
2026-05-31T13:28:35.2167052Z $WIMWV,6.6,T,6.5,N,A*26
2026-05-31T13:28:35.2167052Z $IIHDG,317.6,,,14.0,W*06
2026-05-31T13:28:35.2768264Z !AIVDM,1,1,,,15NwCQPPPBrs>Q@HBg1dSb120000,0*7E
2026-05-31T13:28:35.3276292Z $IIHDG,317.6,,,14.0,W*06
2026-05-31T13:28:35.3276292Z $IIXDR,C,13.1,C,AIRTEMP,A,2.4,D,HEEL,A,0.3,D,TRIM,P,1.015,B,BARO,A,-0.3,D,RUDDER*34
2026-05-31T13:28:35.3276292Z !AIVDM,1,1,,,15O=hk50i@JsGk`H>li1Ei6h0000,0*7B
2026-05-31T13:28:35.3739692Z $GNGGA,132833,4230.0922,N,07050.4984,W,2,00,0.50,8,M,-32.6,M,,*43
2026-05-31T13:28:35.4217264Z $IIHDG,317.6,,,14.0,W*06
2026-05-31T13:28:35.4217264Z $GPGLC,9960,,,13928.94,A,25847.50,A,44324.31,A,60280.08,A,,*73
2026-05-31T13:28:35.4217264Z $GPGLL,4230.0922,N,07050.4984,W,132833,A,D*57
2026-05-31T13:28:35.4697356Z $GNGSA,A,3,,,,,,,,,,,,,0.70,0.50,0.50*1B
2026-05-31T13:28:35.4697356Z $GNGSV,3,1,11,01,11,054,,03,37,058,,06,62,249,,11,21,239,*69
2026-05-31T13:28:35.4697356Z $GNGSV,3,2,11,12,08,320,,14,39,166,,17,67,067,,19,68,323,*60
2026-05-31T13:28:35.4697356Z $GNGSV,3,3,11,22,58,174,,24,13,284,,44,23,237,*55
2026-05-31T13:28:35.5181070Z $IIHDG,317.6,,,14.0,W*06
2026-05-31T13:28:35.5661934Z $GPRMC,132833,A,4230.0922,N,07050.4984,W,0.0,208.0,310526,14.1,W,D*24
2026-05-31T13:28:35.5661934Z $GPVTG,208.0,T,222.1,M,0.0,N,0.1,K,A*2B
2026-05-31T13:28:35.6145270Z $GPZDA,132833,31,05,2026,04,00*45
2026-05-31T13:28:35.6145270Z $IIHDG,317.7,,,14.0,W*07
2026-05-31T13:28:35.6621852Z $GPAAM,,,,N,*38
2026-05-31T13:28:35.7100227Z $IIHDG,317.7,,,14.0,W*07
2026-05-31T13:28:35.7100227Z $GPAPB,,,,,,,,,,,,,,,N*26
2026-05-31T13:28:35.7598536Z $GPBOD,,T,,M,,*47
2026-05-31T13:28:35.8064413Z $IIHDG,317.7,,,14.0,W*07
2026-05-31T13:28:35.8867803Z $IIHDG,317.7,,,14.0,W*07
2026-05-31T13:28:35.9345102Z $GPRMB,,,,,,,,,,,,,,N*04
2026-05-31T13:28:35.9388605Z $GPXTE,,,,,N,N*5E
2026-05-31T13:28:35.9826362Z $IIHDG,317.8,,,14.0,W*08
2026-05-31T13:28:36.0306087Z $SDDBT,27.6,f,8.4,M,4.6,F*3B
2026-05-31T13:28:36.0306087Z $SDDPT,8.4,0.0,*77
2026-05-31T13:28:36.0783339Z $SDMTW,14.8,C*09
2026-05-31T13:28:36.0783339Z $SDVLW,,N,39.8,N,3042.4,N,32.5,N*43
2026-05-31T13:28:36.0783339Z $SDVHW,303.7,T,317.8,M,0.0,N,0.0,K*48
2026-05-31T13:28:36.1305296Z !AIVDM,1,1,,,B52oU<@1>FfsNN65MTbL;wP00000,0*20
2026-05-31T13:28:36.1305296Z !AIVDM,1,1,,,352l5Nh01brsA3HH>jW17Q140000,0*6D
2026-05-31T13:28:36.1305296Z $IIHDG,317.8,,,14.0,W*08
2026-05-31T13:28:36.1744437Z !AIVDM,1,1,,,19NSfbh000rrnu8H>W=3S8G00000,0*3E
2026-05-31T13:28:36.1744437Z $WIMWD,309.7,T,323.7,M,6.7,N,3.4,M*54
2026-05-31T13:28:36.2231558Z $WIMWV,5.9,R,6.5,N,A*2C
2026-05-31T13:28:36.2231558Z $WIMWV,5.9,T,6.7,N,A*28
2026-05-31T13:28:36.2231558Z $IIHDG,317.8,,,14.0,W*08
2026-05-31T13:28:36.2716200Z !AIVDM,1,1,,,15NO=iP005JrotpH>WjdlGE60000,0*77
2026-05-31T13:28:36.3197221Z $IIHDG,317.8,,,14.0,W*08
2026-05-31T13:28:36.3197221Z $IIXDR,C,13.1,C,AIRTEMP,A,2.2,D,HEEL,A,-0.4,D,TRIM,P,1.015,B,BARO,A,-0.3,D,RUDDER*18
2026-05-31T13:28:36.3675772Z !AIVDM,1,1,,,18IPTf0PQNrsA5`H>d>1kQ:v0000,0*44
2026-05-31T13:28:36.3675772Z $GNGGA,132834,4230.0921,N,07050.4984,W,2,00,0.50,8,M,-32.6,M,,*47
2026-05-31T13:28:36.4156462Z $GPGLC,9960,,,13928.94,A,25847.50,A,44324.31,A,60280.08,A,,*73
2026-05-31T13:28:36.4156462Z $IIHDG,317.8,,,14.0,W*08
2026-05-31T13:28:36.4650589Z $GPGLL,4230.0921,N,07050.4984,W,132834,A,D*53
2026-05-31T13:28:36.4650589Z $GNGSA,A,3,,,,,,,,,,,,,0.70,0.50,0.50*1B
2026-05-31T13:28:36.4650589Z $GNGSV,3,1,11,01,11,054,,03,37,058,,06,62,249,,11,21,239,*69
2026-05-31T13:28:36.4650589Z $GNGSV,3,2,11,12,08,320,,14,39,166,,17,67,067,,19,68,323,*60
2026-05-31T13:28:36.4650589Z $GNGSV,3,3,11,22,58,174,,24,13,284,,44,23,237,*55
2026-05-31T13:28:36.5107329Z $IIHDG,317.8,,,14.0,W*08
2026-05-31T13:28:36.5583373Z $GPRMC,132834,A,4230.0921,N,07050.4984,W,0.0,208.0,310526,14.1,W,D*20
2026-05-31T13:28:36.6066142Z $GPVTG,208.0,T,222.1,M,0.0,N,0.1,K,A*2B
2026-05-31T13:28:36.6066142Z $GPZDA,132834,31,05,2026,04,00*42
2026-05-31T13:28:36.6066142Z $IIHDG,317.8,,,14.0,W*08
2026-05-31T13:28:36.6708861Z $GPAAM,,,,N,*38
2026-05-31T13:28:36.7202942Z $IIHDG,317.8,,,14.0,W*08
2026-05-31T13:28:36.7202942Z $GPAPB,,,,,,,,,,,,,,,N*26
2026-05-31T13:28:36.7665932Z $GPBOD,,T,,M,,*47
2026-05-31T13:28:36.8784359Z $IIHDG,317.7,,,14.0,W*07
2026-05-31T13:28:36.9262872Z $GPRMB,,,,,,,,,,,,,,N*04
2026-05-31T13:28:36.9748600Z $GPXTE,,,,,N,N*5E
2026-05-31T13:28:37.0228889Z $IIHDG,317.7,,,14.0,W*07
2026-05-31T13:28:37.0228889Z $SDDBT,27.6,f,8.4,M,4.6,F*3B
2026-05-31T13:28:37.0708174Z $SDDPT,8.4,0.0,*77
2026-05-31T13:28:37.0708174Z $SDMTW,14.8,C*09
2026-05-31T13:28:37.0708174Z $SDVLW,,N,39.8,N,3042.4,N,32.5,N*43
2026-05-31T13:28:37.1191268Z $SDVHW,303.6,T,317.6,M,0.0,N,0.0,K*47
2026-05-31T13:28:37.1191268Z $IIHDG,317.6,,,14.0,W*06
2026-05-31T13:28:37.1191268Z !AIVDM,1,1,,,152Wpn<01HrsKf@H?lvRr2A02000,0*0D
2026-05-31T13:28:37.1925069Z $WIMWD,308.9,T,322.9,M,6.9,N,3.5,M*5B
2026-05-31T13:28:37.1925069Z $WIMWV,5.2,R,6.7,N,A*25
2026-05-31T13:28:37.1949483Z $WIMWV,5.1,T,6.9,N,A*2E
2026-05-31T13:28:37.2464053Z $IIHDG,317.6,,,14.0,W*06
2026-05-31T13:28:37.2464053Z !AIVDM,1,1,,,E>k`vt<r0h@@@@@@@@@@@@@@@@@=MwTH<E=u@00000000?,4*12
2026-05-31T13:28:37.2942007Z $IIHDG,317.5,,,14.0,W*05
2026-05-31T13:28:37.3419170Z $IIXDR,C,13.1,C,AIRTEMP,A,2.4,D,HEEL,A,0.6,D,TRIM,P,1.015,B,BARO,A,-0.3,D,RUDDER*31
2026-05-31T13:28:37.3901783Z $GNGGA,132835,4230.0921,N,07050.4985,W,2,00,0.50,8,M,-32.6,M,,*47
2026-05-31T13:28:37.3901783Z $IIHDG,317.5,,,14.0,W*05
2026-05-31T13:28:37.3901783Z $GPGLC,9960,,,13928.94,A,25847.50,A,44324.31,A,60280.08,A,,*73
2026-05-31T13:28:37.4378908Z $GPGLL,4230.0921,N,07050.4985,W,132835,A,D*53
2026-05-31T13:28:37.4853037Z $GNGSA,A,3,,,,,,,,,,,,,0.70,0.50,0.50*1B
2026-05-31T13:28:37.4853037Z $GNGSV,3,1,11,01,11,054,,03,37,058,,06,62,249,,11,21,239,*69
2026-05-31T13:28:37.4853037Z $GNGSV,3,2,11,12,08,320,,14,39,166,,17,67,067,,19,68,323,*60
2026-05-31T13:28:37.4853037Z $GNGSV,3,3,11,22,58,174,,24,13,284,,44,23,237,*55
2026-05-31T13:28:37.4853037Z $IIHDG,317.5,,,14.0,W*05
2026-05-31T13:28:37.5495560Z $GPRMC,132835,A,4230.0921,N,07050.4985,W,0.1,208.0,310526,14.1,W,D*21
2026-05-31T13:28:37.5982844Z $GPVTG,208.0,T,222.1,M,0.1,N,0.1,K,A*2A
2026-05-31T13:28:37.5982844Z $GPZDA,132835,31,05,2026,04,00*43
2026-05-31T13:28:37.5982844Z $IIHDG,317.5,,,14.0,W*05
2026-05-31T13:28:37.6637863Z $GPAAM,,,,N,*38
2026-05-31T13:28:37.7258818Z $IIHDG,317.5,,,14.0,W*05
2026-05-31T13:28:37.7258818Z $GPAPB,,,,,,,,,,,,,,,N*26
2026-05-31T13:28:37.7740838Z $GPBOD,,T,,M,,*47
2026-05-31T13:28:37.8220000Z !AIVDM,1,1,,,15NK=p003prskLpH=ITT2S580000,0*6E
2026-05-31T13:28:37.8220000Z $IIHDG,317.5,,,14.0,W*05
2026-05-31T13:28:37.8693041Z !AIVDM,1,1,,,352l5NhOQbrsA40H>jf18A160000,0*21
2026-05-31T13:28:37.9354949Z $GPRMB,,,,,,,,,,,,,,N*04
2026-05-31T13:28:37.9354949Z $IIHDG,317.5,,,14.0,W*05
2026-05-31T13:28:37.9354949Z $GPXTE,,,,,N,N*5E
2026-05-31T13:28:37.9817226Z !AIVDM,1,1,,,15N9sFP000rrso8H@`g9mDq:0000,0*31
2026-05-31T13:28:38.0298927Z $IIHDG,317.5,,,14.0,W*05
2026-05-31T13:28:38.0298927Z $SDDBT,27.6,f,8.4,M,4.6,F*3B
2026-05-31T13:28:38.0298927Z $SDDPT,8.4,0.0,*77
2026-05-31T13:28:38.0780483Z $SDMTW,14.8,C*09
2026-05-31T13:28:38.0780483Z $SDVLW,,N,39.8,N,3042.4,N,32.5,N*43
2026-05-31T13:28:38.0780483Z $SDVHW,303.5,T,317.5,M,0.0,N,0.0,K*47
2026-05-31T13:28:38.1261119Z $IIHDG,317.5,,,14.0,W*05
2026-05-31T13:28:38.1762978Z $WIMWD,307.8,T,321.9,M,6.1,N,3.2,M*59
2026-05-31T13:28:38.2222749Z $WIMWV,4.2,R,6.6,N,A*25
2026-05-31T13:28:38.2222749Z $WIMWV,4.5,T,6.1,N,A*23
2026-05-31T13:28:38.2222749Z $IIHDG,317.5,,,14.0,W*05
2026-05-31T13:28:38.2860255Z $IIXDR,C,13.1,C,AIRTEMP,A,2.6,D,HEEL,A,0.1,D,TRIM,P,1.015,B,BARO,A,-0.3,D,RUDDER*34
2026-05-31T13:28:38.3502684Z $IIHDG,317.6,,,14.0,W*06
2026-05-31T13:28:38.3985412Z $GNGGA,132836,4230.0922,N,07050.4985,W,2,00,0.50,8,M,-32.6,M,,*47
2026-05-31T13:28:38.3985412Z $GPGLC,9960,,,13928.94,A,25847.50,A,44324.31,A,60280.08,A,,*73
2026-05-31T13:28:38.4464112Z $IIHDG,317.6,,,14.0,W*06
2026-05-31T13:28:38.4464112Z $GPGLL,4230.0922,N,07050.4985,W,132836,A,D*53
2026-05-31T13:28:38.4464112Z $GNGSA,A,3,,,,,,,,,,,,,0.70,0.50,0.50*1B
2026-05-31T13:28:38.4464112Z $GNGSV,3,1,11,01,11,054,,03,37,058,,06,62,249,,11,21,239,*69
2026-05-31T13:28:38.4464112Z $GNGSV,3,2,11,12,08,320,,14,39,166,,17,67,067,,19,68,323,*60
2026-05-31T13:28:38.4464112Z $GNGSV,3,3,11,22,58,174,,24,13,284,,44,23,237,*55
2026-05-31T13:28:38.4945650Z !AIVDM,1,1,,,15Ngd70OT5Js?5PH=ww<fJ7<0000,0*0A
2026-05-31T13:28:38.5427102Z $IIHDG,317.6,,,14.0,W*06
2026-05-31T13:28:38.5909858Z $GPRMC,132836,A,4230.0922,N,07050.4985,W,0.1,208.0,310526,14.1,W,D*21
2026-05-31T13:28:38.5909858Z $GPVTG,208.0,T,222.1,M,0.1,N,0.1,K,A*2A
2026-05-31T13:28:38.5909858Z $GPZDA,132836,31,05,2026,04,00*40
2026-05-31T13:28:38.6386025Z $IIHDG,317.6,,,14.0,W*06
2026-05-31T13:28:38.6863401Z $GPAAM,,,,N,*38
2026-05-31T13:28:38.7347493Z $GPAPB,,,,,,,,,,,,,,,N*26
2026-05-31T13:28:38.7387145Z $IIHDG,317.6,,,14.0,W*06
2026-05-31T13:28:38.7823651Z $GPBOD,,T,,M,,*47
2026-05-31T13:28:38.8300839Z $IIHDG,317.7,,,14.0,W*07
2026-05-31T13:28:38.8782116Z !AIVDM,1,1,,,35NO=iPPP4JrotpH>Wk<sGC<0000,0*3E
2026-05-31T13:28:38.9288753Z $GPRMB,,,,,,,,,,,,,,N*04
2026-05-31T13:28:38.9288753Z $IIHDG,317.7,,,14.0,W*07
2026-05-31T13:28:38.9732753Z $GPXTE,,,,,N,N*5E
2026-05-31T13:28:39.0215641Z $SDDBT,27.6,f,8.4,M,4.6,F*3B
2026-05-31T13:28:39.0215641Z $IIHDG,317.7,,,14.0,W*07
2026-05-31T13:28:39.0693172Z $SDDPT,8.4,0.0,*77
2026-05-31T13:28:39.0693172Z $SDMTW,14.8,C*09
2026-05-31T13:28:39.0693172Z $SDVLW,,N,39.8,N,3042.4,N,32.5,N*43
2026-05-31T13:28:39.1179680Z $SDVHW,303.7,T,317.7,M,0.0,N,0.0,K*47
2026-05-31T13:28:39.1179680Z $IIHDG,317.7,,,14.0,W*07
2026-05-31T13:28:39.1662420Z $WIMWD,307.6,T,321.6,M,6.2,N,3.2,M*5B
2026-05-31T13:28:39.2141769Z $WIMWV,3.9,R,6.4,N,A*2B
2026-05-31T13:28:39.2141769Z $WIMWV,3.9,T,6.2,N,A*2B
2026-05-31T13:28:39.2141769Z $IIHDG,317.8,,,14.0,W*08
2026-05-31T13:28:39.2942448Z $IIXDR,C,13.1,C,AIRTEMP,A,2.7,D,HEEL,A,0.4,D,TRIM,P,1.015,B,BARO,A,-0.3,D,RUDDER*30
2026-05-31T13:28:39.3424848Z $IIHDG,317.8,,,14.0,W*08
2026-05-31T13:28:39.3906014Z $GNGGA,132837,4230.0922,N,07050.4986,W,2,00,0.50,8,M,-32.6,M,,*45
2026-05-31T13:28:39.3906014Z $GPGLC,9960,,,13928.94,A,25847.50,A,44324.31,A,60280.08,A,,*73
2026-05-31T13:28:39.4408890Z $IIHDG,317.8,,,14.0,W*08
2026-05-31T13:28:39.4408890Z $GPGLL,4230.0922,N,07050.4986,W,132837,A,D*51
2026-05-31T13:28:39.4408890Z !AIVDM,1,1,,,35NwCQPPP8rs>PpHBg3<KIw:0000,0*10
2026-05-31T13:28:39.4871143Z $GNGSA,A,3,,,,,,,,,,,,,0.70,0.50,0.50*1B
2026-05-31T13:28:39.4871143Z $GNGSV,3,1,11,01,11,054,,03,37,058,,06,62,249,,11,21,239,*69
2026-05-31T13:28:39.4871143Z $GNGSV,3,2,11,12,08,320,,14,39,166,,17,67,067,,19,68,323,*60
2026-05-31T13:28:39.4871143Z $GNGSV,3,3,11,22,58,174,,24,13,284,,44,23,237,*55
2026-05-31T13:28:39.5356854Z $IIHDG,317.8,,,14.0,W*08
2026-05-31T13:28:39.5860690Z $GPRMC,132837,A,4230.0922,N,07050.4986,W,0.1,208.0,310526,14.1,W,D*23
2026-05-31T13:28:39.5860690Z !AIVDM,1,1,,,15N1c70000Jrmw0H?GESemc<0000,0*2B
2026-05-31T13:28:39.5860690Z $GPVTG,208.0,T,222.1,M,0.1,N,0.1,K,A*2A
2026-05-31T13:28:39.5860690Z $GPZDA,132837,31,05,2026,04,00*41
2026-05-31T13:28:39.6312048Z $IIHDG,317.8,,,14.0,W*08
2026-05-31T13:28:39.6797184Z $GPAAM,,,,N,*38
2026-05-31T13:28:39.7283739Z $GPAPB,,,,,,,,,,,,,,,N*26
2026-05-31T13:28:39.7283739Z $IIHDG,317.8,,,14.0,W*08
2026-05-31T13:28:39.7764083Z !AIVDM,1,1,,,352l5NhOQarsA5@H>jr19Q3:0000,0*58
2026-05-31T13:28:39.7764083Z $GPBOD,,T,,M,,*47
2026-05-31T13:28:39.8246977Z $IIHDG,317.8,,,14.0,W*08
2026-05-31T13:28:39.8936779Z $GPRMB,,,,,,,,,,,,,,N*04
2026-05-31T13:28:39.9526285Z $IIHDG,317.8,,,14.0,W*08
2026-05-31T13:28:39.9526285Z $GPXTE,,,,,N,N*5E
2026-05-31T13:28:39.9526285Z !AIVDM,1,1,,,15NK=p003trskRPH=ILT2C7<0000,0*5A
2026-05-31T13:28:40.0002166Z $SDDBT,27.6,f,8.4,M,4.6,F*3B
2026-05-31T13:28:40.0483693Z $IIHDG,317.8,,,14.0,W*08
2026-05-31T13:28:40.0483693Z $SDDPT,8.4,0.0,*77
2026-05-31T13:28:40.0963156Z $SDMTW,14.8,C*09
2026-05-31T13:28:40.0963156Z $SDVLW,,N,39.8,N,3042.4,N,32.5,N*43
2026-05-31T13:28:40.0963156Z $SDVHW,303.8,T,317.8,M,0.0,N,0.0,K*47
2026-05-31T13:28:40.1460703Z $IIHDG,317.8,,,14.0,W*08
2026-05-31T13:28:40.1934593Z $WIMWD,307.4,T,321.5,M,6.0,N,3.1,M*5B
2026-05-31T13:28:40.1954817Z $WIMWV,3.6,R,6.3,N,A*23
2026-05-31T13:28:40.1954817Z $WIMWV,3.6,T,6.0,N,A*26
2026-05-31T13:28:40.2398855Z $IIHDG,317.8,,,14.0,W*08
2026-05-31T13:28:40.2898782Z $IIXDR,C,13.1,C,AIRTEMP,A,2.2,D,HEEL,A,0.7,D,TRIM,P,1.015,B,BARO,A,-0.3,D,RUDDER*36
2026-05-31T13:28:40.3521733Z $IIHDG,317.8,,,14.0,W*08
2026-05-31T13:28:40.4010773Z $GNGGA,132838,4230.0921,N,07050.4985,W,2,00,0.50,8,M,-32.6,M,,*4A
2026-05-31T13:28:40.4010773Z $GPGLC,9960,,,13928.94,A,25847.50,A,44324.31,A,60280.08,A,,*73
2026-05-31T13:28:40.4487403Z $IIHDG,317.8,,,14.0,W*08
2026-05-31T13:28:40.4487403Z $GPGLL,4230.0921,N,07050.4985,W,132838,A,D*5E
2026-05-31T13:28:40.4487403Z $GNGSA,A,3,,,,,,,,,,,,,0.70,0.50,0.50*1B
2026-05-31T13:28:40.4487403Z $GNGSV,3,1,11,01,11,054,,03,37,058,,06,62,249,,11,21,239,*69
2026-05-31T13:28:40.4487403Z $GNGSV,3,2,11,12,08,320,,14,39,166,,17,67,067,,19,68,323,*60
2026-05-31T13:28:40.4487403Z $GNGSV,3,3,11,22,58,174,,24,13,284,,44,23,237,*55
2026-05-31T13:28:40.5130330Z $IIHDG,317.7,,,14.0,W*07
2026-05-31T13:28:40.5605409Z $GPRMC,132838,A,4230.0921,N,07050.4985,W,0.1,208.0,310526,14.1,W,D*2C
2026-05-31T13:28:40.6101385Z $GPVTG,208.0,T,222.1,M,0.1,N,0.1,K,A*2A
2026-05-31T13:28:40.6101385Z $GPZDA,132838,31,05,2026,04,00*4E
2026-05-31T13:28:40.6596737Z $IIHDG,317.7,,,14.0,W*07
2026-05-31T13:28:40.7151895Z $GPAAM,,,,N,*38
2026-05-31T13:28:40.7151895Z !AIVDM,1,1,,,18I<UK000<rt@6PHC3r1bQhl0000,0*65
2026-05-31T13:28:40.7151895Z $GPAPB,,,,,,,,,,,,,,,N*26
2026-05-31T13:28:40.7661135Z $IIHDG,317.7,,,14.0,W*07
2026-05-31T13:28:40.7661135Z $GPBOD,,T,,M,,*47
2026-05-31T13:28:40.8134653Z $IIHDG,317.7,,,14.0,W*07
2026-05-31T13:28:40.9024807Z $GPRMB,,,,,,,,,,,,,,N*04
2026-05-31T13:28:40.9562729Z $IIHDG,317.7,,,14.0,W*07
2026-05-31T13:28:40.9562729Z $GPXTE,,,,,N,N*5E
2026-05-31T13:28:41.0043890Z $SDDBT,28.0,f,8.5,M,4.6,F*33
2026-05-31T13:28:41.0537916Z $IIHDG,317.6,,,14.0,W*06
2026-05-31T13:28:41.0537916Z $SDDPT,8.6,0.0,*75
2026-05-31T13:28:41.0990980Z $SDMTW,14.8,C*09
2026-05-31T13:28:41.0990980Z $SDVLW,,N,39.8,N,3042.4,N,32.5,N*43
2026-05-31T13:28:41.0990980Z $SDVHW,303.6,T,317.6,M,0.0,N,0.0,K*47
2026-05-31T13:28:41.1507882Z !AIVDM,1,1,,,B52oU<@1?VfsJ265MKrKKwP00000,0*31
2026-05-31T13:28:41.1528013Z $IIHDG,317.6,,,14.0,W*06
2026-05-31T13:28:41.1944681Z $WIMWD,307.3,T,321.3,M,5.8,N,3.0,M*50
2026-05-31T13:28:41.1944681Z $WIMWV,3.7,R,6.1,N,A*20
2026-05-31T13:28:41.1944681Z $WIMWV,3.6,T,5.8,N,A*2D
2026-05-31T13:28:41.2468312Z $IIHDG,317.6,,,14.0,W*06
2026-05-31T13:28:41.2468312Z !AIVDM,1,1,,,ENk`sl>`@@@@@@@@@@@@@@@@@@@=OTgH<LwsP00000000?,4*70
2026-05-31T13:28:41.2983256Z !AIVDM,1,1,,,35NwCQPPP6rs>PpHBg4cWb1>0000,0*33
2026-05-31T13:28:41.3458305Z $IIXDR,C,13.1,C,AIRTEMP,A,1.9,D,HEEL,A,-0.1,D,TRIM,P,1.015,B,BARO,A,-0.3,D,RUDDER*15
2026-05-31T13:28:41.3458305Z $IIHDG,317.6,,,14.0,W*06
2026-05-31T13:28:41.3951760Z $GNGGA,132839,4230.0920,N,07050.4985,W,2,00,0.50,8,M,-32.6,M,,*4A
2026-05-31T13:28:41.3951760Z $GPGLC,9960,,,13928.94,A,25847.50,A,44324.31,A,60280.08,A,,*73
2026-05-31T13:28:41.4482741Z $IIHDG,317.6,,,14.0,W*06
2026-05-31T13:28:41.4482741Z $GPGLL,4230.0920,N,07050.4985,W,132839,A,D*5E
2026-05-31T13:28:41.4482741Z $GNGSA,A,3,,,,,,,,,,,,,0.70,0.50,0.50*1B
2026-05-31T13:28:41.4482741Z $GNGSV,3,1,11,01,11,054,,03,37,058,,06,62,249,,11,21,239,*69
2026-05-31T13:28:41.4482741Z $GNGSV,3,2,11,12,08,320,,14,39,166,,17,67,067,,19,68,323,*60
2026-05-31T13:28:41.4482741Z $GNGSV,3,3,11,22,58,174,,24,13,284,,44,23,237,*55
2026-05-31T13:28:41.5060669Z $IIHDG,317.7,,,14.0,W*07
2026-05-31T13:28:41.5698712Z $GPRMC,132839,A,4230.0920,N,07050.4985,W,0.1,208.0,310526,14.1,W,D*2C
2026-05-31T13:28:41.5698712Z $GPVTG,208.0,T,222.1,M,0.1,N,0.1,K,A*2A
2026-05-31T13:28:41.6183913Z $GPZDA,132839,31,05,2026,04,00*4F
2026-05-31T13:28:41.6183913Z $IIHDG,317.7,,,14.0,W*07
2026-05-31T13:28:41.6665330Z !AIVDM,1,1,,,35N1c70000Jrmw0H?GEd6mc@0000,0*31
2026-05-31T13:28:41.7140846Z $GPAAM,,,,N,*38
2026-05-31T13:28:41.7140846Z $GPAPB,,,,,,,,,,,,,,,N*26
2026-05-31T13:28:41.7621349Z $IIHDG,317.7,,,14.0,W*07
2026-05-31T13:28:41.7621349Z $GPBOD,,T,,M,,*47
2026-05-31T13:28:41.8736519Z $IIHDG,317.7,,,14.0,W*07
2026-05-31T13:28:41.9213198Z $GPRMB,,,,,,,,,,,,,,N*04
2026-05-31T13:28:41.9695613Z $IIHDG,317.7,,,14.0,W*07
2026-05-31T13:28:41.9695613Z $GPXTE,,,,,N,N*5E
2026-05-31T13:28:42.0179342Z $SDDBT,28.1,f,8.5,M,4.6,F*32
2026-05-31T13:28:42.0666191Z $IIHDG,317.7,,,14.0,W*07
2026-05-31T13:28:42.0666191Z $SDDPT,8.6,0.0,*75
2026-05-31T13:28:42.0666191Z $SDMTW,14.8,C*09
2026-05-31T13:28:42.1150561Z $SDVLW,,N,39.8,N,3042.4,N,32.5,N*43
2026-05-31T13:28:42.1150561Z $SDVHW,303.6,T,317.7,M,0.0,N,0.0,K*46
2026-05-31T13:28:42.1634231Z $IIHDG,317.7,,,14.0,W*07
2026-05-31T13:28:42.1634231Z $WIMWD,307.1,T,321.2,M,6.2,N,3.2,M*58
2026-05-31T13:28:42.2103412Z !AIVDM,1,1,,,ENk`sl>`@@@@@@@@@@@@@@@@@@@=OTgH<LwsP00000000?,4*70
2026-05-31T13:28:42.2103412Z $WIMWV,3.5,R,6.1,N,A*22
2026-05-31T13:28:42.2150936Z $WIMWV,3.4,T,6.2,N,A*26
2026-05-31T13:28:42.2576564Z $IIHDG,317.7,,,14.0,W*07
2026-05-31T13:28:42.3059149Z $IIXDR,C,13.1,C,AIRTEMP,A,2.6,D,HEEL,A,0.0,D,TRIM,P,1.015,B,BARO,A,-0.2,D,RUDDER*34
2026-05-31T13:28:42.3535677Z $IIHDG,317.7,,,14.0,W*07
2026-05-31T13:28:42.4019038Z $GNGGA,132840,4230.0920,N,07050.4984,W,2,00,0.50,8,M,-32.6,M,,*45
2026-05-31T13:28:42.4019038Z $GPGLC,9960,,,13928.94,A,25847.50,A,44324.31,A,60280.08,A,,*73
2026-05-31T13:28:42.4496234Z $GPGLL,4230.0920,N,07050.4984,W,132840,A,D*51
2026-05-31T13:28:42.4496234Z $IIHDG,317.6,,,14.0,W*06
2026-05-31T13:28:42.4496234Z $GNGSA,A,3,,,,,,,,,,,,,0.70,0.50,0.50*1B
2026-05-31T13:28:42.4496234Z $GNGSV,3,1,11,01,11,054,,03,37,058,,06,62,249,,11,21,239,*69
2026-05-31T13:28:42.4496234Z $GNGSV,3,2,11,12,08,320,,14,39,166,,17,67,067,,19,68,323,*60
2026-05-31T13:28:42.4496234Z $GNGSV,3,3,11,22,58,174,,24,13,284,,44,23,237,*55
2026-05-31T13:28:42.5322845Z $IIHDG,317.6,,,14.0,W*06
2026-05-31T13:28:42.5784593Z !AIVDM,1,1,,,15NO=g;P00Jrjq`H@0vdbOw@2000,0*22
2026-05-31T13:28:42.5784593Z $GPRMC,132840,A,4230.0920,N,07050.4984,W,0.1,208.0,310526,14.1,W,D*23
2026-05-31T13:28:42.5784593Z $GPVTG,208.0,T,222.1,M,0.1,N,0.1,K,A*2A
2026-05-31T13:28:42.5784593Z $GPZDA,132840,31,05,2026,04,00*41
2026-05-31T13:28:42.6237081Z $IIHDG,317.6,,,14.0,W*06
2026-05-31T13:28:42.6713840Z $GPAAM,,,,N,*38
2026-05-31T13:28:42.7187842Z $GPAPB,,,,,,,,,,,,,,,N*26
2026-05-31T13:28:42.7187842Z !AIVDM,1,1,,,B5OElb00;VfrAP65GR`BP:P00000,0*42
2026-05-31T13:28:42.7667783Z $IIHDG,317.6,,,14.0,W*06
2026-05-31T13:28:42.7667783Z $GPBOD,,T,,M,,*47
2026-05-31T13:28:42.8150776Z !AIVDM,1,1,,,15Ngd70OT4Js>vpH>0tdkJ;D0000,0*0F
2026-05-31T13:28:42.8634831Z $IIHDG,317.6,,,14.0,W*06
2026-05-31T13:28:42.9105671Z $GPRMB,,,,,,,,,,,,,,N*04
2026-05-31T13:28:42.9583416Z $IIHDG,317.6,,,14.0,W*06
2026-05-31T13:28:42.9583416Z $GPXTE,,,,,N,N*5E
2026-05-31T13:28:43.0082742Z $SDDBT,27.9,f,8.5,M,4.6,F*35
2026-05-31T13:28:43.0543994Z $IIHDG,317.6,,,14.0,W*06
2026-05-31T13:28:43.0543994Z $SDDPT,8.5,0.0,*76
2026-05-31T13:28:43.1007298Z !AIVDM,1,1,,,B5NbTfP006fdn<63fJ1A7wP00000,0*41
2026-05-31T13:28:43.1007298Z $SDMTW,14.8,C*09
2026-05-31T13:28:43.1007298Z $SDVLW,,N,39.8,N,3042.4,N,32.5,N*43
2026-05-31T13:28:43.1007298Z $SDVHW,303.6,T,317.6,M,0.0,N,0.0,K*47
2026-05-31T13:28:43.1516671Z $IIHDG,317.6,,,14.0,W*06
2026-05-31T13:28:43.1979396Z $WIMWD,307.4,T,321.5,M,5.6,N,2.9,M*57
2026-05-31T13:28:43.1979396Z $WIMWV,3.8,R,6.0,N,A*2E
2026-05-31T13:28:43.1979396Z $WIMWV,3.9,T,5.4,N,A*2E
2026-05-31T13:28:43.2605001Z $IIHDG,317.6,,,14.0,W*06
2026-05-31T13:28:43.3279237Z $IIXDR,C,13.1,C,AIRTEMP,A,3.5,D,HEEL,A,0.3,D,TRIM,P,1.015,B,BARO,A,-0.3,D,RUDDER*34
2026-05-31T13:28:43.3279237Z $IIHDG,317.6,,,14.0,W*06
2026-05-31T13:28:43.3725246Z $GNGGA,132841,4230.0920,N,07050.4984,W,2,00,0.50,8,M,-32.6,M,,*44
2026-05-31T13:28:43.4202916Z $GPGLC,9960,,,13928.94,A,25847.50,A,44324.31,A,60280.08,A,,*73
2026-05-31T13:28:43.4202916Z $GPGLL,4230.0920,N,07050.4984,W,132841,A,D*50
2026-05-31T13:28:43.4676733Z $IIHDG,317.6,,,14.0,W*06
2026-05-31T13:28:43.4676733Z $GNGSA,A,3,,,,,,,,,,,,,0.70,0.50,0.50*1B
2026-05-31T13:28:43.4676733Z $GNGSV,3,1,11,01,11,054,,03,37,058,,06,62,249,,11,21,239,*69
2026-05-31T13:28:43.4732568Z $GNGSV,3,2,11,12,08,320,,14,39,166,,17,67,067,,19,68,323,*60
2026-05-31T13:28:43.4732568Z $GNGSV,3,3,11,22,58,174,,24,13,284,,44,23,237,*55
2026-05-31T13:28:43.4732568Z !AIVDM,1,1,,,15NQUM4P00rrksHH>tpf4?wD2000,0*7E
2026-05-31T13:28:43.5318741Z $IIHDG,317.6,,,14.0,W*06
2026-05-31T13:28:43.5803355Z $GPRMC,132841,A,4230.0920,N,07050.4984,W,0.1,208.0,310526,14.1,W,D*22
2026-05-31T13:28:43.5803355Z $GPVTG,208.0,T,222.1,M,0.1,N,0.2,K,A*29
2026-05-31T13:28:43.5803355Z $GPZDA,132841,31,05,2026,04,00*40
2026-05-31T13:28:43.6287895Z !AIVDM,1,1,,,15MnF7<00DJrrJPH>hF<?IWF0000,0*1A
2026-05-31T13:28:43.6758580Z $IIHDG,317.6,,,14.0,W*06
2026-05-31T13:28:43.6758580Z $GPAAM,,,,N,*38
2026-05-31T13:28:43.7240824Z $GPAPB,,,,,,,,,,,,,,,N*26
2026-05-31T13:28:43.7720755Z $IIHDG,317.6,,,14.0,W*06
2026-05-31T13:28:43.7720755Z $GPBOD,,T,,M,,*47
2026-05-31T13:28:43.8363197Z $IIHDG,317.6,,,14.0,W*06
2026-05-31T13:28:43.9000521Z $GPRMB,,,,,,,,,,,,,,N*04
2026-05-31T13:28:43.9483140Z $GPXTE,,,,,N,N*5E
2026-05-31T13:28:43.9483140Z $IIHDG,317.6,,,14.0,W*06
2026-05-31T13:28:44.0050746Z $SDDBT,27.6,f,8.4,M,4.6,F*3B
2026-05-31T13:28:44.0629992Z $SDDPT,8.4,0.0,*77
2026-05-31T13:28:44.0629992Z !AIVDM,1,1,,,15NK=p0OSprskf0H=I<T5C7D0000,0*1A
2026-05-31T13:28:44.0629992Z !AIVDM,1,1,,,352l5NhOQWrsA8HH>kHQ<Q7D0000,0*4F
2026-05-31T13:28:44.0629992Z $IIHDG,317.6,,,14.0,W*06
2026-05-31T13:28:44.0629992Z $SDMTW,14.8,C*09
2026-05-31T13:28:44.1092341Z $SDVLW,,N,39.8,N,3042.4,N,32.5,N*43
2026-05-31T13:28:44.1092341Z $SDVHW,303.5,T,317.6,M,0.0,N,0.0,K*44
2026-05-31T13:28:44.1581990Z $IIHDG,317.6,,,14.0,W*06
2026-05-31T13:28:44.1581990Z $WIMWD,308.2,T,322.3,M,5.3,N,2.7,M*50
2026-05-31T13:28:44.2046302Z $WIMWV,4.6,R,5.7,N,A*23
2026-05-31T13:28:44.2046302Z $WIMWV,4.5,T,5.3,N,A*22
2026-05-31T13:28:44.2547330Z $IIHDG,317.6,,,14.0,W*06
2026-05-31T13:28:44.3009423Z $IIXDR,C,13.1,C,AIRTEMP,A,3.4,D,HEEL,A,0.1,D,TRIM,P,1.015,B,BARO,A,-0.4,D,RUDDER*30
2026-05-31T13:28:44.3490603Z $IIHDG,317.6,,,14.0,W*06
2026-05-31T13:28:44.3968762Z $GNGGA,132842,4230.0918,N,07050.4983,W,2,00,0.50,8,M,-32.6,M,,*4B
2026-05-31T13:28:44.3968762Z $GPGLC,9960,,,13928.94,A,25847.49,A,44324.31,A,60280.08,A,,*7B
2026-05-31T13:28:44.4460628Z !AIVDM,1,1,,,15O=hk5siAJsGq8H>mPQFQ340000,0*41
2026-05-31T13:28:44.4460628Z $GPGLL,4230.0918,N,07050.4983,W,132842,A,D*5F
2026-05-31T13:28:44.4480835Z $IIHDG,317.6,,,14.0,W*06
2026-05-31T13:28:44.4480835Z $GNGSA,A,3,,,,,,,,,,,,,0.70,0.50,0.50*1B
2026-05-31T13:28:44.4480835Z $GNGSV,3,1,11,01,11,054,,03,37,058,,06,62,249,,11,21,239,*69
2026-05-31T13:28:44.4480835Z $GNGSV,3,2,11,12,08,320,,14,39,166,,17,67,067,,19,68,323,*60
2026-05-31T13:28:44.4480835Z $GNGSV,3,3,11,22,58,174,,24,13,284,,44,23,237,*55
2026-05-31T13:28:44.5242758Z !AIVDM,1,1,,,15Ngd70OT3Js>shH>1Kdnb=H0000,0*0C
2026-05-31T13:28:44.5875039Z $IIHDG,317.6,,,14.0,W*06
2026-05-31T13:28:44.5875039Z $GPRMC,132842,A,4230.0918,N,07050.4983,W,0.1,208.0,310526,14.1,W,D*2D
2026-05-31T13:28:44.5875039Z $GPVTG,208.0,T,222.1,M,0.1,N,0.2,K,A*29
2026-05-31T13:28:44.5875039Z $GPZDA,132842,31,05,2026,04,00*43
2026-05-31T13:28:44.6348601Z $IIHDG,317.6,,,14.0,W*06
2026-05-31T13:28:44.6989652Z $GPAAM,,,,N,*38
2026-05-31T13:28:44.7470494Z $GPAPB,,,,,,,,,,,,,,,N*26
2026-05-31T13:28:44.7470494Z $GPBOD,,T,,M,,*47
2026-05-31T13:28:44.7470494Z $IIHDG,317.6,,,14.0,W*06
2026-05-31T13:28:44.8448355Z $IIHDG,317.6,,,14.0,W*06
2026-05-31T13:28:44.8915186Z $GPRMB,,,,,,,,,,,,,,N*04
2026-05-31T13:28:44.9570583Z $GPXTE,,,,,N,N*5E
2026-05-31T13:28:44.9570583Z $IIHDG,317.6,,,14.0,W*06
2026-05-31T13:28:45.0023052Z $SDDBT,27.6,f,8.4,M,4.6,F*3B
2026-05-31T13:28:45.0503148Z $SDDPT,8.4,0.0,*77
2026-05-31T13:28:45.0503148Z $IIHDG,317.6,,,14.0,W*06
2026-05-31T13:28:45.0984993Z $SDMTW,14.8,C*09
2026-05-31T13:28:45.0984993Z $SDVLW,,N,39.8,N,3042.4,N,32.5,N*43
2026-05-31T13:28:45.0984993Z !AIVDM,1,1,,,153>KLP000rrh:0H?V`8E6QF0000,0*76
2026-05-31T13:28:45.0984993Z $SDVHW,303.5,T,317.6,M,0.0,N,0.0,K*44
2026-05-31T13:28:45.1461874Z $IIHDG,317.6,,,14.0,W*06
2026-05-31T13:28:45.1942625Z $WIMWD,308.4,T,322.5,M,5.5,N,2.8,M*59
2026-05-31T13:28:45.1942625Z $WIMWV,4.9,R,5.6,N,A*2D
2026-05-31T13:28:45.1942625Z $WIMWV,4.7,T,5.5,N,A*26
2026-05-31T13:28:45.2420881Z $IIHDG,317.6,,,14.0,W*06
2026-05-31T13:28:45.2899542Z $IIXDR,C,13.1,C,AIRTEMP,A,1.9,D,HEEL,A,0.3,D,TRIM,P,1.015,B,BARO,A,-0.3,D,RUDDER*3A
2026-05-31T13:28:45.3581899Z $IIHDG,317.5,,,14.0,W*05
2026-05-31T13:28:45.4031081Z !AIVDM,1,1,,,19NSfbh000rrnu8H>W?3S8GB0000,0*4E
2026-05-31T13:28:45.4031081Z $GNGGA,132843,4230.0918,N,07050.4983,W,2,00,0.50,8,M,-32.6,M,,*4A
2026-05-31T13:28:45.4031081Z $GPGLC,9960,,,13928.94,A,25847.49,A,44324.31,A,60280.08,A,,*7B
2026-05-31T13:28:45.4521425Z !AIVDM,1,1,,,B52T9P@0<NfvwT65`GrNowP00000,0*4E
2026-05-31T13:28:45.4549401Z $GPGLL,4230.0918,N,07050.4983,W,132843,A,D*5E
2026-05-31T13:28:45.4565078Z $GNGSA,A,3,,,,,,,,,,,,,0.70,0.50,0.50*1B
2026-05-31T13:28:45.4591288Z $GNGSV,3,1,11,01,11,054,,03,37,058,,06,62,249,,11,21,239,*69
2026-05-31T13:28:45.4591288Z $GNGSV,3,2,11,12,08,320,,14,39,166,,17,67,067,,19,68,323,*60
2026-05-31T13:28:45.4591288Z $GNGSV,3,3,11,22,58,174,,24,13,284,,44,23,237,*55
2026-05-31T13:28:45.4999527Z $IIHDG,317.5,,,14.0,W*05
2026-05-31T13:28:45.4999527Z !AIVDM,1,1,,,15NO=dPPP0JroS@H>Wq:H5UJ0000,0*17
2026-05-31T13:28:45.5461178Z $GPRMC,132843,A,4230.0918,N,07050.4983,W,0.1,208.0,310526,14.1,W,D*2C
2026-05-31T13:28:45.5940611Z $IIHDG,317.5,,,14.0,W*05
2026-05-31T13:28:45.5981944Z $GPVTG,208.0,T,222.1,M,0.1,N,0.2,K,A*29
2026-05-31T13:28:45.5981944Z $GPZDA,132843,31,05,2026,04,00*42
2026-05-31T13:28:45.5981944Z !AIVDM,1,1,,,15NKP50000rrsPhH@W64LAqJ0000,0*23
2026-05-31T13:28:45.6595378Z $IIHDG,317.5,,,14.0,W*05
2026-05-31T13:28:45.7219023Z $GPAAM,,,,N,*38
2026-05-31T13:28:45.7219023Z $GPAPB,,,,,,,,,,,,,,,N*26
2026-05-31T13:28:45.7714448Z $GPBOD,,T,,M,,*47
2026-05-31T13:28:45.7714448Z $IIHDG,317.5,,,14.0,W*05
2026-05-31T13:28:45.8659207Z $IIHDG,317.5,,,14.0,W*05
2026-05-31T13:28:45.9139109Z $GPRMB,,,,,,,,,,,,,,N*04
2026-05-31T13:28:45.9619670Z $GPXTE,,,,,N,N*5E
2026-05-31T13:28:46.0099468Z $IIHDG,317.5,,,14.0,W*05
2026-05-31T13:28:46.0099468Z $SDDBT,27.6,f,8.4,M,4.6,F*3B
2026-05-31T13:28:46.0607597Z $SDDPT,8.4,0.0,*77
2026-05-31T13:28:46.0607597Z $SDMTW,14.8,C*09
2026-05-31T13:28:46.1056689Z $IIHDG,317.5,,,14.0,W*05
2026-05-31T13:28:46.1056689Z $SDVLW,,N,39.8,N,3042.4,N,32.5,N*43
2026-05-31T13:28:46.1056689Z $SDVHW,303.5,T,317.5,M,0.0,N,0.0,K*47
2026-05-31T13:28:46.1537858Z $WIMWD,307.5,T,321.5,M,5.5,N,2.8,M*54
2026-05-31T13:28:46.2023109Z $IIHDG,317.5,,,14.0,W*05
2026-05-31T13:28:46.2023109Z !AIVDM,1,1,,,E>k`vt<r0h@@@@@@@@@@@@@@@@@=MwTH<E=u@00000000?,4*12
2026-05-31T13:28:46.2023109Z $WIMWV,4.0,R,5.6,N,A*24
2026-05-31T13:28:46.2023109Z $WIMWV,4.0,T,5.5,N,A*21
2026-05-31T13:28:46.2665657Z $IIHDG,317.5,,,14.0,W*05
2026-05-31T13:28:46.3165840Z !AIVDM,1,1,,,B52oU<@1<6fsEt65MA:J?wP00000,0*2C
2026-05-31T13:28:46.3165840Z $IIXDR,C,13.1,C,AIRTEMP,A,0.9,D,HEEL,A,0.3,D,TRIM,P,1.015,B,BARO,A,-0.4,D,RUDDER*3C
2026-05-31T13:28:46.3640069Z $GNGGA,132844,4230.0918,N,07050.4983,W,2,00,0.50,8,M,-32.6,M,,*4D
2026-05-31T13:28:46.4270791Z $IIHDG,317.5,,,14.0,W*05
2026-05-31T13:28:46.4270791Z $GPGLC,9960,,,13928.94,A,25847.49,A,44324.31,A,60280.08,A,,*7B
2026-05-31T13:28:46.4270791Z $GPGLL,4230.0918,N,07050.4983,W,132844,A,D*59
2026-05-31T13:28:46.4737619Z !AIVDM,1,1,,,B5OAl@000>g9Fr66:9cQ3wP00000,0*43
2026-05-31T13:28:46.4737619Z $GNGSA,A,3,,,,,,,,,,,,,0.70,0.50,0.50*1B
2026-05-31T13:28:46.4737619Z $GNGSV,3,1,11,01,11,054,,03,37,058,,06,62,249,,11,21,239,*69
2026-05-31T13:28:46.4737619Z $GNGSV,3,2,11,12,08,320,,14,39,166,,17,67,067,,19,68,323,*60
2026-05-31T13:28:46.4737619Z $GNGSV,3,3,11,22,58,174,,24,13,284,,44,23,237,*55
2026-05-31T13:28:46.5214252Z $IIHDG,317.4,,,14.0,W*04
2026-05-31T13:28:46.5693696Z $GPRMC,132844,A,4230.0918,N,07050.4983,W,0.1,208.0,310526,14.1,W,D*2B
2026-05-31T13:28:46.5693696Z $GPVTG,208.0,T,222.1,M,0.1,N,0.2,K,A*29
2026-05-31T13:28:46.6176630Z $GPZDA,132844,31,05,2026,04,00*45
2026-05-31T13:28:46.6176630Z $IIHDG,317.4,,,14.0,W*04
2026-05-31T13:28:46.6660117Z !AIVDM,1,1,,,15Ngd70OT3Js>p`H>1sdtJAL0000,0*75
2026-05-31T13:28:46.7175537Z $GPAAM,,,,N,*38
2026-05-31T13:28:46.7175537Z $IIHDG,317.4,,,14.0,W*04
2026-05-31T13:28:46.7175537Z $GPAPB,,,,,,,,,,,,,,,N*26
2026-05-31T13:28:46.7626131Z $GPBOD,,T,,M,,*47
2026-05-31T13:28:46.8256351Z $IIHDG,317.4,,,14.0,W*04
2026-05-31T13:28:46.8736353Z !AIVDM,1,1,,,15MeF10P00JrjtHH@0d9FgwL0000,0*4D
2026-05-31T13:28:46.9214473Z $IIHDG,317.4,,,14.0,W*04
2026-05-31T13:28:46.9214473Z $GPRMB,,,,,,,,,,,,,,N*04
2026-05-31T13:28:46.9214473Z !AIVDM,1,1,,,352l5Nh01WrsA9hH>kU1@15H0000,0*1E
2026-05-31T13:28:46.9688986Z $GPXTE,,,,,N,N*5E
2026-05-31T13:28:46.9688986Z !AIVDM,1,1,,,18IPTf0PQNrsA=@H>dv1iQ5B0000,0*1D
2026-05-31T13:28:47.0171760Z $IIHDG,317.4,,,14.0,W*04
2026-05-31T13:28:47.0171760Z $SDDBT,27.6,f,8.4,M,4.6,F*3B
2026-05-31T13:28:47.0653540Z $SDDPT,8.4,0.0,*77
2026-05-31T13:28:47.0653540Z $SDMTW,14.8,C*09
2026-05-31T13:28:47.1137762Z $SDVLW,,N,39.8,N,3042.4,N,32.5,N*43
2026-05-31T13:28:47.1137762Z $SDVHW,303.3,T,317.3,M,0.0,N,0.0,K*47
2026-05-31T13:28:47.1137762Z $IIHDG,317.3,,,14.0,W*03
2026-05-31T13:28:47.1639458Z $WIMWD,306.6,T,320.7,M,5.6,N,2.9,M*57
2026-05-31T13:28:47.2098508Z $WIMWV,3.2,R,5.5,N,A*22
2026-05-31T13:28:47.2098508Z $WIMWV,3.2,T,5.6,N,A*27
2026-05-31T13:28:47.2098508Z $IIHDG,317.3,,,14.0,W*03
2026-05-31T13:28:47.2098508Z !AIVDM,1,1,,,15NO=iPPP4JrothH>Wn=`79L0000,0*49
2026-05-31T13:28:47.2898408Z $IIHDG,317.3,,,14.0,W*03
2026-05-31T13:28:47.3378933Z $IIXDR,C,13.2,C,AIRTEMP,A,1.3,D,HEEL,A,0.3,D,TRIM,P,1.015,B,BARO,A,-0.2,D,RUDDER*32
2026-05-31T13:28:47.3874997Z $GNGGA,132845,4230.0918,N,07050.4983,W,2,00,0.50,8,M,-32.6,M,,*4C
2026-05-31T13:28:47.4355399Z $IIHDG,317.3,,,14.0,W*03
2026-05-31T13:28:47.4355399Z $GPGLC,9960,,,13928.94,A,25847.49,A,44324.31,A,60280.08,A,,*7B
2026-05-31T13:28:47.4355399Z $GPGLL,4230.0918,N,07050.4983,W,132845,A,D*58
2026-05-31T13:28:47.4811481Z $GNGSA,A,3,,,,,,,,,,,,,0.70,0.50,0.50*1B
2026-05-31T13:28:47.4811481Z $GNGSV,3,1,11,01,11,054,,03,37,058,,06,62,249,,11,21,239,*69
2026-05-31T13:28:47.4811481Z $GNGSV,3,2,11,12,08,320,,14,39,166,,17,67,067,,19,68,323,*60
2026-05-31T13:28:47.4811481Z $GNGSV,3,3,11,22,58,174,,24,13,284,,44,23,237,*55
2026-05-31T13:28:47.5298974Z $IIHDG,317.3,,,14.0,W*03
2026-05-31T13:28:47.5771603Z $GPRMC,132845,A,4230.0918,N,07050.4983,W,0.1,208.0,310526,14.1,W,D*2A
2026-05-31T13:28:47.5771603Z $GPVTG,208.0,T,222.1,M,0.1,N,0.1,K,A*2A
2026-05-31T13:28:47.5771603Z $GPZDA,132845,31,05,2026,04,00*44
2026-05-31T13:28:47.6259092Z $IIHDG,317.2,,,14.0,W*02
2026-05-31T13:28:47.6732972Z $GPAAM,,,,N,*38
2026-05-31T13:28:47.7241822Z $IIHDG,317.2,,,14.0,W*02
2026-05-31T13:28:47.7241822Z $GPAPB,,,,,,,,,,,,,,,N*26
2026-05-31T13:28:47.7687919Z $GPBOD,,T,,M,,*47
2026-05-31T13:28:47.8173811Z $IIHDG,317.2,,,14.0,W*02
2026-05-31T13:28:47.8820806Z $IIHDG,317.1,,,14.0,W*01
2026-05-31T13:28:47.9458503Z $GPRMB,,,,,,,,,,,,,,N*04
2026-05-31T13:28:47.9458503Z $GPXTE,,,,,N,N*5E
2026-05-31T13:28:47.9458503Z !AIVDM,1,1,,,152Wpn<01GrsKq8H?m?RsRAF2000,0*32
2026-05-31T13:28:47.9944231Z $IIHDG,317.1,,,14.0,W*01
2026-05-31T13:28:48.0432000Z $SDDBT,27.6,f,8.4,M,4.6,F*3B
2026-05-31T13:28:48.0432000Z $SDDPT,8.4,0.0,*77
2026-05-31T13:28:48.0912545Z $SDMTW,14.8,C*09
2026-05-31T13:28:48.0912545Z $SDVLW,,N,39.8,N,3042.4,N,32.5,N*43
2026-05-31T13:28:48.0912545Z $SDVHW,303.0,T,317.0,M,0.0,N,0.0,K*47
2026-05-31T13:28:48.0912545Z $IIHDG,317.0,,,14.0,W*00
2026-05-31T13:28:48.1550886Z $WIMWD,305.9,T,320.0,M,6.2,N,3.2,M*51
2026-05-31T13:28:48.2189563Z $WIMWV,2.9,R,5.7,N,A*2A
2026-05-31T13:28:48.2189563Z $WIMWV,3.0,T,6.2,N,A*22
2026-05-31T13:28:48.2189563Z $IIHDG,317.0,,,14.0,W*00
2026-05-31T13:28:48.2824552Z $IIHDG,316.9,,,14.0,W*08
2026-05-31T13:28:48.3470163Z $IIXDR,C,13.2,C,AIRTEMP,A,4.3,D,HEEL,A,0.5,D,TRIM,P,1.015,B,BARO,A,-0.4,D,RUDDER*37
2026-05-31T13:28:48.4125631Z $GNGGA,132846,4230.0918,N,07050.4982,W,2,00,0.50,8,M,-32.6,M,,*4E
2026-05-31T13:28:48.4125631Z $IIHDG,316.8,,,14.0,W*09
2026-05-31T13:28:48.4125631Z $GPGLC,9960,,,13928.94,A,25847.49,A,44324.31,A,60280.08,A,,*7B
2026-05-31T13:28:48.4616871Z $GPGLL,4230.0918,N,07050.4982,W,132846,A,D*5A
2026-05-31T13:28:48.4616871Z $GNGSA,A,3,,,,,,,,,,,,,0.70,0.50,0.50*1B
2026-05-31T13:28:48.4616871Z $GNGSV,3,1,11,01,11,054,,03,37,058,,06,62,249,,11,21,239,*69
2026-05-31T13:28:48.4636987Z $GNGSV,3,2,11,12,08,320,,14,39,166,,17,67,067,,19,68,323,*60
2026-05-31T13:28:48.4636987Z $GNGSV,3,3,11,22,58,174,,24,13,284,,44,23,237,*55
2026-05-31T13:28:48.5072274Z $IIHDG,316.8,,,14.0,W*09
2026-05-31T13:28:48.5565240Z !AIVDM,1,1,,,35NwCQPPP2rs>PhHBg5dEauL0000,0*0E
2026-05-31T13:28:48.5565240Z $GPRMC,132846,A,4230.0918,N,07050.4982,W,0.1,208.0,310526,14.1,W,D*28
2026-05-31T13:28:48.6192798Z $GPVTG,208.0,T,222.1,M,0.1,N,0.1,K,A*2A
2026-05-31T13:28:48.6192798Z $GPZDA,132846,31,05,2026,04,00*47
2026-05-31T13:28:48.6192798Z $IIHDG,316.7,,,14.0,W*06
2026-05-31T13:28:48.6831396Z $GPAAM,,,,N,*38
2026-05-31T13:28:48.7315963Z $IIHDG,316.7,,,14.0,W*06
2026-05-31T13:28:48.7315963Z $GPAPB,,,,,,,,,,,,,,,N*26
2026-05-31T13:28:48.7797687Z $GPBOD,,T,,M,,*47
2026-05-31T13:28:48.7797687Z !AIVDM,1,1,,,15Ngd70OT2Js>n0H>2Ke0rAP0000,0*60
2026-05-31T13:28:48.8278038Z $IIHDG,316.6,,,14.0,W*07
2026-05-31T13:28:48.8918508Z $IIHDG,316.6,,,14.0,W*07
2026-05-31T13:28:48.9392659Z $GPRMB,,,,,,,,,,,,,,N*04
2026-05-31T13:28:48.9392659Z $GPXTE,,,,,N,N*5E
2026-05-31T13:28:48.9879274Z $IIHDG,316.6,,,14.0,W*07
2026-05-31T13:28:49.0424033Z $SDDBT,27.6,f,8.4,M,4.6,F*3B
2026-05-31T13:28:49.0424033Z $SDDPT,8.4,0.0,*77
2026-05-31T13:28:49.0864959Z $SDMTW,14.8,C*09
2026-05-31T13:28:49.1321326Z $SDVLW,,N,39.8,N,3042.4,N,32.5,N*43
2026-05-31T13:28:49.1321326Z $SDVHW,302.5,T,316.6,M,0.0,N,0.0,K*44
2026-05-31T13:28:49.1321326Z $IIHDG,316.6,,,14.0,W*07
2026-05-31T13:28:49.1956323Z $WIMWD,306.6,T,320.7,M,6.5,N,3.3,M*5C
2026-05-31T13:28:49.1956323Z $WIMWV,4.2,R,6.0,N,A*23
2026-05-31T13:28:49.1956323Z $WIMWV,3.8,T,6.5,N,A*2D
2026-05-31T13:28:49.1956323Z $IIHDG,316.5,,,14.0,W*04
2026-05-31T13:28:49.2435993Z !AIVDM,1,1,,,ENk`sl>`@@@@@@@@@@@@@@@@@@@=OTgH<LwsP00000000?,4*70
2026-05-31T13:28:49.2914074Z $IIHDG,316.5,,,14.0,W*04
2026-05-31T13:28:49.3398967Z $IIXDR,C,13.1,C,AIRTEMP,A,4.3,D,HEEL,A,-0.1,D,TRIM,P,1.015,B,BARO,A,-0.4,D,RUDDER*1D
2026-05-31T13:28:49.3873514Z $GNGGA,132847,4230.0918,N,07050.4982,W,2,00,0.50,8,M,-32.6,M,,*4F
2026-05-31T13:28:49.4357036Z $IIHDG,316.6,,,14.0,W*07
2026-05-31T13:28:49.4357036Z $GPGLC,9960,,,13928.94,A,25847.49,A,44324.31,A,60280.08,A,,*7B
2026-05-31T13:28:49.4357036Z $GPGLL,4230.0918,N,07050.4982,W,132847,A,D*5B
2026-05-31T13:28:49.4837789Z $GNGSA,A,3,,,,,,,,,,,,,0.70,0.50,0.50*1B
2026-05-31T13:28:49.4837789Z $GNGSV,3,1,11,01,11,054,,03,37,058,,06,62,249,,11,21,239,*69
2026-05-31T13:28:49.4837789Z $GNGSV,3,2,11,12,08,320,,14,39,166,,17,67,067,,19,68,323,*60
2026-05-31T13:28:49.4837789Z $GNGSV,3,3,11,22,58,174,,24,13,284,,44,23,237,*55
2026-05-31T13:28:49.4837789Z !AIVDM,1,1,,,15N:gRP000rrhaHH?CIbtGkR0000,0*16
2026-05-31T13:28:49.5313769Z $IIHDG,316.6,,,14.0,W*07
2026-05-31T13:28:49.5805189Z $GPRMC,132847,A,4230.0918,N,07050.4982,W,0.1,208.0,310526,14.1,W,D*29
2026-05-31T13:28:49.5805189Z $GPVTG,208.0,T,222.1,M,0.1,N,0.1,K,A*2A
2026-05-31T13:28:49.5805189Z $GPZDA,132847,31,05,2026,04,00*46
2026-05-31T13:28:49.6265711Z $IIHDG,316.6,,,14.0,W*07
2026-05-31T13:28:49.6748324Z $GPAAM,,,,N,*38
2026-05-31T13:28:49.7225913Z $IIHDG,316.6,,,14.0,W*07
2026-05-31T13:28:49.7225913Z $GPAPB,,,,,,,,,,,,,,,N*26
2026-05-31T13:28:49.7729667Z $GPBOD,,T,,M,,*47
2026-05-31T13:28:49.8207756Z $IIHDG,316.6,,,14.0,W*07
2026-05-31T13:28:49.8828777Z $IIHDG,316.6,,,14.0,W*07
2026-05-31T13:28:49.9472240Z $GPRMB,,,,,,,,,,,,,,N*04
2026-05-31T13:28:49.9472240Z $GPXTE,,,,,N,N*5E
2026-05-31T13:28:49.9947196Z $IIHDG,316.6,,,14.0,W*07
2026-05-31T13:28:50.0470846Z $SDDBT,27.6,f,8.4,M,4.6,F*3B
2026-05-31T13:28:50.0470846Z !AIVDM,1,1,,,B52fqn000>fn0865QuKQ3wP00000,0*4C
2026-05-31T13:28:50.0486816Z $SDDPT,8.4,0.0,*77
2026-05-31T13:28:50.0905860Z $SDMTW,14.8,C*09
2026-05-31T13:28:50.0905860Z !AIVDM,1,1,,,15NK=p0OStrskw8H=HjT8k;P0000,0*6D
2026-05-31T13:28:50.0905860Z $SDVLW,,N,39.8,N,3042.4,N,32.5,N*43
2026-05-31T13:28:50.0905860Z $SDVHW,302.5,T,316.6,M,0.0,N,0.0,K*44
2026-05-31T13:28:50.1413869Z $IIHDG,316.6,,,14.0,W*07
2026-05-31T13:28:50.1857078Z $WIMWD,306.7,T,320.7,M,7.5,N,3.8,M*57
2026-05-31T13:28:50.1857078Z !AIVDM,1,1,,,ENk`sl>`@@@@@@@@@@@@@@@@@@@=OTgH<LwsP00000000?,4*70
2026-05-31T13:28:50.1857078Z $WIMWV,3.9,R,6.5,N,A*2A
2026-05-31T13:28:50.1857078Z $WIMWV,4.1,T,7.5,N,A*22
2026-05-31T13:28:50.2337334Z $IIHDG,316.5,,,14.0,W*04
2026-05-31T13:28:50.2824383Z $IIHDG,316.5,,,14.0,W*04
2026-05-31T13:28:50.3462574Z $IIXDR,C,13.1,C,AIRTEMP,A,1.3,D,HEEL,A,0.4,D,TRIM,P,1.015,B,BARO,A,-0.4,D,RUDDER*30
2026-05-31T13:28:50.3947398Z $GNGGA,132848,4230.0917,N,07050.4981,W,2,00,0.50,8,M,-32.6,M,,*4C
2026-05-31T13:28:50.3947398Z $IIHDG,316.5,,,14.0,W*04
2026-05-31T13:28:50.4418535Z $GPGLC,9960,,,13928.94,A,25847.49,A,44324.31,A,60280.08,A,,*7B
2026-05-31T13:28:50.4418535Z $GPGLL,4230.0917,N,07050.4981,W,132848,A,D*58
2026-05-31T13:28:50.4898935Z $GNGSA,A,3,,,,,,,,,,,,,0.70,0.50,0.50*1B
2026-05-31T13:28:50.4898935Z $GNGSV,3,1,11,01,11,054,,03,37,058,,06,62,249,,11,21,239,*69
2026-05-31T13:28:50.4898935Z $GNGSV,3,2,11,12,08,320,,14,39,166,,17,67,067,,19,68,323,*60
2026-05-31T13:28:50.4898935Z $GNGSV,3,3,11,22,58,174,,24,13,284,,44,23,237,*55
2026-05-31T13:28:50.5382965Z $IIHDG,316.4,,,14.0,W*05
2026-05-31T13:28:50.5866900Z $GPRMC,132848,A,4230.0917,N,07050.4982,W,0.1,208.0,310526,14.1,W,D*29
2026-05-31T13:28:50.5866900Z !AIVDM,1,1,,,15Ngd70043Js>kHH>2t=2bCT0000,0*70
2026-05-31T13:28:50.5866900Z $GPVTG,208.0,T,222.1,M,0.1,N,0.1,K,A*2A
2026-05-31T13:28:50.5866900Z $GPZDA,132848,31,05,2026,04,00*49
2026-05-31T13:28:50.6352981Z $IIHDG,316.4,,,14.0,W*05
2026-05-31T13:28:50.6829064Z $GPAAM,,,,N,*38
2026-05-31T13:28:50.7308221Z $IIHDG,316.3,,,14.0,W*02
2026-05-31T13:28:50.7308221Z $GPAPB,,,,,,,,,,,,,,,N*26
2026-05-31T13:28:50.7789318Z $GPBOD,,T,,M,,*47
2026-05-31T13:28:50.8433396Z $IIHDG,316.2,,,14.0,W*03
2026-05-31T13:28:50.8433396Z !AIVDM,1,1,,,352l5NhPQWrsA<HH>ku1BA3P0000,0*77
2026-05-31T13:28:50.8913764Z $IIHDG,316.2,,,14.0,W*03
2026-05-31T13:28:50.9393786Z $GPRMB,,,,,,,,,,,,,,N*04
2026-05-31T13:28:50.9393786Z $GPXTE,,,,,N,N*5E
2026-05-31T13:28:50.9872561Z $IIHDG,316.1,,,14.0,W*00
2026-05-31T13:28:51.0518121Z $SDDBT,27.6,f,8.4,M,4.6,F*3B
2026-05-31T13:28:51.0518121Z !AIVDM,1,1,,,B52oU<@1>FfsAp65M5rHGwP00000,0*18
2026-05-31T13:28:51.0518121Z $SDDPT,8.4,0.0,*77
2026-05-31T13:28:51.0996465Z $SDMTW,14.8,C*09
2026-05-31T13:28:51.0996465Z $SDVLW,,N,39.8,N,3042.4,N,32.5,N*43
2026-05-31T13:28:51.0996465Z $IIHDG,316.1,,,14.0,W*00
2026-05-31T13:28:51.0996465Z $SDVHW,302.0,T,316.1,M,0.0,N,0.0,K*46
2026-05-31T13:28:51.1473425Z $WIMWD,304.5,T,318.6,M,7.4,N,3.8,M*5C
2026-05-31T13:28:51.2117992Z $WIMWV,2.2,R,6.9,N,A*2C
2026-05-31T13:28:51.2117992Z $WIMWV,2.4,T,7.4,N,A*20
2026-05-31T13:28:51.2117992Z $IIHDG,316.0,,,14.0,W*01
2026-05-31T13:28:51.2629303Z !AIVDM,1,1,,,18I<UK000;rt@7`HC421eQg:0000,0*4A
2026-05-31T13:28:51.3189957Z $IIHDG,316.0,,,14.0,W*01
2026-05-31T13:28:51.3189957Z $IIXDR,C,13.1,C,AIRTEMP,A,0.5,D,HEEL,A,0.3,D,TRIM,P,1.015,B,BARO,A,-0.1,D,RUDDER*35
2026-05-31T13:28:51.3727318Z $GNGGA,132849,4230.0918,N,07050.4981,W,2,00,0.50,8,M,-32.6,M,,*42
2026-05-31T13:28:51.4293136Z $IIHDG,315.9,,,14.0,W*0B
2026-05-31T13:28:51.4293136Z $GPGLC,9960,,,13928.94,A,25847.49,A,44324.31,A,60280.08,A,,*7B
2026-05-31T13:28:51.4293136Z $GPGLL,4230.0918,N,07050.4981,W,132849,A,D*56
2026-05-31T13:28:51.4765453Z $GNGSA,A,3,,,,,,,,,,,,,0.70,0.50,0.50*1B
2026-05-31T13:28:51.4765453Z $GNGSV,3,1,11,01,11,054,,03,37,058,,06,62,249,,11,21,239,*69
2026-05-31T13:28:51.4765453Z $GNGSV,3,2,11,12,08,320,,14,39,166,,17,67,067,,19,68,323,*60
2026-05-31T13:28:51.4765453Z $GNGSV,3,3,11,22,58,174,,24,13,284,,44,23,237,*55
2026-05-31T13:28:51.5241059Z $IIHDG,315.9,,,14.0,W*0B
2026-05-31T13:28:51.5721528Z $GPRMC,132849,A,4230.0918,N,07050.4981,W,0.1,208.0,310526,14.1,W,D*24
2026-05-31T13:28:51.5721528Z $GPVTG,208.0,T,222.1,M,0.1,N,0.2,K,A*29
2026-05-31T13:28:51.6199183Z $GPZDA,132849,31,05,2026,04,00*48
2026-05-31T13:28:51.6199183Z !AIVDM,1,1,,,1;KMsk@P00Jrh48H?W>6pFWT0000,0*22
2026-05-31T13:28:51.6199183Z $IIHDG,315.9,,,14.0,W*0B
2026-05-31T13:28:51.6734672Z $GPAAM,,,,N,*38
2026-05-31T13:28:51.7156970Z $IIHDG,315.9,,,14.0,W*0B
2026-05-31T13:28:51.7156970Z $GPAPB,,,,,,,,,,,,,,,N*26
2026-05-31T13:28:51.7636620Z $GPBOD,,T,,M,,*47
2026-05-31T13:28:51.8436152Z $IIHDG,315.9,,,14.0,W*0B
2026-05-31T13:28:51.8916665Z !AIVDM,1,1,,,15NK=p0OSvrsl4hH=H`T83;T0000,0*2D
2026-05-31T13:28:51.9397806Z $GPRMB,,,,,,,,,,,,,,N*04
2026-05-31T13:28:51.9397806Z $IIHDG,315.9,,,14.0,W*0B
2026-05-31T13:28:51.9397806Z $GPXTE,,,,,N,N*5E
2026-05-31T13:28:52.0039925Z $SDDBT,27.6,f,8.4,M,4.6,F*3B
2026-05-31T13:28:52.0526382Z $IIHDG,315.9,,,14.0,W*0B
2026-05-31T13:28:52.0526382Z !AIVDM,1,1,,,15NO=g;P00Jrjq`H@0vdbOwT2000,0*36
2026-05-31T13:28:52.0526382Z $SDDPT,8.4,0.0,*77
2026-05-31T13:28:52.0998423Z $SDMTW,14.8,C*09
2026-05-31T13:28:52.0998423Z $SDVLW,,N,39.8,N,3042.4,N,32.5,N*43
2026-05-31T13:28:52.0998423Z $SDVHW,301.8,T,315.9,M,0.0,N,0.0,K*46
2026-05-31T13:28:52.1494376Z $IIHDG,315.8,,,14.0,W*0A
2026-05-31T13:28:52.1952695Z $WIMWD,302.9,T,317.0,M,7.6,N,3.9,M*5C
2026-05-31T13:28:52.1952695Z $WIMWV,1.2,R,7.2,N,A*25
2026-05-31T13:28:52.1952695Z $WIMWV,1.1,T,7.6,N,A*24
2026-05-31T13:28:52.2455928Z !AIVDM,1,1,,,15MnF7<00DJrrI0H>hPd>aUV0000,0*0C
2026-05-31T13:28:52.2455928Z $IIHDG,315.8,,,14.0,W*0A
2026-05-31T13:28:52.2904653Z !AIVDM,1,1,,,15NO=nPP00Jrnv@H>Wk6J?wT0000,0*7B
2026-05-31T13:28:52.3383254Z $IIXDR,C,13.1,C,AIRTEMP,A,2.8,D,HEEL,A,-0.1,D,TRIM,P,1.015,B,BARO,A,-0.1,D,RUDDER*15
2026-05-31T13:28:52.3383254Z $IIHDG,315.8,,,14.0,W*0A
2026-05-31T13:28:52.3867496Z $GNGGA,132850,4230.0919,N,07050.4981,W,2,00,0.50,8,M,-32.6,M,,*4B
2026-05-31T13:28:52.3867496Z !AIVDM,1,1,,,15NQUM4P00rrksHH>tpf4?wV2000,0*6C
2026-05-31T13:28:52.4335053Z $GPGLC,9960,,,13928.94,A,25847.49,A,44324.31,A,60280.08,A,,*7B
2026-05-31T13:28:52.4335053Z $GPGLL,4230.0919,N,07050.4981,W,132850,A,D*5F
2026-05-31T13:28:52.4335053Z $IIHDG,315.7,,,14.0,W*05
2026-05-31T13:28:52.4818353Z $GNGSA,A,3,,,,,,,,,,,,,0.70,0.50,0.60*18
2026-05-31T13:28:52.4818353Z $GNGSV,3,1,11,01,11,054,,03,37,058,,06,62,249,,11,22,239,*6A
2026-05-31T13:28:52.4818353Z $GNGSV,3,2,11,12,08,320,,14,39,166,,17,67,067,,19,68,324,*67
2026-05-31T13:28:52.4818353Z $GNGSV,3,3,11,22,58,174,,24,13,284,,44,23,237,*55
2026-05-31T13:28:52.4818353Z !AIVDM,1,1,,,15Ngd70043Js>hhH>3Le3:C`0000,0*5F
2026-05-31T13:28:52.5293192Z $IIHDG,315.7,,,14.0,W*05
2026-05-31T13:28:52.5791244Z $GPRMC,132850,A,4230.0919,N,07050.4981,W,0.1,208.0,310526,14.1,W,D*2D
2026-05-31T13:28:52.5791244Z $GPVTG,208.0,T,222.1,M,0.1,N,0.2,K,A*29
2026-05-31T13:28:52.6247367Z $GPZDA,132850,31,05,2026,04,00*40
2026-05-31T13:28:52.6732531Z $IIHDG,315.6,,,14.0,W*04
2026-05-31T13:28:52.6732531Z $GPAAM,,,,N,*38
2026-05-31T13:28:52.7252951Z $GPAPB,,,,,,,,,,,,,,,N*26
2026-05-31T13:28:52.7724947Z $IIHDG,315.5,,,14.0,W*07
2026-05-31T13:28:52.7724947Z $GPBOD,,T,,M,,*47
2026-05-31T13:28:52.8175131Z $IIHDG,315.5,,,14.0,W*07
2026-05-31T13:28:52.8979660Z $GPRMB,,,,,,,,,,,,,,N*04
2026-05-31T13:28:52.9698523Z $IIHDG,315.4,,,14.0,W*06
2026-05-31T13:28:52.9698523Z $GPXTE,,,,,N,N*5E
2026-05-31T13:28:53.0248887Z $SDDBT,27.6,f,8.4,M,4.6,F*3B
2026-05-31T13:28:53.0727844Z $IIHDG,315.4,,,14.0,W*06
2026-05-31T13:28:53.0727844Z $SDDPT,8.4,0.0,*77
2026-05-31T13:28:53.0727844Z $SDMTW,14.8,C*09
2026-05-31T13:28:53.1207653Z $SDVLW,,N,39.8,N,3042.4,N,32.5,N*43
2026-05-31T13:28:53.1207653Z $SDVHW,301.2,T,315.3,M,0.0,N,0.0,K*46
2026-05-31T13:28:53.1207653Z !AIVDM,1,1,,,35NO=iPPP4JrothH>Wq=h75`0000,0*7C
2026-05-31T13:28:53.1688581Z $IIHDG,315.2,,,14.0,W*00
2026-05-31T13:28:53.1688581Z $WIMWD,303.5,T,317.6,M,7.3,N,3.8,M*53
2026-05-31T13:28:53.2168601Z $WIMWV,2.1,R,7.3,N,A*24
2026-05-31T13:28:53.2168601Z $WIMWV,2.2,T,7.3,N,A*21
2026-05-31T13:28:53.2697178Z $IIHDG,315.2,,,14.0,W*00
2026-05-31T13:28:53.3130265Z !AIVDM,1,1,,,E>k`vt<r0h@@@@@@@@@@@@@@@@@=MwTH<E=u@00000000?,4*12
2026-05-31T13:28:53.3609324Z $IIXDR,C,13.2,C,AIRTEMP,A,4.4,D,HEEL,A,0.4,D,TRIM,P,1.015,B,BARO,A,-0.5,D,RUDDER*30
2026-05-31T13:28:53.3609324Z $IIHDG,315.1,,,14.0,W*03
2026-05-31T13:28:53.4093924Z $GNGGA,132851,4230.0918,N,07050.4980,W,2,00,0.50,8,M,-32.6,M,,*4A
2026-05-31T13:28:53.4093924Z $GPGLC,9960,,,13928.94,A,25847.49,A,44324.31,A,60280.08,A,,*7B
2026-05-31T13:28:53.4575593Z $GPGLL,4230.0918,N,07050.4980,W,132851,A,D*5E
2026-05-31T13:28:53.4575593Z $IIHDG,315.0,,,14.0,W*02
2026-05-31T13:28:53.4575593Z $GNGSA,A,3,,,,,,,,,,,,,0.70,0.50,0.60*18
2026-05-31T13:28:53.4626706Z $GNGSV,3,1,11,01,11,054,,03,37,058,,06,62,249,,11,22,239,*6A
2026-05-31T13:28:53.4626706Z $GNGSV,3,2,11,12,08,320,,14,39,166,,17,67,067,,19,68,324,*67
2026-05-31T13:28:53.4626706Z $GNGSV,3,3,11,22,58,174,,24,13,284,,44,23,237,*55
2026-05-31T13:28:53.5347014Z $IIHDG,315.0,,,14.0,W*02
2026-05-31T13:28:53.5854129Z $GPRMC,132851,A,4230.0918,N,07050.4980,W,0.1,208.0,310526,14.1,W,D*2C
2026-05-31T13:28:53.5854129Z $GPVTG,208.0,T,222.1,M,0.1,N,0.2,K,A*29
2026-05-31T13:28:53.5854129Z $GPZDA,132851,31,05,2026,04,00*41
2026-05-31T13:28:53.6386452Z $IIHDG,315.0,,,14.0,W*02
2026-05-31T13:28:53.6845627Z $GPAAM,,,,N,*38
2026-05-31T13:28:53.7303123Z $GPAPB,,,,,,,,,,,,,,,N*26
2026-05-31T13:28:53.7773978Z $IIHDG,314.9,,,14.0,W*0A
2026-05-31T13:28:53.7773978Z $GPBOD,,T,,M,,*47
2026-05-31T13:28:53.8242136Z !AIVDM,1,1,,,15NK=p0OStrsl:PH=HO49S;`0000,0*03
2026-05-31T13:28:53.8743485Z $IIHDG,314.9,,,14.0,W*0A
2026-05-31T13:28:53.9199637Z $GPRMB,,,,,,,,,,,,,,N*04
2026-05-31T13:28:53.9199637Z !AIVDM,1,1,,,352l5NhPQVrsA>HH>l?1B@wV0000,0*7A
2026-05-31T13:28:53.9678611Z $GPXTE,,,,,N,N*5E
2026-05-31T13:28:53.9678611Z $IIHDG,314.9,,,14.0,W*0A
2026-05-31T13:28:54.0162100Z $SDDBT,27.6,f,8.4,M,4.6,F*3B
2026-05-31T13:28:54.0661688Z $IIHDG,314.9,,,14.0,W*0A
2026-05-31T13:28:54.0661688Z $SDDPT,8.4,0.0,*77
2026-05-31T13:28:54.0681932Z $SDMTW,14.8,C*09
2026-05-31T13:28:54.1116566Z $SDVLW,,N,39.8,N,3042.4,N,32.5,N*43
2026-05-31T13:28:54.1116566Z $SDVHW,300.8,T,314.9,M,0.0,N,0.0,K*46
2026-05-31T13:28:54.1601906Z $IIHDG,314.9,,,14.0,W*0A
2026-05-31T13:28:54.1601906Z $WIMWD,303.7,T,317.8,M,6.6,N,3.4,M*57
2026-05-31T13:28:54.2082230Z $WIMWV,2.9,R,7.0,N,A*2F
2026-05-31T13:28:54.2082230Z $WIMWV,2.9,T,6.6,N,A*2E
2026-05-31T13:28:54.2082230Z !AIVDM,1,1,,,15O=hk551@JsGv8H>n?Q@Q;H0000,0*47
2026-05-31T13:28:54.2563905Z $IIHDG,314.9,,,14.0,W*0A
2026-05-31T13:28:54.3203430Z $IIXDR,C,13.2,C,AIRTEMP,A,3.1,D,HEEL,A,-0.1,D,TRIM,P,1.015,B,BARO,A,-0.4,D,RUDDER*1B
2026-05-31T13:28:54.3706666Z $IIHDG,314.9,,,14.0,W*0A
2026-05-31T13:28:54.4168492Z $GNGGA,132852,4230.0918,N,07050.4981,W,2,00,0.50,8,M,-32.6,M,,*48
2026-05-31T13:28:54.4168492Z $GPGLC,9960,,,13928.94,A,25847.49,A,44324.31,A,60280.08,A,,*7B
2026-05-31T13:28:54.4642285Z $GPGLL,4230.0918,N,07050.4981,W,132852,A,D*5C
2026-05-31T13:28:54.4642285Z $IIHDG,314.9,,,14.0,W*0A
2026-05-31T13:28:54.4642285Z $GNGSA,A,3,,,,,,,,,,,,,0.70,0.50,0.50*1B
2026-05-31T13:28:54.4642285Z $GNGSV,3,1,11,01,11,054,,03,37,058,,06,62,249,,11,22,239,*6A
2026-05-31T13:28:54.4642285Z $GNGSV,3,2,11,12,08,320,,14,39,166,,17,67,067,,19,68,324,*67
2026-05-31T13:28:54.4642285Z $GNGSV,3,3,11,22,58,174,,24,13,284,,44,23,237,*55
2026-05-31T13:28:54.5297138Z $IIHDG,314.9,,,14.0,W*0A
2026-05-31T13:28:54.5958852Z $GPRMC,132852,A,4230.0918,N,07050.4981,W,0.1,208.0,310526,14.1,W,D*2E
2026-05-31T13:28:54.5958852Z $GPVTG,208.0,T,222.1,M,0.1,N,0.2,K,A*29
2026-05-31T13:28:54.5958852Z $GPZDA,132852,31,05,2026,04,00*42
2026-05-31T13:28:54.6397498Z !AIVDM,1,1,,,15Ngd70043Js>f8H>3t=2rCd0000,0*2C
2026-05-31T13:28:54.6397498Z $IIHDG,314.9,,,14.0,W*0A
2026-05-31T13:28:54.6870955Z $GPAAM,,,,N,*38
2026-05-31T13:28:54.7369537Z $GPAPB,,,,,,,,,,,,,,,N*26
2026-05-31T13:28:54.7871807Z $IIHDG,314.9,,,14.0,W*0A
2026-05-31T13:28:54.7871807Z $GPBOD,,T,,M,,*47
2026-05-31T13:28:54.8467773Z $IIHDG,314.9,,,14.0,W*0A
2026-05-31T13:28:54.8935473Z $GPRMB,,,,,,,,,,,,,,N*04
2026-05-31T13:28:54.9558157Z $GPXTE,,,,,N,N*5E
2026-05-31T13:28:54.9558157Z $IIHDG,314.9,,,14.0,W*0A
2026-05-31T13:28:55.0128447Z $SDDBT,27.6,f,8.4,M,4.6,F*3B
2026-05-31T13:28:55.0695775Z $IIHDG,314.9,,,14.0,W*0A
2026-05-31T13:28:55.0695775Z $SDDPT,8.4,0.0,*77
2026-05-31T13:28:55.0695775Z $SDMTW,14.8,C*09
2026-05-31T13:28:55.1153074Z $SDVLW,,N,39.8,N,3042.4,N,32.5,N*43
2026-05-31T13:28:55.1153074Z $SDVHW,300.8,T,314.9,M,0.0,N,0.0,K*46
2026-05-31T13:28:55.1633883Z $IIHDG,314.8,,,14.0,W*0B
2026-05-31T13:28:55.1633883Z $WIMWD,303.4,T,317.4,M,6.9,N,3.5,M*56
2026-05-31T13:28:55.2115058Z $WIMWV,2.4,R,6.9,N,A*2A
2026-05-31T13:28:55.2115058Z $WIMWV,2.5,T,6.9,N,A*2D
2026-05-31T13:28:55.2614607Z $IIHDG,314.8,,,14.0,W*0B
2026-05-31T13:28:55.3129381Z $IIXDR,C,13.2,C,AIRTEMP,A,0.3,D,HEEL,A,0.3,D,TRIM,P,1.015,B,BARO,A,-0.2,D,RUDDER*33
2026-05-31T13:28:55.3712754Z $IIHDG,314.8,,,14.0,W*0B
2026-05-31T13:28:55.4187770Z $GNGGA,132853,4230.0918,N,07050.4981,W,2,00,0.50,8,M,-32.6,M,,*49
2026-05-31T13:28:55.4187770Z $GPGLC,9960,,,13928.94,A,25847.49,A,44324.31,A,60280.08,A,,*7B
2026-05-31T13:28:55.4662555Z $GPGLL,4230.0918,N,07050.4981,W,132853,A,D*5D
2026-05-31T13:28:55.4662555Z $IIHDG,314.8,,,14.0,W*0B
2026-05-31T13:28:55.4662555Z $GNGSA,A,3,,,,,,,,,,,,,0.70,0.50,0.60*18
2026-05-31T13:28:55.4662555Z $GNGSV,3,1,11,01,11,054,,03,37,058,,06,62,249,,11,22,239,*6A
2026-05-31T13:28:55.4662555Z $GNGSV,3,2,11,12,08,320,,14,39,166,,17,67,067,,19,68,324,*67
2026-05-31T13:28:55.4662555Z $GNGSV,3,3,11,22,58,174,,24,13,284,,44,23,237,*55
2026-05-31T13:28:55.4662555Z !AIVDM,1,1,,,15NwCQP000rs>PPHBg6;0qub0000,0*21
2026-05-31T13:28:55.5321062Z $IIHDG,314.8,,,14.0,W*0B
2026-05-31T13:28:55.6021279Z $GPRMC,132853,A,4230.0918,N,07050.4981,W,0.1,208.0,310526,14.1,W,D*2F
2026-05-31T13:28:55.6021279Z $GPVTG,208.0,T,222.1,M,0.1,N,0.2,K,A*29
2026-05-31T13:28:55.6041372Z $GPZDA,132853,31,05,2026,04,00*43
2026-05-31T13:28:55.6577502Z !AIVDM,2,1,0,,58I<UK02H6E3UK;OWP1`Tn04l8E:222222222016;:o=M1O:0NmDhSlp8888,0*3E
2026-05-31T13:28:55.6577502Z !AIVDM,2,2,1,,88888888803,2*6F
2026-05-31T13:28:55.6577502Z $IIHDG,314.7,,,14.0,W*04
2026-05-31T13:28:55.7058131Z $GPAAM,,,,N,*38
2026-05-31T13:28:55.7058131Z !AIVDM,1,1,,,15NO=dP000JroTHH>Wt:H5Sf0000,0*37
2026-05-31T13:28:55.7058131Z $GPAPB,,,,,,,,,,,,,,,N*26
2026-05-31T13:28:55.7534209Z $IIHDG,314.7,,,14.0,W*04
2026-05-31T13:28:55.7534209Z $GPBOD,,T,,M,,*47
2026-05-31T13:28:55.8038081Z !AIVDM,1,1,,,39NSfbh000rrnu8H>W?3S8G`0000,0*6E
2026-05-31T13:28:55.8572187Z $IIHDG,314.6,,,14.0,W*05
2026-05-31T13:28:55.9186540Z !AIVDM,1,1,,,B52oU<@1@6fs=j65LqJISwP00000,0*18
2026-05-31T13:28:55.9186540Z $GPRMB,,,,,,,,,,,,,,N*04
2026-05-31T13:28:55.9627071Z $GPXTE,,,,,N,N*5E
2026-05-31T13:28:55.9627071Z $IIHDG,314.6,,,14.0,W*05
2026-05-31T13:28:56.0090399Z $SDDBT,27.6,f,8.4,M,4.6,F*3B
2026-05-31T13:28:56.0573017Z $IIHDG,314.6,,,14.0,W*05
2026-05-31T13:28:56.0573017Z $SDDPT,8.4,0.0,*77
2026-05-31T13:28:56.1049741Z $SDMTW,14.8,C*09
2026-05-31T13:28:56.1049741Z !AIVDM,1,1,,,15NK=p003trsl@8H=HE493;d0000,0*60
2026-05-31T13:28:56.1049741Z $SDVLW,,N,39.8,N,3042.4,N,32.5,N*43
2026-05-31T13:28:56.1049741Z $SDVHW,300.5,T,314.6,M,0.0,N,0.0,K*44
2026-05-31T13:28:56.1584223Z $IIHDG,314.5,,,14.0,W*06
2026-05-31T13:28:56.2009134Z $WIMWD,301.5,T,315.5,M,6.8,N,3.5,M*57
2026-05-31T13:28:56.2009134Z $WIMWV,0.6,R,6.9,N,A*2A
2026-05-31T13:28:56.2009134Z $WIMWV,0.6,T,6.8,N,A*2D
2026-05-31T13:28:56.2493171Z $IIHDG,314.4,,,14.0,W*07
2026-05-31T13:28:56.3125184Z $IIXDR,C,13.2,C,AIRTEMP,A,1.0,D,HEEL,A,0.7,D,TRIM,P,1.015,B,BARO,A,-0.2,D,RUDDER*35
2026-05-31T13:28:56.3614054Z !AIVDM,1,1,,,15N9sFP000rrso@H@`gamDqf0000,0*4D
2026-05-31T13:28:56.3614054Z $IIHDG,314.4,,,14.0,W*07
2026-05-31T13:28:56.4094852Z $GNGGA,132854,4230.0918,N,07050.4979,W,2,00,0.50,8,M,-32.6,M,,*49
2026-05-31T13:28:56.4094852Z $GPGLC,9960,,,13928.94,A,25847.49,A,44324.31,A,60280.08,A,,*7B
2026-05-31T13:28:56.4575501Z $GPGLL,4230.0918,N,07050.4979,W,132854,A,D*5D
2026-05-31T13:28:56.4575501Z $IIHDG,314.3,,,14.0,W*00
2026-05-31T13:28:56.4575501Z $GNGSA,A,3,,,,,,,,,,,,,0.70,0.50,0.60*18
2026-05-31T13:28:56.4575501Z $GNGSV,3,1,11,01,11,054,,03,37,058,,06,62,249,,11,22,239,*6A
2026-05-31T13:28:56.4575501Z $GNGSV,3,2,11,12,08,320,,14,39,166,,17,67,067,,19,68,324,*67
2026-05-31T13:28:56.4575501Z $GNGSV,3,3,11,22,58,174,,24,13,284,,44,23,237,*55
2026-05-31T13:28:56.5365882Z $IIHDG,314.3,,,14.0,W*00
2026-05-31T13:28:56.5915676Z $GPRMC,132854,A,4230.0918,N,07050.4979,W,0.1,208.0,310526,14.1,W,D*2F
2026-05-31T13:28:56.5915676Z $GPVTG,208.0,T,222.1,M,0.1,N,0.1,K,A*2A
2026-05-31T13:28:56.5941750Z $GPZDA,132854,31,05,2026,04,00*44
2026-05-31T13:28:56.6521462Z $IIHDG,314.2,,,14.0,W*01
2026-05-31T13:28:56.6973909Z $GPAAM,,,,N,*38
2026-05-31T13:28:56.7452574Z $GPAPB,,,,,,,,,,,,,,,N*26
2026-05-31T13:28:56.7452574Z $IIHDG,314.2,,,14.0,W*01
2026-05-31T13:28:56.7489842Z $GPBOD,,T,,M,,*47
2026-05-31T13:28:56.8730947Z $IIHDG,314.1,,,14.0,W*02
2026-05-31T13:28:56.9286717Z $GPRMB,,,,,,,,,,,,,,N*04
2026-05-31T13:28:56.9692154Z !AIVDM,1,1,,,15NO=iPPP4JrothH>Ws=fW3h0000,0*1C
2026-05-31T13:28:56.9692154Z $GPXTE,,,,,N,N*5E
2026-05-31T13:28:57.0173175Z $IIHDG,314.1,,,14.0,W*02
2026-05-31T13:28:57.0173175Z $SDDBT,27.6,f,8.4,M,4.6,F*3B
2026-05-31T13:28:57.0671702Z $SDDPT,8.4,0.0,*77
2026-05-31T13:28:57.0671702Z $SDMTW,14.8,C*09
2026-05-31T13:28:57.1135380Z $IIHDG,314.0,,,14.0,W*03
2026-05-31T13:28:57.1135380Z $SDVLW,,N,39.8,N,3042.4,N,32.5,N*43
2026-05-31T13:28:57.1135380Z $SDVHW,300.0,T,314.0,M,0.0,N,0.0,K*47
2026-05-31T13:28:57.1135380Z !AIVDM,1,1,,,18IPTf0PQNrsAD`H>egQfQ1V0000,0*2B
2026-05-31T13:28:57.1616748Z $WIMWD,301.0,T,315.0,M,6.7,N,3.5,M*58
2026-05-31T13:28:57.2123558Z $IIHDG,314.0,,,14.0,W*03
2026-05-31T13:28:57.2123558Z $WIMWV,0.9,R,6.8,N,A*24
2026-05-31T13:28:57.2123558Z $WIMWV,0.9,T,6.7,N,A*2D
2026-05-31T13:28:57.2591022Z !AIVDM,1,1,,,ENk`sl>`@@@@@@@@@@@@@@@@@@@=OTgH<LwsP00000000?,4*70
2026-05-31T13:28:57.3055842Z $IIHDG,313.9,,,14.0,W*0D
2026-05-31T13:28:57.3533666Z !AIVDM,1,1,,,152l5Nh01UrsA@hH>lWQ>0wf0000,0*11
2026-05-31T13:28:57.3533666Z $IIXDR,C,13.2,C,AIRTEMP,A,4.6,D,HEEL,A,0.2,D,TRIM,P,1.015,B,BARO,A,-0.2,D,RUDDER*33
2026-05-31T13:28:57.4023076Z $IIHDG,313.8,,,14.0,W*0C
2026-05-31T13:28:57.4023076Z $GNGGA,132855,4230.0918,N,07050.4978,W,2,00,0.50,8,M,-32.6,M,,*49
2026-05-31T13:28:57.4492023Z $GPGLC,9960,,,13928.94,A,25847.49,A,44324.31,A,60280.08,A,,*7B
2026-05-31T13:28:57.4492023Z $GPGLL,4230.0918,N,07050.4978,W,132855,A,D*5D
2026-05-31T13:28:57.4492023Z $GNGSA,A,3,,,,,,,,,,,,,0.70,0.50,0.60*18
2026-05-31T13:28:57.4492023Z $GNGSV,3,1,11,01,11,054,,03,37,058,,06,62,249,,11,22,239,*6A
2026-05-31T13:28:57.4492023Z $GNGSV,3,2,11,12,08,320,,14,39,166,,17,67,067,,19,68,324,*67
2026-05-31T13:28:57.4492023Z $GNGSV,3,3,11,22,58,174,,24,13,284,,44,23,237,*55
2026-05-31T13:28:57.5005513Z $IIHDG,313.8,,,14.0,W*0C
2026-05-31T13:28:57.5435772Z $GPRMC,132855,A,4230.0918,N,07050.4978,W,0.1,208.0,310526,14.1,W,D*2F
2026-05-31T13:28:57.6075970Z $IIHDG,313.7,,,14.0,W*03
2026-05-31T13:28:57.6075970Z $GPVTG,208.0,T,222.1,M,0.1,N,0.1,K,A*2A
2026-05-31T13:28:57.6075970Z $GPZDA,132855,31,05,2026,04,00*45
2026-05-31T13:28:57.6783460Z $IIHDG,313.7,,,14.0,W*03
2026-05-31T13:28:57.7201986Z $GPAAM,,,,N,*38
2026-05-31T13:28:57.7201986Z $GPAPB,,,,,,,,,,,,,,,N*26
2026-05-31T13:28:57.7681237Z $GPBOD,,T,,M,,*47
2026-05-31T13:28:57.8161382Z $IIHDG,313.7,,,14.0,W*03
2026-05-31T13:28:57.8645898Z !AIVDM,1,1,,,15NK=p0PStrslF0H=H:T93;h0000,0*7D
2026-05-31T13:28:57.9134239Z $IIHDG,313.7,,,14.0,W*03
2026-05-31T13:28:57.9134239Z $GPRMB,,,,,,,,,,,,,,N*04
2026-05-31T13:28:57.9631126Z $GPXTE,,,,,N,N*5E
2026-05-31T13:28:58.0103033Z $IIHDG,313.6,,,14.0,W*02
2026-05-31T13:28:58.0675024Z $SDDBT,27.6,f,8.4,M,4.6,F*3B
2026-05-31T13:28:58.0675024Z $SDDPT,8.4,0.0,*77
2026-05-31T13:28:58.1209333Z $SDMTW,14.8,C*09
2026-05-31T13:28:58.1209333Z $IIHDG,313.6,,,14.0,W*02
2026-05-31T13:28:58.1209333Z $SDVLW,,N,39.8,N,3042.4,N,32.5,N*43
2026-05-31T13:28:58.1209333Z $SDVHW,299.6,T,313.6,M,0.0,N,0.0,K*41
2026-05-31T13:28:58.1689829Z $WIMWD,302.1,T,316.2,M,7.1,N,3.6,M*5F
2026-05-31T13:28:58.2173993Z $IIHDG,313.6,,,14.0,W*02
2026-05-31T13:28:58.2173993Z $WIMWV,2.5,R,6.9,N,A*2B
2026-05-31T13:28:58.2173993Z $WIMWV,2.7,T,7.1,N,A*26
2026-05-31T13:28:58.2835642Z $IIHDG,313.6,,,14.0,W*02
2026-05-31T13:28:58.3315704Z $IIXDR,C,13.2,C,AIRTEMP,A,4.6,D,HEEL,A,0.1,D,TRIM,P,1.015,B,BARO,A,-0.6,D,RUDDER*34
2026-05-31T13:28:58.3764197Z $GNGGA,132856,4230.0917,N,07050.4978,W,2,00,0.50,8,M,-32.6,M,,*45
2026-05-31T13:28:58.4247898Z $IIHDG,313.6,,,14.0,W*02
2026-05-31T13:28:58.4247898Z $GPGLC,9960,,,13928.94,A,25847.49,A,44324.31,A,60280.08,A,,*7B
2026-05-31T13:28:58.4731410Z $GPGLL,4230.0917,N,07050.4978,W,132856,A,D*51
2026-05-31T13:28:58.4731410Z $GNGSA,A,3,,,,,,,,,,,,,0.70,0.50,0.60*18
2026-05-31T13:28:58.4843990Z $GNGSV,3,1,11,01,11,054,,03,37,058,,06,62,249,,11,22,239,*6A
2026-05-31T13:28:58.4843990Z $GNGSV,3,2,11,12,08,320,,14,39,166,,17,67,067,,19,68,324,*67
2026-05-31T13:28:58.4843990Z $GNGSV,3,3,11,22,58,174,,24,13,284,,44,23,237,*55
2026-05-31T13:28:58.5215668Z $IIHDG,313.5,,,14.0,W*01
2026-05-31T13:28:58.5687995Z $GPRMC,132856,A,4230.0917,N,07050.4978,W,0.1,208.0,310526,14.1,W,D*23
2026-05-31T13:28:58.6160840Z $GPVTG,208.0,T,222.1,M,0.1,N,0.1,K,A*2A
2026-05-31T13:28:58.6160840Z $GPZDA,132856,31,05,2026,04,00*46
2026-05-31T13:28:58.6160840Z $IIHDG,313.5,,,14.0,W*01
2026-05-31T13:28:58.6160840Z !AIVDM,1,1,,,152Wpn<01HrsL5@H?mS2rRAf2000,0*2B
2026-05-31T13:28:58.6796486Z $GPAAM,,,,N,*38
2026-05-31T13:28:58.7298610Z $IIHDG,313.5,,,14.0,W*01
2026-05-31T13:28:58.7298610Z $GPAPB,,,,,,,,,,,,,,,N*26
2026-05-31T13:28:58.7298610Z !AIVDM,1,1,,,15Ngd70044Js>``H>4ue3JEl0000,0*1C
2026-05-31T13:28:58.7762445Z $GPBOD,,T,,M,,*47
2026-05-31T13:28:58.8236031Z $IIHDG,313.5,,,14.0,W*01
2026-05-31T13:28:58.8730847Z !AIVDM,2,1,2,,59NSfbh2GS@CDhUK:00m<>0<4iU1<v2222222016=d0NE1PkNMmDkVBp8888,0*5E
2026-05-31T13:28:58.8730847Z !AIVDM,2,2,3,,88888888803,2*6D
2026-05-31T13:28:58.9437273Z $IIHDG,313.5,,,14.0,W*01
2026-05-31T13:28:58.9437273Z $GPRMB,,,,,,,,,,,,,,N*04
2026-05-31T13:28:58.9437273Z $GPXTE,,,,,N,N*5E
2026-05-31T13:28:58.9997407Z $IIHDG,313.4,,,14.0,W*00
2026-05-31T13:28:59.0493811Z $SDDBT,27.6,f,8.4,M,4.6,F*3B
2026-05-31T13:28:59.0493811Z $SDDPT,8.4,0.0,*77
2026-05-31T13:28:59.0949501Z !AIVDM,1,1,,,352l5NhPQVrsAB0H>ll1=hwj0000,0*46
2026-05-31T13:28:59.0949501Z $SDMTW,14.8,C*09
2026-05-31T13:28:59.0949501Z $IIHDG,313.4,,,14.0,W*00
2026-05-31T13:28:59.0949501Z $SDVLW,,N,39.8,N,3042.4,N,32.5,N*43
2026-05-31T13:28:59.1437333Z $SDVHW,299.4,T,313.4,M,0.0,N,0.0,K*41
2026-05-31T13:28:59.1910867Z $WIMWD,301.8,T,315.9,M,6.6,N,3.4,M*59
2026-05-31T13:28:59.1910867Z $WIMWV,2.5,R,6.8,N,A*2A
2026-05-31T13:28:59.1910867Z $WIMWV,2.4,T,6.6,N,A*23
2026-05-31T13:28:59.1910867Z $IIHDG,313.4,,,14.0,W*00
2026-05-31T13:28:59.2906902Z $IIHDG,313.4,,,14.0,W*00
2026-05-31T13:28:59.3351726Z !AIVDM,1,1,,,15NQsE?P01rtNWHHH3`<2gwl2000,0*50
2026-05-31T13:28:59.3351726Z $IIXDR,C,13.2,C,AIRTEMP,A,0.8,D,HEEL,A,0.4,D,TRIM,P,1.015,B,BARO,A,-0.1,D,RUDDER*3C
2026-05-31T13:28:59.3834011Z $GNGGA,132857,4230.0917,N,07050.4978,W,2,00,0.50,8,M,-32.6,M,,*44
2026-05-31T13:28:59.4363384Z $IIHDG,313.4,,,14.0,W*00
2026-05-31T13:28:59.4363384Z $GPGLC,9960,,,13928.94,A,25847.49,A,44324.31,A,60280.08,A,,*7B
2026-05-31T13:28:59.4383490Z $GPGLL,4230.0917,N,07050.4978,W,132857,A,D*50
2026-05-31T13:28:59.4789431Z $GNGSA,A,3,,,,,,,,,,,,,0.70,0.50,0.50*1B
2026-05-31T13:28:59.4822946Z $GNGSV,3,1,11,01,11,054,,03,37,058,,06,62,250,,11,22,239,*62
2026-05-31T13:28:59.4822946Z $GNGSV,3,2,11,12,08,320,,14,39,166,,17,67,067,,19,68,324,*67
2026-05-31T13:28:59.4822946Z $GNGSV,3,3,11,22,58,174,,24,13,284,,44,23,237,*55
2026-05-31T13:28:59.5272062Z $IIHDG,313.4,,,14.0,W*00
2026-05-31T13:28:59.5740464Z $GPRMC,132857,A,4230.0917,N,07050.4978,W,0.1,208.0,310526,14.1,W,D*22
2026-05-31T13:28:59.6212174Z $GPVTG,208.0,T,222.1,M,0.1,N,0.2,K,A*29
2026-05-31T13:28:59.6212174Z $GPZDA,132857,31,05,2026,04,00*47
2026-05-31T13:28:59.6212174Z $IIHDG,313.4,,,14.0,W*00
2026-05-31T13:28:59.6689630Z !AIVDM,1,1,,,15N:gRP000rrhaHH?CJ:uokn0000,0*58
2026-05-31T13:28:59.7171478Z $GPAAM,,,,N,*38
2026-05-31T13:28:59.7171478Z $IIHDG,313.3,,,14.0,W*07
2026-05-31T13:28:59.7171478Z $GPAPB,,,,,,,,,,,,,,,N*26
2026-05-31T13:28:59.7652574Z $GPBOD,,T,,M,,*47
2026-05-31T13:28:59.8131167Z $IIHDG,313.3,,,14.0,W*07
2026-05-31T13:28:59.8608240Z !AIVDM,1,1,,,15NK=p0PT0rslK`H=H149S9l0000,0*6E
2026-05-31T13:28:59.9092346Z !AIVDM,1,1,,,35N1c70000Jrmw0H?GG;uUel0000,0*3D
2026-05-31T13:28:59.9092346Z $IIHDG,313.3,,,14.0,W*07
2026-05-31T13:28:59.9092346Z $GPRMB,,,,,,,,,,,,,,N*04
2026-05-31T13:28:59.9575565Z $GPXTE,,,,,N,N*5E
2026-05-31T13:29:00.0096489Z $IIHDG,313.3,,,14.0,W*07
2026-05-31T13:29:00.0540497Z $SDDBT,27.6,f,8.4,M,4.6,F*3B
2026-05-31T13:29:00.0540497Z $SDDPT,8.4,0.0,*77
2026-05-31T13:29:00.1013861Z $SDMTW,14.8,C*09
2026-05-31T13:29:00.1013861Z $SDVLW,,N,39.8,N,3042.4,N,32.5,N*43
2026-05-31T13:29:00.1013861Z $IIHDG,313.3,,,14.0,W*07
2026-05-31T13:29:00.1492933Z $SDVHW,299.2,T,313.3,M,0.0,N,0.0,K*40
2026-05-31T13:29:00.1977667Z !AIVDM,1,1,,,35NO=iPPP4JrothH>WseqVwn0000,0*12
2026-05-31T13:29:00.1977667Z $WIMWD,298.2,T,312.2,M,7.5,N,3.9,M*51
2026-05-31T13:29:00.1977667Z $WIMWV,358.5,R,6.9,N,A*27
2026-05-31T13:29:00.1977667Z $WIMWV,358.5,T,7.5,N,A*2C
2026-05-31T13:29:00.1977667Z $IIHDG,313.2,,,14.0,W*06
2026-05-31T13:29:00.2924825Z $IIHDG,313.2,,,14.0,W*06
2026-05-31T13:29:00.3450560Z $IIXDR,C,13.2,C,AIRTEMP,A,-0.3,D,HEEL,A,0.2,D,TRIM,P,1.015,B,BARO,A,0.1,D,RUDDER*31
2026-05-31T13:29:00.3888869Z $GNGGA,132858,4230.0917,N,07050.4977,W,2,00,0.50,8,M,-32.6,M,,*44
2026-05-31T13:29:00.4377390Z $IIHDG,313.2,,,14.0,W*06
2026-05-31T13:29:00.4377390Z $GPGLC,9960,,,13928.94,A,25847.49,A,44324.31,A,60280.08,A,,*7B
2026-05-31T13:29:00.4377390Z $GPGLL,4230.0917,N,07050.4977,W,132858,A,D*50
2026-05-31T13:29:00.4847805Z $GNGSA,A,3,,,,,,,,,,,,,0.70,0.50,0.50*1B
2026-05-31T13:29:00.4847805Z $GNGSV,3,1,11,01,11,054,,03,37,058,,06,62,250,,11,22,239,*62
2026-05-31T13:29:00.4904624Z $GNGSV,3,2,11,12,08,320,,14,39,166,,17,67,067,,19,68,324,*67
2026-05-31T13:29:00.4904624Z $GNGSV,3,3,11,22,58,174,,24,13,284,,44,23,237,*55
2026-05-31T13:29:00.5324550Z $IIHDG,313.2,,,14.0,W*06
2026-05-31T13:29:00.5805402Z $GPRMC,132858,A,4230.0917,N,07050.4977,W,0.1,208.0,310526,14.1,W,D*22
2026-05-31T13:29:00.5805402Z $GPVTG,208.0,T,222.1,M,0.1,N,0.1,K,A*2A
2026-05-31T13:29:00.6282226Z $GPZDA,132858,31,05,2026,04,00*48
2026-05-31T13:29:00.6282226Z $IIHDG,313.1,,,14.0,W*05
2026-05-31T13:29:00.6282226Z !AIVDM,1,1,,,15Ngd70044Js>V0H>5Ne3JD00000,0*1D
2026-05-31T13:29:00.6763042Z $GPAAM,,,,N,*38
2026-05-31T13:29:00.7278352Z $IIHDG,313.1,,,14.0,W*05
2026-05-31T13:29:00.7278352Z $GPAPB,,,,,,,,,,,,,,,N*26
2026-05-31T13:29:00.7714469Z $GPBOD,,T,,M,,*47
2026-05-31T13:29:00.8205085Z $IIHDG,313.0,,,14.0,W*04
2026-05-31T13:29:00.8989934Z $IIHDG,313.0,,,14.0,W*04
2026-05-31T13:29:00.9467947Z $GPRMB,,,,,,,,,,,,,,N*04
2026-05-31T13:29:00.9467947Z $GPXTE,,,,,N,N*5E
2026-05-31T13:29:00.9992785Z $IIHDG,313.0,,,14.0,W*04
2026-05-31T13:29:01.0422911Z $SDDBT,27.6,f,8.4,M,4.6,F*3B
2026-05-31T13:29:01.0422911Z $SDDPT,8.4,0.0,*77
2026-05-31T13:29:01.0901773Z $SDMTW,14.8,C*09
2026-05-31T13:29:01.0901773Z !AIVDM,1,1,,,38I<UK000<rt@8PHC47QWAgL0000,0*41
2026-05-31T13:29:01.0901773Z $SDVLW,,N,39.8,N,3042.4,N,32.5,N*43
2026-05-31T13:29:01.1378487Z $IIHDG,312.9,,,14.0,W*0C
2026-05-31T13:29:01.1411630Z $SDVHW,298.9,T,312.9,M,0.0,N,0.0,K*41
2026-05-31T13:29:01.1854052Z $WIMWD,296.3,T,310.4,M,6.6,N,3.4,M*55
2026-05-31T13:29:01.2334086Z $WIMWV,357.5,R,7.0,N,A*20
2026-05-31T13:29:01.2334086Z $WIMWV,357.4,T,6.6,N,A*20
2026-05-31T13:29:01.2334086Z $IIHDG,312.9,,,14.0,W*0C
2026-05-31T13:29:01.2821910Z $IIHDG,312.8,,,14.0,W*0D
2026-05-31T13:29:01.3469700Z $IIXDR,C,13.2,C,AIRTEMP,A,3.2,D,HEEL,A,0.5,D,TRIM,P,1.015,B,BARO,A,0.1,D,RUDDER*19
2026-05-31T13:29:01.3932324Z $GNGGA,132859,4230.0918,N,07050.4976,W,2,00,0.50,8,M,-32.6,M,,*4B
2026-05-31T13:29:01.4413821Z $IIHDG,312.8,,,14.0,W*0D
2026-05-31T13:29:01.4413821Z $GPGLC,9960,,,13928.94,A,25847.49,A,44324.31,A,60280.08,A,,*7B
2026-05-31T13:29:01.4413821Z $GPGLL,4230.0918,N,07050.4976,W,132859,A,D*5F
2026-05-31T13:29:01.4893199Z $GNGSA,A,3,,,,,,,,,,,,,0.70,0.50,0.60*18
2026-05-31T13:29:01.4893199Z $GNGSV,3,1,11,01,11,054,,03,37,058,,06,62,250,,11,22,239,*62
2026-05-31T13:29:01.4893199Z $GNGSV,3,2,11,12,08,320,,14,39,166,,17,67,067,,19,68,324,*67
2026-05-31T13:29:01.4893199Z $GNGSV,3,3,11,22,58,174,,24,13,284,,44,23,237,*55
2026-05-31T13:29:01.5378679Z $IIHDG,312.7,,,14.0,W*02
2026-05-31T13:29:01.5849602Z $GPRMC,132859,A,4230.0918,N,07050.4976,W,0.1,208.0,310526,14.1,W,D*2D
2026-05-31T13:29:01.5849602Z $GPVTG,208.0,T,222.1,M,0.1,N,0.2,K,A*29
2026-05-31T13:29:01.5849602Z $GPZDA,132859,31,05,2026,04,00*49
2026-05-31T13:29:01.6354050Z $IIHDG,312.7,,,14.0,W*02
2026-05-31T13:29:01.6802061Z $GPAAM,,,,N,*38
2026-05-31T13:29:01.7271373Z $IIHDG,312.7,,,14.0,W*02
2026-05-31T13:29:01.7271373Z $GPAPB,,,,,,,,,,,,,,,N*26
2026-05-31T13:29:01.7752324Z $GPBOD,,T,,M,,*47
2026-05-31T13:29:01.8353993Z $IIHDG,312.6,,,14.0,W*03
2026-05-31T13:29:01.8870973Z !AIVDM,1,1,,,B52oU<@18Ffs8j65Ld2H;wP00000,0*11
2026-05-31T13:29:01.9353540Z $GPRMB,,,,,,,,,,,,,,N*04
2026-05-31T13:29:01.9353540Z $IIHDG,312.6,,,14.0,W*03
2026-05-31T13:29:01.9833296Z $GPXTE,,,,,N,N*5E
2026-05-31T13:29:02.0308996Z $SDDBT,27.6,f,8.4,M,4.6,F*3B
2026-05-31T13:29:02.0800885Z $IIHDG,312.6,,,14.0,W*03
2026-05-31T13:29:02.0800885Z $SDDPT,8.4,0.0,*77
2026-05-31T13:29:02.0800885Z $SDMTW,14.8,C*09
2026-05-31T13:29:02.1267749Z !AIVDM,1,1,,,15NK=p0PSvrslQ@H=Go46C800000,0*06
2026-05-31T13:29:02.1267749Z $SDVLW,,N,39.8,N,3042.4,N,32.5,N*43
2026-05-31T13:29:02.1267749Z $SDVHW,298.5,T,312.6,M,0.0,N,0.0,K*42
2026-05-31T13:29:02.1748861Z $IIHDG,312.6,,,14.0,W*03
2026-05-31T13:29:02.1748861Z $WIMWD,297.7,T,311.7,M,5.7,N,2.9,M*5C
2026-05-31T13:29:02.2235054Z $WIMWV,358.9,R,6.6,N,A*24
2026-05-31T13:29:02.2235054Z $WIMWV,358.9,T,5.7,N,A*20
2026-05-31T13:29:02.2741226Z $IIHDG,312.6,,,14.0,W*03
2026-05-31T13:29:02.3183205Z $IIXDR,C,13.2,C,AIRTEMP,A,5.4,D,HEEL,A,-0.3,D,TRIM,P,1.015,B,BARO,A,-0.3,D,RUDDER*1D
2026-05-31T13:29:02.3662028Z $IIHDG,312.6,,,14.0,W*03
2026-05-31T13:29:02.4228028Z $GNGGA,132900,4230.0917,N,07050.4976,W,2,00,0.50,8,M,-32.6,M,,*49
2026-05-31T13:29:02.4248146Z $GPGLC,9960,,,13928.94,A,25847.49,A,44324.31,A,60280.08,A,,*7B
2026-05-31T13:29:02.4780752Z $GPGLL,4230.0917,N,07050.4976,W,132900,A,D*5D
2026-05-31T13:29:02.4780752Z $IIHDG,312.5,,,14.0,W*00
2026-05-31T13:29:02.4780752Z $GNGSA,A,3,,,,,,,,,,,,,0.70,0.50,0.60*18
2026-05-31T13:29:02.4780752Z $GNGSV,3,1,11,01,11,054,,03,37,058,,06,62,250,,11,22,239,*62
2026-05-31T13:29:02.4780752Z $GNGSV,3,2,11,12,08,320,,14,39,166,,17,67,067,,19,68,324,*67
2026-05-31T13:29:02.4780752Z $GNGSV,3,3,11,22,58,174,,24,13,284,,44,23,237,*55
2026-05-31T13:29:02.5262074Z !AIVDM,1,1,,,15Ngd70043Js>SPH>5v=4:F40000,0*6E
2026-05-31T13:29:02.5739828Z $IIHDG,312.5,,,14.0,W*00
2026-05-31T13:29:02.5739828Z $GPRMC,132900,A,4230.0917,N,07050.4977,W,0.1,208.0,310526,14.1,W,D*2E
2026-05-31T13:29:02.6215393Z $GPVTG,208.0,T,222.1,M,0.1,N,0.2,K,A*29
2026-05-31T13:29:02.6248879Z $GPZDA,132900,31,05,2026,04,00*44
2026-05-31T13:29:02.6689915Z $IIHDG,312.5,,,14.0,W*00
2026-05-31T13:29:02.7168506Z $GPAAM,,,,N,*38
2026-05-31T13:29:02.7168506Z $GPAPB,,,,,,,,,,,,,,,N*26
2026-05-31T13:29:02.7669656Z $IIHDG,312.4,,,14.0,W*01
2026-05-31T13:29:02.7669656Z $GPBOD,,T,,M,,*47
2026-05-31T13:29:02.7669656Z !AIVDM,1,1,,,352l5NhOQWrsACpH>m6Q:0v00000,0*26
2026-05-31T13:29:02.8286361Z $IIHDG,312.4,,,14.0,W*01
2026-05-31T13:29:02.9083724Z $GPRMB,,,,,,,,,,,,,,N*04
2026-05-31T13:29:02.9557725Z $GPXTE,,,,,N,N*5E
2026-05-31T13:29:02.9557725Z $IIHDG,312.4,,,14.0,W*01
2026-05-31T13:29:03.0109634Z !AIVDM,1,1,,,15MnF7<00DJrrGHH>hcd=IT40000,0*01
2026-05-31T13:29:03.0563826Z $SDDBT,27.6,f,8.4,M,4.6,F*3B
2026-05-31T13:29:03.0563826Z $IIHDG,312.3,,,14.0,W*06
2026-05-31T13:29:03.0563826Z $SDDPT,8.4,0.0,*77
2026-05-31T13:29:03.1155028Z $SDMTW,14.8,C*09
2026-05-31T13:29:03.1155028Z $SDVLW,,N,39.8,N,3042.4,N,32.5,N*43
2026-05-31T13:29:03.1155028Z $SDVHW,298.3,T,312.3,M,0.0,N,0.0,K*41
2026-05-31T13:29:03.1693891Z $IIHDG,312.3,,,14.0,W*06
2026-05-31T13:29:03.1734214Z $WIMWD,298.6,T,312.6,M,5.6,N,2.9,M*51
2026-05-31T13:29:03.2127343Z $WIMWV,0.2,R,6.2,N,A*25
2026-05-31T13:29:03.2127343Z $WIMWV,0.2,T,5.6,N,A*24
2026-05-31T13:29:03.2583598Z !AIVDM,1,1,,,35NO=iPPP4Jrot`H>Wt=int40000,0*3C
2026-05-31T13:29:03.2583598Z $IIHDG,312.2,,,14.0,W*07
2026-05-31T13:29:03.3189520Z $IIXDR,C,13.2,C,AIRTEMP,A,2.5,D,HEEL,A,0.4,D,TRIM,P,1.015,B,BARO,A,-0.3,D,RUDDER*31
2026-05-31T13:29:03.3692881Z $IIHDG,312.1,,,14.0,W*04
2026-05-31T13:29:03.4159179Z $GNGGA,132901,4230.0917,N,07050.4977,W,2,00,0.50,8,M,-32.6,M,,*49
2026-05-31T13:29:03.4159179Z $GPGLC,9960,,,13928.94,A,25847.49,A,44324.31,A,60280.08,A,,*7B
2026-05-31T13:29:03.4649821Z $GPGLL,4230.0917,N,07050.4977,W,132901,A,D*5D
2026-05-31T13:29:03.4649821Z $IIHDG,312.1,,,14.0,W*04
2026-05-31T13:29:03.4649821Z $GNGSA,A,3,,,,,,,,,,,,,0.70,0.50,0.60*18
2026-05-31T13:29:03.4649821Z $GNGSV,3,1,11,01,11,054,,03,37,058,,06,62,250,,11,22,239,*62
2026-05-31T13:29:03.4649821Z $GNGSV,3,2,11,12,08,320,,14,39,166,,17,67,067,,19,68,324,*67
2026-05-31T13:29:03.4649821Z $GNGSV,3,3,11,22,58,174,,24,13,284,,44,23,237,*55
2026-05-31T13:29:03.5149996Z !AIVDM,1,1,,,15NO=g;P00Jrjq`H@0wdbOv22000,0*50
2026-05-31T13:29:03.5591368Z $IIHDG,312.0,,,14.0,W*05
2026-05-31T13:29:03.5591368Z $GPRMC,132901,A,4230.0917,N,07050.4977,W,0.1,208.0,310526,14.1,W,D*2F
2026-05-31T13:29:03.6072051Z $GPVTG,208.0,T,222.1,M,0.1,N,0.2,K,A*29
2026-05-31T13:29:03.6072051Z $GPZDA,132901,31,05,2026,04,00*45
2026-05-31T13:29:03.6564249Z $IIHDG,312.0,,,14.0,W*05
2026-05-31T13:29:03.7060055Z $GPAAM,,,,N,*38
2026-05-31T13:29:03.7513418Z $GPAPB,,,,,,,,,,,,,,,N*26
2026-05-31T13:29:03.7513418Z !AIVDM,1,1,,,15NO=nPP00JrnvHH>WjWBOv40000,0*0A
2026-05-31T13:29:03.7513418Z !AIVDM,1,1,,,15NK=p0PSvrslW0H=Gf44k640000,0*59
2026-05-31T13:29:03.7513418Z $IIHDG,311.9,,,14.0,W*0F
2026-05-31T13:29:03.7513418Z $GPBOD,,T,,M,,*47
2026-05-31T13:29:03.8329605Z $IIHDG,311.9,,,14.0,W*0F
2026-05-31T13:29:03.9106964Z $GPRMB,,,,,,,,,,,,,,N*04
2026-05-31T13:29:03.9586502Z $GPXTE,,,,,N,N*5E
2026-05-31T13:29:03.9586502Z $IIHDG,311.8,,,14.0,W*0E
2026-05-31T13:29:04.0086373Z $SDDBT,27.6,f,8.4,M,4.6,F*3B
2026-05-31T13:29:04.0700260Z $IIHDG,311.8,,,14.0,W*0E
2026-05-31T13:29:04.0700260Z $SDDPT,8.4,0.0,*77
2026-05-31T13:29:04.0700260Z $SDMTW,14.8,C*09
2026-05-31T13:29:04.1183636Z $SDVLW,,N,39.8,N,3042.4,N,32.5,N*43
2026-05-31T13:29:04.1183636Z $SDVHW,297.8,T,311.8,M,0.0,N,0.0,K*4D
2026-05-31T13:29:04.1662217Z $IIHDG,311.8,,,14.0,W*0E
2026-05-31T13:29:04.1662217Z $WIMWD,295.3,T,309.4,M,5.5,N,2.8,M*53
2026-05-31T13:29:04.2142977Z $WIMWV,357.5,R,5.9,N,A*2B
2026-05-31T13:29:04.2142977Z $WIMWV,358.0,T,5.5,N,A*2B
2026-05-31T13:29:04.2625024Z $IIHDG,311.8,,,14.0,W*0E
2026-05-31T13:29:04.3100634Z $IIXDR,C,13.2,C,AIRTEMP,A,0.3,D,HEEL,A,0.0,D,TRIM,P,1.015,B,BARO,A,0.0,D,RUDDER*1F
2026-05-31T13:29:04.3768989Z $IIHDG,311.7,,,14.0,W*01
2026-05-31T13:29:04.4225059Z $GNGGA,132902,4230.0918,N,07050.4976,W,2,00,0.50,8,M,-32.6,M,,*44
2026-05-31T13:29:04.4225059Z $GPGLC,9960,,,13928.94,A,25847.49,A,44324.31,A,60280.08,A,,*7B
2026-05-31T13:29:04.4706652Z $GPGLL,4230.0918,N,07050.4976,W,132902,A,D*50
2026-05-31T13:29:04.4706652Z $IIHDG,311.7,,,14.0,W*01
2026-05-31T13:29:04.4706652Z $GNGSA,A,3,,,,,,,,,,,,,0.70,0.50,0.50*1B
2026-05-31T13:29:04.4706652Z $GNGSV,3,1,11,01,11,054,,03,37,058,,06,62,250,,11,22,239,*62
2026-05-31T13:29:04.4706652Z $GNGSV,3,2,11,12,08,320,,14,39,166,,17,67,067,,19,68,324,*67
2026-05-31T13:29:04.4706652Z $GNGSV,3,3,11,22,58,174,,24,13,284,,44,23,237,*55
2026-05-31T13:29:04.5425253Z $IIHDG,311.7,,,14.0,W*01
2026-05-31T13:29:04.5832298Z $GPRMC,132902,A,4230.0918,N,07050.4976,W,0.1,208.0,310526,14.1,W,D*22
2026-05-31T13:29:04.5832298Z !AIVDM,1,1,,,15NwCQP000rs>PhHBg5c0qv40000,0*17
2026-05-31T13:29:04.5832298Z $GPVTG,208.0,T,222.1,M,0.1,N,0.2,K,A*29
2026-05-31T13:29:04.5832298Z $GPZDA,132902,31,05,2026,04,00*46
2026-05-31T13:29:04.5832298Z !AIVDM,1,1,,,15Ngd70043Js>PhH>6Ne4rF80000,0*72
2026-05-31T13:29:04.6316221Z $IIHDG,311.7,,,14.0,W*01
2026-05-31T13:29:04.6959694Z $GPAAM,,,,N,*38
2026-05-31T13:29:04.7432810Z $GPAPB,,,,,,,,,,,,,,,N*26
2026-05-31T13:29:04.7432810Z $IIHDG,311.7,,,14.0,W*01
2026-05-31T13:29:04.7470005Z $GPBOD,,T,,M,,*47
2026-05-31T13:29:04.7909675Z !AIVDM,1,1,,,15O=hk561?JsH3pH>o3QJA?f0000,0*04
2026-05-31T13:29:04.8388082Z !AIVDM,1,1,,,19NSfbh000rrnu8H>W?3S8F20000,0*3F
2026-05-31T13:29:04.8870802Z $IIHDG,311.7,,,14.0,W*01
2026-05-31T13:29:04.9368489Z $GPRMB,,,,,,,,,,,,,,N*04
2026-05-31T13:29:04.9866281Z $GPXTE,,,,,N,N*5E
2026-05-31T13:29:04.9866281Z $IIHDG,311.7,,,14.0,W*01
2026-05-31T13:29:05.0309074Z $SDDBT,27.6,f,8.4,M,4.6,F*3B
2026-05-31T13:29:05.0778573Z $SDDPT,8.4,0.0,*77
2026-05-31T13:29:05.0778573Z $IIHDG,311.7,,,14.0,W*01
2026-05-31T13:29:05.0778573Z $SDMTW,14.8,C*09
2026-05-31T13:29:05.1273212Z $SDVLW,,N,39.8,N,3042.4,N,32.5,N*43
2026-05-31T13:29:05.1280751Z $SDVHW,297.6,T,311.7,M,0.0,N,0.0,K*4C
2026-05-31T13:29:05.1721059Z $IIHDG,311.7,,,14.0,W*01
2026-05-31T13:29:05.1721059Z $WIMWD,293.6,T,307.6,M,6.4,N,3.3,M*54
2026-05-31T13:29:05.2204016Z $WIMWV,356.1,R,6.0,N,A*24
2026-05-31T13:29:05.2204016Z $WIMWV,355.9,T,6.4,N,A*2D
2026-05-31T13:29:05.2665873Z !AIVDM,1,1,,,ENk`sl>`@@@@@@@@@@@@@@@@@@@=OTgH<LwsP00000000?,4*70
2026-05-31T13:29:05.2665873Z $IIHDG,311.6,,,14.0,W*00
2026-05-31T13:29:05.3137120Z $IIXDR,C,13.2,C,AIRTEMP,A,2.1,D,HEEL,A,0.2,D,TRIM,P,1.015,B,BARO,A,-0.1,D,RUDDER*31
2026-05-31T13:29:05.3620698Z $IIHDG,311.6,,,14.0,W*00
2026-05-31T13:29:05.3620698Z !AIVDM,1,1,,,15NO=dP000JroThH>Wt:H5T80000,0*4E
2026-05-31T13:29:05.4093836Z $GNGGA,132903,4230.0918,N,07050.4976,W,2,01,0.50,8,M,-32.6,M,,*44
2026-05-31T13:29:05.4093836Z $GPGLC,9960,,,13928.94,A,25847.49,A,44324.31,A,60280.08,A,,*7B
2026-05-31T13:29:05.4570023Z $GPGLL,4230.0918,N,07050.4976,W,132903,A,D*51
2026-05-31T13:29:05.4570023Z $IIHDG,311.6,,,14.0,W*00
2026-05-31T13:29:05.4570023Z $GNGSA,A,3,24,,,,,,,,,,,,0.70,0.50,0.60*1E
2026-05-31T13:29:05.4570023Z $GNGSV,3,1,11,01,11,054,,03,37,058,,06,62,250,,11,22,239,*62
2026-05-31T13:29:05.4570023Z $GNGSV,3,2,11,12,08,320,,14,39,166,,17,67,067,,19,68,324,*67
2026-05-31T13:29:05.4570023Z $GNGSV,3,3,11,22,58,174,,24,13,284,27,44,23,237,*50
2026-05-31T13:29:05.5376150Z $IIHDG,311.6,,,14.0,W*00
2026-05-31T13:29:05.6020513Z $GPRMC,132903,A,4230.0918,N,07050.4976,W,0.1,208.0,310526,14.1,W,D*23
2026-05-31T13:29:05.6020513Z $GPVTG,208.0,T,222.1,M,0.1,N,0.1,K,A*2A
2026-05-31T13:29:05.6020513Z $GPZDA,132903,31,05,2026,04,00*47
2026-05-31T13:29:05.6509904Z !AIVDM,1,1,,,15NKP50000rrsP0H@W@4LAp:0000,0*7C
2026-05-31T13:29:05.6509904Z $IIHDG,311.5,,,14.0,W*03
2026-05-31T13:29:05.6984677Z $GPAAM,,,,N,*38
2026-05-31T13:29:05.7437795Z $GPAPB,,,,,,,,,,,,,,,N*26
2026-05-31T13:29:05.7476785Z !AIVDM,2,1,4,,55O=hk000001L@s?SD0E8pE=@Tp6llu98U=<ET0t5P4251Nn000Slm3kc83@,0*40
2026-05-31T13:29:05.7476785Z !AIVDM,2,2,5,,H8888888803,2*1B
2026-05-31T13:29:05.7476785Z $GPBOD,,T,,M,,*47
2026-05-31T13:29:05.7958454Z $IIHDG,311.5,,,14.0,W*03
2026-05-31T13:29:05.8435991Z $IIHDG,311.4,,,14.0,W*02
2026-05-31T13:29:05.9105173Z $GPRMB,,,,,,,,,,,,,,N*04
2026-05-31T13:29:05.9666772Z !AIVDM,1,1,,,15NK=p0PStrsldpH=GU433480000,0*4A
2026-05-31T13:29:05.9666772Z $GPXTE,,,,,N,N*5E
2026-05-31T13:29:05.9666772Z $IIHDG,311.4,,,14.0,W*02
2026-05-31T13:29:06.0146670Z !AIVDM,1,1,,,153>KLP000rrh:0H?V``E6P80000,0*51
2026-05-31T13:29:06.0146670Z $SDDBT,27.6,f,8.4,M,4.6,F*3B
2026-05-31T13:29:06.0628459Z $SDDPT,8.4,0.0,*77
2026-05-31T13:29:06.0628459Z $IIHDG,311.3,,,14.0,W*05
2026-05-31T13:29:06.0628459Z $SDMTW,14.8,C*09
2026-05-31T13:29:06.1109254Z $SDVLW,,N,39.8,N,3042.4,N,32.5,N*43
2026-05-31T13:29:06.1109254Z $SDVHW,297.3,T,311.3,M,0.0,N,0.0,K*4D
2026-05-31T13:29:06.1585035Z $IIHDG,311.3,,,14.0,W*05
2026-05-31T13:29:06.2065437Z $WIMWD,294.3,T,308.4,M,6.0,N,3.1,M*5D
2026-05-31T13:29:06.2065437Z $WIMWV,357.0,R,6.1,N,A*25
2026-05-31T13:29:06.2065437Z $WIMWV,357.0,T,6.0,N,A*22
2026-05-31T13:29:06.2562069Z $IIHDG,311.2,,,14.0,W*04
2026-05-31T13:29:06.3182281Z $IIXDR,C,13.2,C,AIRTEMP,A,3.9,D,HEEL,A,0.6,D,TRIM,P,1.015,B,BARO,A,-0.6,D,RUDDER*3B
2026-05-31T13:29:06.3659704Z $IIHDG,311.1,,,14.0,W*07
2026-05-31T13:29:06.3659704Z !AIVDM,1,1,,,B52oU<@0vVfs5b65LSrI;wP00000,0*3D
2026-05-31T13:29:06.4139704Z $GNGGA,132904,4230.0918,N,07050.4976,W,2,00,0.50,8,M,-32.6,M,,*42
2026-05-31T13:29:06.4139704Z $GPGLC,9960,,,13928.94,A,25847.49,A,44324.31,A,60280.08,A,,*7B
2026-05-31T13:29:06.4638509Z $GPGLL,4230.0918,N,07050.4976,W,132904,A,D*56
2026-05-31T13:29:06.4638509Z $IIHDG,311.1,,,14.0,W*07
2026-05-31T13:29:06.4638509Z $GNGSA,A,3,,,,,,,,,,,,,0.70,0.50,0.60*18
2026-05-31T13:29:06.4638509Z $GNGSV,3,1,11,01,11,054,,03,37,058,,06,62,250,,11,22,239,*62
2026-05-31T13:29:06.4638509Z $GNGSV,3,2,11,12,08,320,,14,39,166,,17,67,067,,19,68,324,*67
2026-05-31T13:29:06.4638509Z $GNGSV,3,3,11,22,58,174,,24,13,284,,44,23,237,*55
2026-05-31T13:29:06.5411912Z !AIVDM,1,1,,,152l5Nh01`rsAF@H>mP19hv80000,0*6C
2026-05-31T13:29:06.5889044Z $IIHDG,311.0,,,14.0,W*06
2026-05-31T13:29:06.5889044Z $GPRMC,132904,A,4230.0918,N,07050.4976,W,0.1,208.0,310526,14.1,W,D*24
2026-05-31T13:29:06.5889044Z $GPVTG,208.0,T,222.1,M,0.1,N,0.1,K,A*2A
2026-05-31T13:29:06.5889044Z $GPZDA,132904,31,05,2026,04,00*40
2026-05-31T13:29:06.6528808Z $IIHDG,310.9,,,14.0,W*0E
2026-05-31T13:29:06.7005083Z $GPAAM,,,,N,*38
2026-05-31T13:29:06.7005083Z !AIVDM,1,1,,,15Ngd70042Js>N@H>6we5:F<0000,0*31
2026-05-31T13:29:06.7483790Z $GPAPB,,,,,,,,,,,,,,,N*26
2026-05-31T13:29:06.7483790Z $GPBOD,,T,,M,,*47
2026-05-31T13:29:06.7963170Z $IIHDG,310.8,,,14.0,W*0F
2026-05-31T13:29:06.8539974Z $IIHDG,310.8,,,14.0,W*0F
2026-05-31T13:29:06.9092361Z $GPRMB,,,,,,,,,,,,,,N*04
2026-05-31T13:29:06.9610794Z $GPXTE,,,,,N,N*5E
2026-05-31T13:29:06.9610794Z $IIHDG,310.7,,,14.0,W*00
2026-05-31T13:29:07.0135478Z $SDDBT,27.6,f,8.4,M,4.6,F*3B
2026-05-31T13:29:07.0670489Z $SDDPT,8.4,0.0,*77
2026-05-31T13:29:07.0670489Z $IIHDG,310.7,,,14.0,W*00
2026-05-31T13:29:07.0670489Z $SDMTW,14.8,C*09
2026-05-31T13:29:07.1153022Z $SDVLW,,N,39.8,N,3042.4,N,32.5,N*43
2026-05-31T13:29:07.1153022Z $SDVHW,296.6,T,310.7,M,0.0,N,0.0,K*4C
2026-05-31T13:29:07.1643711Z $IIHDG,310.6,,,14.0,W*01
2026-05-31T13:29:07.1643711Z !AIVDM,1,1,,,152Wpn<01IrsL<@H?mg2rB@42000,0*54
2026-05-31T13:29:07.2137037Z $WIMWD,295.4,T,309.4,M,5.6,N,2.9,M*56
2026-05-31T13:29:07.2137037Z $WIMWV,358.7,R,6.0,N,A*2C
2026-05-31T13:29:07.2137037Z $WIMWV,358.7,T,5.6,N,A*2F
2026-05-31T13:29:07.2137037Z !AIVDM,1,1,,,15NO=iPPP3Jrot`H>Wu=sVr<0000,0*14
2026-05-31T13:29:07.2599764Z $IIHDG,310.6,,,14.0,W*01
2026-05-31T13:29:07.3213497Z $IIXDR,C,13.2,C,AIRTEMP,A,2.8,D,HEEL,A,0.2,D,TRIM,P,1.015,B,BARO,A,-0.4,D,RUDDER*3D
2026-05-31T13:29:07.3690914Z $IIHDG,310.6,,,14.0,W*01
2026-05-31T13:29:07.4180093Z $GNGGA,132905,4230.0917,N,07050.4976,W,2,00,0.50,8,M,-32.6,M,,*4C
2026-05-31T13:29:07.4180093Z $GPGLC,9960,,,13928.94,A,25847.49,A,44324.31,A,60280.08,A,,*7B
2026-05-31T13:29:07.4660155Z $GPGLL,4230.0917,N,07050.4976,W,132905,A,D*58
2026-05-31T13:29:07.4660155Z $GNGSA,A,3,,,,,,,,,,,,,0.70,0.50,0.60*18
2026-05-31T13:29:07.4660155Z $GNGSV,3,1,11,01,11,054,,03,37,058,,06,62,250,,11,22,239,*62
2026-05-31T13:29:07.4660155Z $GNGSV,3,2,11,12,08,320,,14,39,166,,17,67,067,,19,68,324,*67
2026-05-31T13:29:07.4660155Z $GNGSV,3,3,11,22,58,174,,24,13,284,,44,23,237,*55
2026-05-31T13:29:07.5144545Z $IIHDG,310.5,,,14.0,W*02
2026-05-31T13:29:07.5601289Z $GPRMC,132905,A,4230.0917,N,07050.4976,W,0.1,208.0,310526,14.1,W,D*2A
2026-05-31T13:29:07.6083949Z $IIHDG,310.6,,,14.0,W*01
2026-05-31T13:29:07.6083949Z $GPVTG,208.0,T,222.1,M,0.1,N,0.2,K,A*29
2026-05-31T13:29:07.6083949Z $GPZDA,132905,31,05,2026,04,00*41
2026-05-31T13:29:07.6556672Z !AIVDM,1,1,,,H52amA@lTlT00000000000000000,0*15
2026-05-31T13:29:07.6556672Z !AIVDM,1,1,,,15MeF10P00JrjtHH@0caC?v>0000,0*3C
2026-05-31T13:29:07.7033767Z $IIHDG,310.6,,,14.0,W*01
2026-05-31T13:29:07.7033767Z $GPAAM,,,,N,*38
2026-05-31T13:29:07.7514137Z $GPAPB,,,,,,,,,,,,,,,N*26
2026-05-31T13:29:07.7514137Z !AIVDM,1,1,,,15N9sFP000rrsoPH@`gamDp>0000,0*04
2026-05-31T13:29:07.7514137Z $GPBOD,,T,,M,,*47
2026-05-31T13:29:07.7993492Z $IIHDG,310.6,,,14.0,W*01
2026-05-31T13:29:07.8778056Z $IIHDG,310.6,,,14.0,W*01
2026-05-31T13:29:07.9273243Z $GPRMB,,,,,,,,,,,,,,N*04
2026-05-31T13:29:07.9778071Z $GPXTE,,,,,N,N*5E
2026-05-31T13:29:08.0217529Z $IIHDG,310.6,,,14.0,W*01
2026-05-31T13:29:08.0217529Z $SDDBT,27.6,f,8.4,M,4.6,F*3B
2026-05-31T13:29:08.0701190Z $SDDPT,8.4,0.0,*77
2026-05-31T13:29:08.0701190Z $SDMTW,14.8,C*09
2026-05-31T13:29:08.1195431Z $IIHDG,310.6,,,14.0,W*01
2026-05-31T13:29:08.1195431Z $SDVLW,,N,39.8,N,3042.4,N,32.5,N*43
2026-05-31T13:29:08.1195431Z $SDVHW,296.5,T,310.6,M,0.0,N,0.0,K*4E
2026-05-31T13:29:08.1656918Z $WIMWD,294.3,T,308.4,M,5.9,N,3.0,M*56
2026-05-31T13:29:08.2163666Z $IIHDG,310.6,,,14.0,W*01
2026-05-31T13:29:08.2163666Z $WIMWV,357.9,R,5.9,N,A*27
2026-05-31T13:29:08.2163666Z $WIMWV,357.9,T,5.9,N,A*21
2026-05-31T13:29:08.2775562Z $IIHDG,310.6,,,14.0,W*01
2026-05-31T13:29:08.3263208Z $IIXDR,C,13.2,C,AIRTEMP,A,0.5,D,HEEL,A,0.3,D,TRIM,P,1.015,B,BARO,A,-0.3,D,RUDDER*34
2026-05-31T13:29:08.3734292Z $IIHDG,310.6,,,14.0,W*01
2026-05-31T13:29:08.4375231Z $GNGGA,132906,4230.0916,N,07050.4977,W,2,00,0.50,8,M,-32.6,M,,*4F
2026-05-31T13:29:08.4375231Z $GPGLC,9960,,,13928.94,A,25847.49,A,44324.31,A,60280.08,A,,*7B
2026-05-31T13:29:08.4375231Z $GPGLL,4230.0916,N,07050.4977,W,132906,A,D*5B
2026-05-31T13:29:08.4860837Z $GNGSA,A,3,,,,,,,,,,,,,0.70,0.50,0.60*18
2026-05-31T13:29:08.4860837Z $GNGSV,3,1,11,01,11,054,,03,37,058,,06,62,250,,11,22,239,*62
2026-05-31T13:29:08.4860837Z $GNGSV,3,2,11,12,08,320,,14,39,166,,17,67,068,,19,68,324,*68
2026-05-31T13:29:08.4860837Z $GNGSV,3,3,11,22,58,174,,24,13,284,,44,23,237,*55
2026-05-31T13:29:08.4860837Z $IIHDG,310.6,,,14.0,W*01
2026-05-31T13:29:08.5497779Z $GPRMC,132906,A,4230.0916,N,07050.4977,W,0.1,208.0,310526,14.1,W,D*29
2026-05-31T13:29:08.6183111Z $GPVTG,208.0,T,222.1,M,0.1,N,0.2,K,A*29
2026-05-31T13:29:08.6183111Z $IIHDG,310.6,,,14.0,W*01
2026-05-31T13:29:08.6183111Z $GPZDA,132906,31,05,2026,04,00*42
2026-05-31T13:29:08.6601749Z !AIVDM,1,1,,,15Ngd70042Js>K`H>7P=4JF@0000,0*67
2026-05-31T13:29:08.7080776Z $GPAAM,,,,N,*38
2026-05-31T13:29:08.7080776Z $IIHDG,310.6,,,14.0,W*01
2026-05-31T13:29:08.7558406Z $GPAPB,,,,,,,,,,,,,,,N*26
2026-05-31T13:29:08.7558406Z $GPBOD,,T,,M,,*47
2026-05-31T13:29:08.8043628Z $IIHDG,310.6,,,14.0,W*01
2026-05-31T13:29:08.8816674Z $IIHDG,310.6,,,14.0,W*01
2026-05-31T13:29:08.9298153Z $GPRMB,,,,,,,,,,,,,,N*04
2026-05-31T13:29:08.9838647Z $GPXTE,,,,,N,N*5E
2026-05-31T13:29:09.0258035Z $IIHDG,310.6,,,14.0,W*01
2026-05-31T13:29:09.0258035Z !AIVDM,1,1,,,15NQsE?P00rtNWPHH3`<2gv>2000,0*1A
2026-05-31T13:29:09.0258035Z $SDDBT,27.6,f,8.4,M,4.6,F*3B
2026-05-31T13:29:09.0736890Z $SDDPT,8.4,0.0,*77
2026-05-31T13:29:09.0736890Z $SDMTW,14.8,C*09
2026-05-31T13:29:09.1217061Z $IIHDG,310.5,,,14.0,W*02
2026-05-31T13:29:09.1217061Z $SDVLW,,N,39.8,N,3042.4,N,32.5,N*43
2026-05-31T13:29:09.1217061Z $SDVHW,296.5,T,310.5,M,0.0,N,0.0,K*4D
2026-05-31T13:29:09.1701898Z $WIMWD,292.3,T,306.3,M,6.0,N,3.1,M*52
2026-05-31T13:29:09.2192180Z $IIHDG,310.5,,,14.0,W*02
2026-05-31T13:29:09.2192180Z $WIMWV,356.0,R,5.9,N,A*2F
2026-05-31T13:29:09.2192180Z $WIMWV,356.0,T,6.0,N,A*23
2026-05-31T13:29:09.2667266Z !AIVDM,1,1,,,E>k`vt<r0h@@@@@@@@@@@@@@@@@=MwTH<E=u@00000000?,4*12
2026-05-31T13:29:09.3195539Z $IIHDG,310.4,,,14.0,W*03
2026-05-31T13:29:09.3636199Z $IIXDR,C,13.2,C,AIRTEMP,A,1.2,D,HEEL,A,0.3,D,TRIM,P,1.015,B,BARO,A,-0.2,D,RUDDER*33
2026-05-31T13:29:09.4109472Z $GNGGA,132907,4230.0917,N,07050.4975,W,2,00,0.50,8,M,-32.6,M,,*4D
2026-05-31T13:29:09.4109472Z $IIHDG,310.4,,,14.0,W*03
2026-05-31T13:29:09.4109472Z $GPGLC,9960,,,13928.94,A,25847.49,A,44324.31,A,60280.08,A,,*7B
2026-05-31T13:29:09.4584031Z $GPGLL,4230.0917,N,07050.4975,W,132907,A,D*59
2026-05-31T13:29:09.4584031Z $GNGSA,A,3,,,,,,,,,,,,,0.70,0.50,0.50*1B
2026-05-31T13:29:09.4584031Z $GNGSV,3,1,11,01,11,054,,03,37,058,,06,62,250,,11,22,239,*62
2026-05-31T13:29:09.4584031Z $GNGSV,3,2,11,12,08,320,,14,39,166,,17,67,068,,19,68,324,*68
2026-05-31T13:29:09.4584031Z $GNGSV,3,3,11,22,58,174,,24,13,284,,44,23,237,*55
2026-05-31T13:29:09.5087905Z $IIHDG,310.3,,,14.0,W*04
2026-05-31T13:29:09.5551460Z $GPRMC,132907,A,4230.0916,N,07050.4975,W,0.1,208.0,310526,14.1,W,D*2A
2026-05-31T13:29:09.6036693Z $GPVTG,208.0,T,222.1,M,0.1,N,0.1,K,A*2A
2026-05-31T13:29:09.6036693Z $GPZDA,132907,31,05,2026,04,00*43
2026-05-31T13:29:09.6036693Z $IIHDG,310.3,,,14.0,W*04
2026-05-31T13:29:09.6511269Z !AIVDM,1,1,,,352l5NhOQ`rsAH8H>mjQ9i0>0000,0*1C
2026-05-31T13:29:09.7093815Z $GPAAM,,,,N,*38
2026-05-31T13:29:09.7105820Z !AIVDM,1,1,,,H5Nc8PTT0000000G49mlik0`5040,0*77
2026-05-31T13:29:09.7105820Z $IIHDG,310.2,,,14.0,W*05
2026-05-31T13:29:09.7624960Z $GPAPB,,,,,,,,,,,,,,,N*26
2026-05-31T13:29:09.7624960Z $GPBOD,,T,,M,,*47
2026-05-31T13:29:09.8119962Z $IIHDG,310.2,,,14.0,W*05
2026-05-31T13:29:09.8581440Z !AIVDM,1,1,,,15NK=p0PStrslpPH=GCT432@0000,0*71
2026-05-31T13:29:09.9075835Z $IIHDG,310.1,,,14.0,W*06
2026-05-31T13:29:09.9531078Z $GPRMB,,,,,,,,,,,,,,N*04
2026-05-31T13:29:09.9531078Z $GPXTE,,,,,N,N*5E
2026-05-31T13:29:10.0014023Z $IIHDG,310.1,,,14.0,W*06
2026-05-31T13:29:10.0660226Z $SDDBT,27.6,f,8.4,M,4.6,F*3B
2026-05-31T13:29:10.0660226Z $SDDPT,8.4,0.0,*77
2026-05-31T13:29:10.1217151Z $SDMTW,14.8,C*09
2026-05-31T13:29:10.1217151Z $IIHDG,310.0,,,14.0,W*07
2026-05-31T13:29:10.1217151Z $SDVLW,,N,39.8,N,3042.4,N,32.5,N*43
2026-05-31T13:29:10.1217151Z $SDVHW,295.9,T,310.0,M,0.0,N,0.0,K*47
2026-05-31T13:29:10.1779324Z $WIMWD,292.3,T,306.4,M,5.6,N,2.9,M*59
2026-05-31T13:29:10.2257271Z !AIVDM,1,1,,,E>k`vt<r0h@@@@@@@@@@@@@@@@@=MwTH<E=u@00000000?,4*12
2026-05-31T13:29:10.2257271Z $IIHDG,310.0,,,14.0,W*07
2026-05-31T13:29:10.2257271Z $WIMWV,356.4,R,5.9,N,A*2B
2026-05-31T13:29:10.2257271Z $WIMWV,356.2,T,5.6,N,A*24
2026-05-31T13:29:10.2738160Z !AIVDM,1,1,,,18I<UK0w@=rt@9@HC4=1Q1gf0000,0*52
2026-05-31T13:29:10.3376915Z $IIHDG,309.9,,,14.0,W*06
2026-05-31T13:29:10.3376915Z $IIXDR,C,13.2,C,AIRTEMP,A,3.9,D,HEEL,A,0.3,D,TRIM,P,1.015,B,BARO,A,-0.3,D,RUDDER*3B
2026-05-31T13:29:10.3859703Z !AIVDM,1,1,,,352l5NhOQ`rsAHhH>mq1:14@0000,0*16
2026-05-31T13:29:10.3859703Z $GNGGA,132908,4230.0917,N,07050.4975,W,2,00,0.50,8,M,-32.6,M,,*42
2026-05-31T13:29:10.4374846Z $IIHDG,309.9,,,14.0,W*06
2026-05-31T13:29:10.4374846Z $GPGLC,9960,,,13928.94,A,25847.49,A,44324.31,A,60280.08,A,,*7B
2026-05-31T13:29:10.4374846Z $GPGLL,4230.0917,N,07050.4975,W,132908,A,D*56
2026-05-31T13:29:10.4811344Z $GNGSA,A,3,,,,,,,,,,,,,0.70,0.50,0.50*1B
2026-05-31T13:29:10.4811344Z $GNGSV,3,1,11,01,11,054,,03,37,058,,06,62,250,,11,22,239,*62
2026-05-31T13:29:10.4811344Z $GNGSV,3,2,11,12,08,320,,14,39,166,,17,67,068,,19,68,324,*68
2026-05-31T13:29:10.4811344Z $GNGSV,3,3,11,22,58,174,,24,13,284,,44,23,237,*55
2026-05-31T13:29:10.5296250Z $IIHDG,309.8,,,14.0,W*07
2026-05-31T13:29:10.5774301Z $GPRMC,132908,A,4230.0917,N,07050.4975,W,0.1,208.0,310526,14.1,W,D*24
2026-05-31T13:29:10.6261852Z $GPVTG,208.0,T,222.1,M,0.1,N,0.1,K,A*2A
2026-05-31T13:29:10.6261852Z $GPZDA,132908,31,05,2026,04,00*4C
2026-05-31T13:29:10.6261852Z $IIHDG,309.8,,,14.0,W*07
2026-05-31T13:29:10.6731043Z $GPAAM,,,,N,*38
2026-05-31T13:29:10.7390021Z $IIHDG,309.8,,,14.0,W*07
2026-05-31T13:29:10.7390021Z $GPAPB,,,,,,,,,,,,,,,N*26
2026-05-31T13:29:10.7390021Z !AIVDM,1,1,,,15Ngd70OT3Js>I8H>80e5JHD0000,0*1F
2026-05-31T13:29:10.7847989Z $GPBOD,,T,,M,,*47
2026-05-31T13:29:10.8328757Z $IIHDG,309.7,,,14.0,W*08
2026-05-31T13:29:10.8809753Z $IIHDG,309.7,,,14.0,W*08
2026-05-31T13:29:10.9449623Z $GPRMB,,,,,,,,,,,,,,N*04
2026-05-31T13:29:10.9449623Z $GPXTE,,,,,N,N*5E
2026-05-31T13:29:10.9987881Z $IIHDG,309.7,,,14.0,W*08
2026-05-31T13:29:11.0577148Z $SDDBT,27.6,f,8.4,M,4.6,F*3B
2026-05-31T13:29:11.0593280Z $SDDPT,8.4,0.0,*77
2026-05-31T13:29:11.1036283Z $SDMTW,14.8,C*09
2026-05-31T13:29:11.1036283Z $IIHDG,309.7,,,14.0,W*08
2026-05-31T13:29:11.1036283Z $SDVLW,,N,39.8,N,3042.4,N,32.5,N*43
2026-05-31T13:29:11.1036283Z $SDVHW,295.6,T,309.7,M,0.0,N,0.0,K*47
2026-05-31T13:29:11.1519876Z $WIMWD,294.2,T,308.2,M,5.3,N,2.8,M*52
2026-05-31T13:29:11.2158701Z $IIHDG,309.7,,,14.0,W*08
2026-05-31T13:29:11.2158701Z $WIMWV,358.0,R,5.7,N,A*2F
2026-05-31T13:29:11.2158701Z $WIMWV,358.3,T,5.3,N,A*2E
2026-05-31T13:29:11.2886375Z $IIHDG,309.7,,,14.0,W*08
2026-05-31T13:29:11.3363978Z $IIXDR,C,13.2,C,AIRTEMP,A,4.5,D,HEEL,A,0.0,D,TRIM,P,1.015,B,BARO,A,-0.4,D,RUDDER*34
2026-05-31T13:29:11.3842085Z $GNGGA,132909,4230.0916,N,07050.4975,W,2,00,0.50,8,M,-32.6,M,,*42
2026-05-31T13:29:11.4326658Z $IIHDG,309.7,,,14.0,W*08
2026-05-31T13:29:11.4326658Z $GPGLC,9960,,,13928.94,A,25847.49,A,44324.31,A,60280.08,A,,*7B
2026-05-31T13:29:11.4326658Z $GPGLL,4230.0916,N,07050.4975,W,132909,A,D*56
2026-05-31T13:29:11.4808255Z $GNGSA,A,3,,,,,,,,,,,,,0.70,0.50,0.50*1B
2026-05-31T13:29:11.4808255Z $GNGSV,3,1,11,01,11,054,,03,37,058,,06,62,250,,11,22,239,*62
2026-05-31T13:29:11.4808255Z $GNGSV,3,2,11,12,08,320,,14,39,166,,17,67,068,,19,68,324,*68
2026-05-31T13:29:11.4808255Z $GNGSV,3,3,11,22,58,174,,24,13,284,,44,23,237,*55
2026-05-31T13:29:11.5292348Z $IIHDG,309.7,,,14.0,W*08
2026-05-31T13:29:11.5772699Z $GPRMC,132909,A,4230.0916,N,07050.4975,W,0.1,208.0,310526,14.1,W,D*24
2026-05-31T13:29:11.6258798Z $GPVTG,208.0,T,222.1,M,0.1,N,0.1,K,A*2A
2026-05-31T13:29:11.6258798Z $GPZDA,132909,31,05,2026,04,00*4D
2026-05-31T13:29:11.6258798Z $IIHDG,309.7,,,14.0,W*08
2026-05-31T13:29:11.6727688Z $GPAAM,,,,N,*38
2026-05-31T13:29:11.7366256Z $IIHDG,309.7,,,14.0,W*08
2026-05-31T13:29:11.7366256Z $GPAPB,,,,,,,,,,,,,,,N*26
2026-05-31T13:29:11.7366256Z !AIVDM,1,1,,,B52oU<@0hFfs3F65LMrIWwP00000,0*63
2026-05-31T13:29:11.7878024Z $GPBOD,,T,,M,,*47
2026-05-31T13:29:11.8641317Z $IIHDG,309.7,,,14.0,W*08
2026-05-31T13:29:11.9121812Z !AIVDM,1,1,,,15NK=p0040rslv8H=G;Swk2D0000,0*3C
2026-05-31T13:29:11.9623446Z $GPRMB,,,,,,,,,,,,,,N*04
2026-05-31T13:29:11.9623446Z $GPXTE,,,,,N,N*5E
2026-05-31T13:29:12.0084552Z $IIHDG,309.7,,,14.0,W*08
2026-05-31T13:29:12.0566087Z $SDDBT,27.6,f,8.4,M,4.6,F*3B
2026-05-31T13:29:12.0566087Z $SDDPT,8.4,0.0,*77
2026-05-31T13:29:12.1045282Z $SDMTW,14.8,C*09
2026-05-31T13:29:12.1045282Z $IIHDG,309.7,,,14.0,W*08
2026-05-31T13:29:12.1045282Z $SDVLW,,N,39.8,N,3042.4,N,32.5,N*43
2026-05-31T13:29:12.1045282Z $SDVHW,295.6,T,309.7,M,0.0,N,0.0,K*47
2026-05-31T13:29:12.1685391Z $WIMWD,294.1,T,308.2,M,5.3,N,2.7,M*5E
2026-05-31T13:29:12.2164722Z $IIHDG,309.7,,,14.0,W*08
2026-05-31T13:29:12.2164722Z $WIMWV,358.4,R,5.5,N,A*29
2026-05-31T13:29:12.2164722Z $WIMWV,358.5,T,5.3,N,A*28
2026-05-31T13:29:12.2641447Z $IIHDG,309.7,,,14.0,W*08
2026-05-31T13:29:12.3288724Z $IIXDR,C,13.2,C,AIRTEMP,A,2.5,D,HEEL,A,0.2,D,TRIM,P,1.015,B,BARO,A,-0.4,D,RUDDER*30
2026-05-31T13:29:12.3747513Z $IIHDG,309.6,,,14.0,W*09
2026-05-31T13:29:12.4216884Z $GNGGA,132910,4230.0917,N,07050.4975,W,2,01,0.50,8,M,-32.6,M,,*4A
2026-05-31T13:29:12.4216884Z $GPGLC,9960,,,13928.94,A,25847.49,A,44324.31,A,60280.08,A,,*7B
2026-05-31T13:29:12.4706731Z $GPGLL,4230.0917,N,07050.4975,W,132910,A,D*5F
2026-05-31T13:29:12.4706731Z $GNGSA,A,3,12,,,,,,,,,,,,0.70,0.50,0.50*18
2026-05-31T13:29:12.4706731Z $GNGSV,3,1,11,01,11,054,,03,37,058,,06,62,250,,11,22,239,*62
2026-05-31T13:29:12.4706731Z $GNGSV,3,2,11,12,08,320,26,14,39,166,,17,67,068,,19,68,324,*6C
2026-05-31T13:29:12.4706731Z $GNGSV,3,3,11,22,58,174,,24,13,284,,44,23,237,*55
2026-05-31T13:29:12.5169924Z $IIHDG,309.6,,,14.0,W*09
2026-05-31T13:29:12.5656980Z $GPRMC,132910,A,4230.0916,N,07050.4975,W,0.1,208.0,310526,14.1,W,D*2C
2026-05-31T13:29:12.6132710Z $IIHDG,309.6,,,14.0,W*09
2026-05-31T13:29:12.6132710Z $GPVTG,208.0,T,222.1,M,0.1,N,0.1,K,A*2A
2026-05-31T13:29:12.6132710Z $GPZDA,132910,31,05,2026,04,00*45
2026-05-31T13:29:12.6607427Z !AIVDM,1,1,,,B5OElb00:FfrD465GlHQtHP00000,0*61
2026-05-31T13:29:12.7104055Z !AIVDM,1,1,,,15Ngd70OT3Js>FPH>8Qe7JHH0000,0*17
2026-05-31T13:29:12.7126564Z $IIHDG,309.6,,,14.0,W*09
2026-05-31T13:29:12.7126564Z $GPAAM,,,,N,*38
2026-05-31T13:29:12.7561068Z $GPAPB,,,,,,,,,,,,,,,N*26
2026-05-31T13:29:12.7561068Z $GPBOD,,T,,M,,*47
2026-05-31T13:29:12.8044322Z $IIHDG,309.5,,,14.0,W*0A
2026-05-31T13:29:12.8843975Z $IIHDG,309.5,,,14.0,W*0A
2026-05-31T13:29:12.9328833Z $GPRMB,,,,,,,,,,,,,,N*04
2026-05-31T13:29:12.9796532Z $GPXTE,,,,,N,N*5E
2026-05-31T13:29:13.0297184Z $IIHDG,309.5,,,14.0,W*0A
2026-05-31T13:29:13.0297184Z $SDDBT,27.6,f,8.4,M,4.6,F*3B
2026-05-31T13:29:13.0751924Z $SDDPT,8.4,0.0,*77
2026-05-31T13:29:13.0751924Z $SDMTW,14.8,C*09
2026-05-31T13:29:13.1230895Z $IIHDG,309.5,,,14.0,W*0A
2026-05-31T13:29:13.1230895Z $SDVLW,,N,39.8,N,3042.4,N,32.5,N*43
2026-05-31T13:29:13.1230895Z $SDVHW,295.4,T,309.5,M,0.0,N,0.0,K*47
2026-05-31T13:29:13.1230895Z !AIVDM,1,1,,,35NO=iPPP3JrotPH>Wv=r6pH0000,0*32
2026-05-31T13:29:13.1713645Z $WIMWD,293.3,T,307.3,M,5.3,N,2.7,M*55
2026-05-31T13:29:13.2190836Z $IIHDG,309.5,,,14.0,W*0A
2026-05-31T13:29:13.2190836Z $WIMWV,357.7,R,5.4,N,A*24
2026-05-31T13:29:13.2190836Z $WIMWV,357.8,T,5.3,N,A*2A
2026-05-31T13:29:13.2675355Z !AIVDM,1,1,,,ENk`sl>`@@@@@@@@@@@@@@@@@@@=OTgH<LwsP00000000?,4*70
2026-05-31T13:29:13.3155876Z $IIHDG,309.5,,,14.0,W*0A
2026-05-31T13:29:13.3643997Z $IIXDR,C,13.2,C,AIRTEMP,A,0.7,D,HEEL,A,0.2,D,TRIM,P,1.015,B,BARO,A,-0.1,D,RUDDER*35
2026-05-31T13:29:13.4112299Z !AIVDM,1,1,,,15MnF7<00DJrrE@H>hod<9RJ0000,0*0E
2026-05-31T13:29:13.4112299Z $GNGGA,132911,4230.0916,N,07050.4976,W,2,00,0.50,8,M,-32.6,M,,*48
2026-05-31T13:29:13.4112299Z $IIHDG,309.5,,,14.0,W*0A
2026-05-31T13:29:13.4112299Z $GPGLC,9960,,,13928.94,A,25847.49,A,44324.31,A,60280.08,A,,*7B
2026-05-31T13:29:13.4590765Z $GPGLL,4230.0916,N,07050.4976,W,132911,A,D*5C
2026-05-31T13:29:13.4590765Z $GNGSA,A,3,,,,,,,,,,,,,0.70,0.50,0.50*1B
2026-05-31T13:29:13.4590765Z $GNGSV,3,1,11,01,11,054,,03,37,058,,06,62,250,,11,22,239,*62
2026-05-31T13:29:13.4590765Z $GNGSV,3,2,11,12,08,320,,14,39,166,,17,67,068,,19,68,324,*68
2026-05-31T13:29:13.4590765Z $GNGSV,3,3,11,22,58,174,,24,13,284,,44,23,237,*55
2026-05-31T13:29:13.5074590Z !AIVDM,1,1,,,15NQUM4P00rrksHH>tq>4?vH2000,0*2A
2026-05-31T13:29:13.5074590Z $IIHDG,309.5,,,14.0,W*0A
2026-05-31T13:29:13.5620827Z $GPRMC,132911,A,4230.0916,N,07050.4977,W,0.1,208.0,310526,14.1,W,D*2F
2026-05-31T13:29:13.6038207Z $GPVTG,208.0,T,222.1,M,0.1,N,0.1,K,A*2A
2026-05-31T13:29:13.6038207Z $GPZDA,132911,31,05,2026,04,00*44
2026-05-31T13:29:13.6038207Z $IIHDG,309.5,,,14.0,W*0A
2026-05-31T13:29:13.6523913Z !AIVDM,1,1,,,352l5NhOQ`rsAJPH>n;Q<A6F0000,0*77
2026-05-31T13:29:13.7020444Z $GPAAM,,,,N,*38
2026-05-31T13:29:13.7020444Z $IIHDG,309.5,,,14.0,W*0A
2026-05-31T13:29:13.7526280Z $GPAPB,,,,,,,,,,,,,,,N*26
2026-05-31T13:29:13.7526280Z !AIVDM,1,1,,,15NO=g;P00JrjqhH@0w<bOvF2000,0*74
2026-05-31T13:29:13.7526280Z $GPBOD,,T,,M,,*47
2026-05-31T13:29:13.7951118Z $IIHDG,309.5,,,14.0,W*0A
2026-05-31T13:29:13.8905480Z $IIHDG,309.5,,,14.0,W*0A
2026-05-31T13:29:13.9393232Z $GPRMB,,,,,,,,,,,,,,N*04
2026-05-31T13:29:13.9393232Z $GPXTE,,,,,N,N*5E
2026-05-31T13:29:13.9859237Z !AIVDM,1,1,,,15NK=p003vrsm3pH=G43w34H0000,0*4C
2026-05-31T13:29:14.0338870Z $IIHDG,309.5,,,14.0,W*0A
2026-05-31T13:29:14.0338870Z $SDDBT,27.6,f,8.4,M,4.6,F*3B
2026-05-31T13:29:14.0839484Z $SDDPT,8.4,0.0,*77
2026-05-31T13:29:14.0839484Z $SDMTW,14.8,C*09
2026-05-31T13:29:14.1324224Z $IIHDG,309.5,,,14.0,W*0A
2026-05-31T13:29:14.1324224Z $SDVLW,,N,39.8,N,3042.4,N,32.5,N*43
2026-05-31T13:29:14.1324224Z $SDVHW,295.4,T,309.5,M,0.0,N,0.0,K*47
2026-05-31T13:29:14.1324224Z !AIVDM,1,1,,,35NwCQPPP0rs>PhHBg5;0qrH0000,0*35
2026-05-31T13:29:14.1780026Z $WIMWD,292.4,T,306.5,M,5.7,N,2.9,M*5E
2026-05-31T13:29:14.1815081Z !AIVDM,1,1,,,ENk`sl>`@@@@@@@@@@@@@@@@@@@=OTgH<LwsP00000000?,4*70
2026-05-31T13:29:14.2260542Z $IIHDG,309.5,,,14.0,W*0A
2026-05-31T13:29:14.2260542Z $WIMWV,356.9,R,5.5,N,A*2A
2026-05-31T13:29:14.2260542Z $WIMWV,356.9,T,5.7,N,A*2E
2026-05-31T13:29:14.2260542Z !AIVDM,1,1,,,15O=hk52A?JsH90H>odQKi>80000,0*1B
2026-05-31T13:29:14.2898021Z $IIHDG,309.5,,,14.0,W*0A
2026-05-31T13:29:14.3377837Z $IIXDR,C,13.2,C,AIRTEMP,A,1.1,D,HEEL,A,0.2,D,TRIM,P,1.015,B,BARO,A,-0.4,D,RUDDER*37
2026-05-31T13:29:14.3895782Z $GNGGA,132912,4230.0916,N,07050.4975,W,2,00,0.50,8,M,-32.6,M,,*48
2026-05-31T13:29:14.4334965Z $IIHDG,309.5,,,14.0,W*0A
2026-05-31T13:29:14.4334965Z $GPGLC,9960,,,13928.94,A,25847.49,A,44324.31,A,60280.08,A,,*7B
2026-05-31T13:29:14.4334965Z $GPGLL,4230.0916,N,07050.4975,W,132912,A,D*5C
2026-05-31T13:29:14.4815428Z $GNGSA,A,3,,,,,,,,,,,,,0.70,0.50,0.50*1B
2026-05-31T13:29:14.4815428Z $GNGSV,3,1,11,01,11,054,,03,37,058,,06,62,250,,11,22,239,*62
2026-05-31T13:29:14.4815428Z $GNGSV,3,2,11,12,08,320,,14,39,166,,17,67,068,,19,68,324,*68
2026-05-31T13:29:14.4815428Z $GNGSV,3,3,11,22,58,174,,24,13,284,,44,23,237,*55
2026-05-31T13:29:14.5319258Z $IIHDG,309.5,,,14.0,W*0A
2026-05-31T13:29:14.5768036Z !AIVDM,1,1,,,15Ngd70045Js>D0H>92e8bHL0000,0*2D
2026-05-31T13:29:14.5768036Z $GPRMC,132912,A,4230.0916,N,07050.4975,W,0.1,208.0,310526,14.1,W,D*2E
2026-05-31T13:29:14.6256864Z $GPVTG,208.0,T,222.1,M,0.1,N,0.1,K,A*2A
2026-05-31T13:29:14.6256864Z $GPZDA,132912,31,05,2026,04,00*47
2026-05-31T13:29:14.6256864Z $IIHDG,309.5,,,14.0,W*0A
2026-05-31T13:29:14.6725437Z !AIVDM,1,1,,,15NO=dP000JroU0H>Wq:H5VL0000,0*64
2026-05-31T13:29:14.7219464Z $GPAAM,,,,N,*38
2026-05-31T13:29:14.7219464Z $IIHDG,309.5,,,14.0,W*0A
2026-05-31T13:29:14.7219464Z $GPAPB,,,,,,,,,,,,,,,N*26
2026-05-31T13:29:14.7679485Z $GPBOD,,T,,M,,*47
2026-05-31T13:29:14.8154804Z $IIHDG,309.5,,,14.0,W*0A
2026-05-31T13:29:14.8633540Z !AIVDM,1,1,,,19NSfbh000rrnu8H>W?3S8FF0000,0*4B
2026-05-31T13:29:14.9110613Z $IIHDG,309.5,,,14.0,W*0A
2026-05-31T13:29:14.9590869Z $GPRMB,,,,,,,,,,,,,,N*04
2026-05-31T13:29:14.9590869Z $GPXTE,,,,,N,N*5E
2026-05-31T13:29:15.0079351Z $IIHDG,309.5,,,14.0,W*0A
2026-05-31T13:29:15.0549661Z $SDDBT,27.6,f,8.4,M,4.6,F*3B
2026-05-31T13:29:15.0549661Z $SDDPT,8.4,0.0,*77
2026-05-31T13:29:15.1026218Z $SDMTW,14.8,C*09
2026-05-31T13:29:15.1026218Z $SDVLW,,N,39.8,N,3042.4,N,32.5,N*43
2026-05-31T13:29:15.1026218Z $IIHDG,309.5,,,14.0,W*0A
2026-05-31T13:29:15.1508823Z $SDVHW,295.4,T,309.5,M,0.0,N,0.0,K*47
2026-05-31T13:29:15.1989702Z $WIMWD,292.9,T,307.0,M,6.1,N,3.1,M*5B
2026-05-31T13:29:15.1989702Z $WIMWV,357.6,R,5.6,N,A*27
2026-05-31T13:29:15.1989702Z $WIMWV,357.8,T,6.1,N,A*2B
2026-05-31T13:29:15.2470012Z $IIHDG,309.4,,,14.0,W*0B
2026-05-31T13:29:15.2947236Z $IIHDG,309.4,,,14.0,W*0B
2026-05-31T13:29:15.3442180Z $IIXDR,C,13.2,C,AIRTEMP,A,3.4,D,HEEL,A,0.4,D,TRIM,P,1.015,B,BARO,A,-0.2,D,RUDDER*30
2026-05-31T13:29:15.3907147Z $GNGGA,132913,4230.0917,N,07050.4974,W,2,00,0.50,8,M,-32.6,M,,*49
2026-05-31T13:29:15.4418124Z $IIHDG,309.3,,,14.0,W*0C
2026-05-31T13:29:15.4418124Z $GPGLC,9960,,,13928.94,A,25847.49,A,44324.31,A,60280.08,A,,*7B
2026-05-31T13:29:15.4418124Z $GPGLL,4230.0917,N,07050.4974,W,132913,A,D*5D
2026-05-31T13:29:15.4866734Z $GNGSA,A,3,,,,,,,,,,,,,0.70,0.50,0.50*1B
2026-05-31T13:29:15.4866734Z $GNGSV,3,1,11,01,11,054,,03,37,058,,06,62,250,,11,22,239,*62
2026-05-31T13:29:15.4866734Z $GNGSV,3,2,11,12,08,320,,14,39,166,,17,67,068,,19,68,324,*68
2026-05-31T13:29:15.4866734Z $GNGSV,3,3,11,22,58,174,,24,13,284,,44,23,237,*55
2026-05-31T13:29:15.5363566Z $IIHDG,309.3,,,14.0,W*0C
2026-05-31T13:29:15.5825147Z $GPRMC,132913,A,4230.0917,N,07050.4974,W,0.0,208.0,310526,14.1,W,D*2E
2026-05-31T13:29:15.6305931Z $GPVTG,208.0,T,222.1,M,0.0,N,0.1,K,A*2B
2026-05-31T13:29:15.6305931Z $GPZDA,132913,31,05,2026,04,00*46
2026-05-31T13:29:15.6305931Z $IIHDG,309.3,,,14.0,W*0C
2026-05-31T13:29:15.6789867Z !AIVDM,1,1,,,15NKP50000rrsOPH@WC4LApN0000,0*74
2026-05-31T13:29:15.7271898Z $GPAAM,,,,N,*38
2026-05-31T13:29:15.7271898Z $IIHDG,309.2,,,14.0,W*0D
2026-05-31T13:29:15.7271898Z $GPAPB,,,,,,,,,,,,,,,N*26
2026-05-31T13:29:15.7755770Z $GPBOD,,T,,M,,*47
2026-05-31T13:29:15.7755770Z !AIVDM,1,1,,,B52T9P@0;>fvth65`5J6gwP00000,0*3C
2026-05-31T13:29:15.8237845Z $IIHDG,309.2,,,14.0,W*0D
2026-05-31T13:29:15.8237845Z !AIVDM,1,1,,,35NwCQPPP0rs>PhHBg5;0qrJ0000,0*37
2026-05-31T13:29:15.8880514Z $IIHDG,309.1,,,14.0,W*0E
2026-05-31T13:29:15.9522221Z $GPRMB,,,,,,,,,,,,,,N*04
2026-05-31T13:29:15.9522221Z $GPXTE,,,,,N,N*5E
2026-05-31T13:29:16.0004955Z $IIHDG,309.1,,,14.0,W*0E
2026-05-31T13:29:16.0483719Z $SDDBT,27.6,f,8.4,M,4.6,F*3B
2026-05-31T13:29:16.0483719Z $SDDPT,8.4,0.0,*77
2026-05-31T13:29:16.0958573Z $SDMTW,14.8,C*09
2026-05-31T13:29:16.0958573Z !AIVDM,1,1,,,15N9sFP000rrso@H@`g9mDpN0000,0*3C
2026-05-31T13:29:16.0958573Z !AIVDM,1,1,,,15NK=p0040rsm9pH=FtT2C4L0000,0*10
2026-05-31T13:29:16.0958573Z $SDVLW,,N,39.8,N,3042.4,N,32.5,N*43
2026-05-31T13:29:16.1441365Z $IIHDG,309.1,,,14.0,W*0E
2026-05-31T13:29:16.1441365Z $SDVHW,295.1,T,309.1,M,0.0,N,0.0,K*46
2026-05-31T13:29:16.1441365Z !AIVDM,1,1,,,B52oU<@0OFfs1065LG2KSwP00000,0*7C
2026-05-31T13:29:16.1923252Z $WIMWD,294.6,T,308.7,M,5.9,N,3.0,M*50
2026-05-31T13:29:16.2399278Z $WIMWV,359.6,R,5.8,N,A*27
2026-05-31T13:29:16.2399278Z $WIMWV,359.7,T,5.9,N,A*21
2026-05-31T13:29:16.2399278Z $IIHDG,309.1,,,14.0,W*0E
2026-05-31T13:29:16.3035217Z $IIHDG,309.1,,,14.0,W*0E
2026-05-31T13:29:16.3515238Z !AIVDM,1,1,,,18IPTf0PQMrsAU@H>gj1VhpD0000,0*2C
2026-05-31T13:29:16.3515238Z $IIXDR,C,13.2,C,AIRTEMP,A,4.2,D,HEEL,A,0.4,D,TRIM,P,1.015,B,BARO,A,-0.3,D,RUDDER*30
2026-05-31T13:29:16.4010307Z !AIVDM,1,1,,,152l5NhOQWrsALPH>nN1@16L0000,0*57
2026-05-31T13:29:16.4010307Z $GNGGA,132914,4230.0916,N,07050.4975,W,2,00,0.50,8,M,-32.6,M,,*4E
2026-05-31T13:29:16.4476656Z $IIHDG,309.1,,,14.0,W*0E
2026-05-31T13:29:16.4476656Z $GPGLC,9960,,,13928.94,A,25847.49,A,44324.31,A,60280.08,A,,*7B
2026-05-31T13:29:16.4476656Z $GPGLL,4230.0916,N,07050.4975,W,132914,A,D*5A
2026-05-31T13:29:16.4992690Z $GNGSA,A,3,,,,,,,,,,,,,0.70,0.50,0.50*1B
2026-05-31T13:29:16.4992690Z $GNGSV,3,1,11,01,11,054,,03,37,057,,06,62,250,,11,22,239,*6D
2026-05-31T13:29:16.4992690Z $GNGSV,3,2,11,12,08,320,,14,39,166,,17,67,068,,19,68,324,*68
2026-05-31T13:29:16.4992690Z $GNGSV,3,3,11,22,58,174,,24,13,284,,44,23,237,*55
2026-05-31T13:29:16.5415062Z $IIHDG,309.1,,,14.0,W*0E
2026-05-31T13:29:16.5892004Z $GPRMC,132914,A,4230.0916,N,07050.4975,W,0.0,208.0,310526,14.1,W,D*29
2026-05-31T13:29:16.5892004Z $GPVTG,208.0,T,222.1,M,0.0,N,0.1,K,A*2B
2026-05-31T13:29:16.6397930Z $GPZDA,132914,31,05,2026,04,00*41
2026-05-31T13:29:16.6397930Z $IIHDG,309.1,,,14.0,W*0E
2026-05-31T13:29:16.6854035Z $GPAAM,,,,N,*38
2026-05-31T13:29:16.7328513Z $IIHDG,309.1,,,14.0,W*0E
2026-05-31T13:29:16.7328513Z $GPAPB,,,,,,,,,,,,,,,N*26
2026-05-31T13:29:16.7328513Z !AIVDM,1,1,,,15Ngd70PT3Js>A`H>9S=7bDP0000,0*58
2026-05-31T13:29:16.7802741Z $GPBOD,,T,,M,,*47
2026-05-31T13:29:16.8677716Z $IIHDG,309.1,,,14.0,W*0E
2026-05-31T13:29:16.9240797Z $GPRMB,,,,,,,,,,,,,,N*04
2026-05-31T13:29:16.9724650Z $GPXTE,,,,,N,N*5E
2026-05-31T13:29:16.9761787Z $IIHDG,309.1,,,14.0,W*0E
2026-05-31T13:29:16.9761787Z !AIVDM,1,1,,,35NO=iPPP3JrotPH>WweqFnP0000,0*1E
2026-05-31T13:29:17.0201946Z $SDDBT,27.6,f,8.4,M,4.6,F*3B
2026-05-31T13:29:17.0703424Z $SDDPT,8.4,0.0,*77
2026-05-31T13:29:17.0703424Z $SDMTW,14.8,C*09
2026-05-31T13:29:17.0703424Z $IIHDG,309.1,,,14.0,W*0E
2026-05-31T13:29:17.1178166Z $SDVLW,,N,39.8,N,3042.4,N,32.5,N*43
2026-05-31T13:29:17.1178166Z $SDVHW,295.1,T,309.1,M,0.0,N,0.0,K*46
2026-05-31T13:29:17.1635132Z $WIMWD,293.8,T,307.8,M,5.7,N,2.9,M*5F
2026-05-31T13:29:17.2110592Z $IIHDG,309.1,,,14.0,W*0E
2026-05-31T13:29:17.2110592Z $WIMWV,358.7,R,5.8,N,A*27
2026-05-31T13:29:17.2110592Z $WIMWV,358.4,T,5.8,N,A*22
2026-05-31T13:29:17.2615649Z !AIVDM,1,1,,,E>k`vt<r0h@@@@@@@@@@@@@@@@@=MwTH<E=u@00000000?,4*12
2026-05-31T13:29:17.3089436Z $IIHDG,309.1,,,14.0,W*0E
2026-05-31T13:29:17.3545221Z $IIXDR,C,13.2,C,AIRTEMP,A,2.3,D,HEEL,A,0.2,D,TRIM,P,1.015,B,BARO,A,-0.2,D,RUDDER*30
2026-05-31T13:29:17.4023839Z $IIHDG,309.1,,,14.0,W*0E
2026-05-31T13:29:17.4023839Z $GNGGA,132915,4230.0916,N,07050.4974,W,2,00,0.50,8,M,-32.6,M,,*4E
2026-05-31T13:29:17.4503110Z $GPGLC,9960,,,13928.94,A,25847.49,A,44324.31,A,60280.08,A,,*7B
2026-05-31T13:29:17.4503110Z $GPGLL,4230.0916,N,07050.4974,W,132915,A,D*5A
2026-05-31T13:29:17.4978928Z $GNGSA,A,3,,,,,,,,,,,,,0.70,0.50,0.50*1B
2026-05-31T13:29:17.4978928Z $GNGSV,3,1,11,01,11,054,,03,37,057,,06,62,250,,11,22,239,*6D
2026-05-31T13:29:17.4978928Z $GNGSV,3,2,11,12,08,320,,14,39,166,,17,67,068,,19,68,324,*68
2026-05-31T13:29:17.4978928Z $GNGSV,3,3,11,22,58,174,,24,13,284,,44,23,237,*55
2026-05-31T13:29:17.4978928Z $IIHDG,309.1,,,14.0,W*0E
2026-05-31T13:29:17.5614922Z $GPRMC,132915,A,4230.0916,N,07050.4974,W,0.0,208.0,310526,14.1,W,D*29
2026-05-31T13:29:17.6089977Z $IIHDG,309.1,,,14.0,W*0E
2026-05-31T13:29:17.6089977Z $GPVTG,208.0,T,222.1,M,0.0,N,0.1,K,A*2B
2026-05-31T13:29:17.6089977Z $GPZDA,132915,31,05,2026,04,00*40
2026-05-31T13:29:17.6725560Z $IIHDG,309.1,,,14.0,W*0E
2026-05-31T13:29:17.7204523Z $GPAAM,,,,N,*38
2026-05-31T13:29:17.7204523Z $GPAPB,,,,,,,,,,,,,,,N*26
2026-05-31T13:29:17.7680598Z $GPBOD,,T,,M,,*47
2026-05-31T13:29:17.7680598Z !AIVDM,1,1,,,35NwCQPPP0rs>PhHBg5c0qrN0000,0*6B
2026-05-31T13:29:17.8169559Z $IIHDG,309.1,,,14.0,W*0E
2026-05-31T13:29:17.8804148Z $IIHDG,309.1,,,14.0,W*0E
2026-05-31T13:29:17.9286726Z $GPRMB,,,,,,,,,,,,,,N*04
2026-05-31T13:29:17.9786122Z $GPXTE,,,,,N,N*5E
2026-05-31T13:29:18.0249297Z $IIHDG,309.1,,,14.0,W*0E
2026-05-31T13:29:18.0249297Z $SDDBT,27.6,f,8.4,M,4.6,F*3B
2026-05-31T13:29:18.0731688Z $SDDPT,8.4,0.0,*77
2026-05-31T13:29:18.0731688Z $SDMTW,14.8,C*09
2026-05-31T13:29:18.1215297Z $IIHDG,309.1,,,14.0,W*0E
2026-05-31T13:29:18.1215297Z $SDVLW,,N,39.8,N,3042.4,N,32.5,N*43
2026-05-31T13:29:18.1215297Z $SDVHW,295.1,T,309.1,M,0.0,N,0.0,K*46
2026-05-31T13:29:18.1692593Z $WIMWD,291.3,T,305.4,M,6.6,N,3.4,M*56
2026-05-31T13:29:18.2176125Z $IIHDG,309.1,,,14.0,W*0E
2026-05-31T13:29:18.2176125Z $WIMWV,355.9,R,6.0,N,A*2F
2026-05-31T13:29:18.2176125Z $WIMWV,356.4,T,6.6,N,A*21
2026-05-31T13:29:18.2807295Z $IIHDG,309.1,,,14.0,W*0E
2026-05-31T13:29:18.3439372Z $IIXDR,C,13.2,C,AIRTEMP,A,0.9,D,HEEL,A,0.6,D,TRIM,P,1.015,B,BARO,A,-0.3,D,RUDDER*3D
2026-05-31T13:29:18.3918946Z $IIHDG,309.1,,,14.0,W*0E
2026-05-31T13:29:18.3918946Z $GNGGA,132916,4230.0916,N,07050.4974,W,2,01,0.50,8,M,-32.6,M,,*4C
2026-05-31T13:29:18.4418070Z $GPGLC,9960,,,13928.94,A,25847.49,A,44324.31,A,60280.08,A,,*7B
2026-05-31T13:29:18.4418070Z $GPGLL,4230.0916,N,07050.4974,W,132916,A,D*59
2026-05-31T13:29:18.4873530Z $GNGSA,A,3,12,,,,,,,,,,,,0.70,0.50,0.50*18
2026-05-31T13:29:18.4873530Z $GNGSV,3,1,11,01,11,054,,03,37,057,,06,62,250,,11,22,239,*6D
2026-05-31T13:29:18.4873530Z $GNGSV,3,2,11,12,08,320,28,14,39,166,,17,67,068,,19,68,324,*62
2026-05-31T13:29:18.4873530Z $GNGSV,3,3,11,22,58,174,,24,13,284,,44,23,237,*55
2026-05-31T13:29:18.4873530Z $IIHDG,309.1,,,14.0,W*0E
2026-05-31T13:29:18.5669470Z $GPRMC,132916,A,4230.0915,N,07050.4974,W,0.0,208.0,310526,14.1,W,D*29
2026-05-31T13:29:18.6146308Z $IIHDG,309.1,,,14.0,W*0E
2026-05-31T13:29:18.6146308Z $GPVTG,208.0,T,222.1,M,0.0,N,0.1,K,A*2B
2026-05-31T13:29:18.6146308Z $GPZDA,132916,31,05,2026,04,00*43
2026-05-31T13:29:18.6623685Z !AIVDM,1,1,,,352l5NhPQVrsAN@H>naQC12P0000,0*0D
2026-05-31T13:29:18.7261726Z $GPAAM,,,,N,*38
