2026-05-31T13:27:05.6230797Z $IIHDG,340.1,,,14.0,W*03
2026-05-31T13:27:05.6518209Z $SDVLW,,N,,N,,N,,N*5A
2026-05-31T13:27:05.6999692Z $SDVHW,326.0,T,340.1,M,0.0,N,0.0,K*43
2026-05-31T13:27:05.6999692Z $IIHDG,340.1,,,14.0,W*03
2026-05-31T13:27:05.7958254Z $IIHDG,340.1,,,14.0,W*03
2026-05-31T13:27:05.8439413Z $WIMWD,301.7,T,315.8,M,6.9,N,3.5,M*59
2026-05-31T13:27:05.8439413Z $WIMWV,335.7,R,7.5,N,A*23
2026-05-31T13:27:05.8439413Z $WIMWV,335.7,T,6.9,N,A*28
2026-05-31T13:27:05.8918768Z $IIHDG,340.1,,,14.0,W*03
2026-05-31T13:27:05.9451227Z !AIVDM,1,1,,,15NK=p0047rsgM@H=R94GSF80000,0*03
2026-05-31T13:27:06.0042126Z $IIXDR,C,13.0,C,AIRTEMP,A,3.6,D,HEEL,A,0.9,D,TRIM,P,1.015,B,BARO,A,-0.2,D,RUDDER*3D
2026-05-31T13:27:06.0042126Z $IIHDG,340.0,,,14.0,W*02
2026-05-31T13:27:06.0526003Z $GNGGA,132704,4230.0895,N,07050.4996,W,2,00,0.50,8,M,-32.6,M,,*46
2026-05-31T13:27:06.1039190Z $GPGLC,9960,,,13928.96,A,25847.49,A,44324.30,A,60280.08,A,,*78
2026-05-31T13:27:06.1039190Z $GPGLL,4230.0894,N,07050.4996,W,132704,A,D*53
2026-05-31T13:27:06.1039190Z $IIHDG,340.0,,,14.0,W*02
2026-05-31T13:27:06.1588900Z $GNGSA,A,3,,,,,,,,,,,,,0.70,0.50,0.50*1B
2026-05-31T13:27:06.1588900Z $GNGSV,3,1,11,01,12,054,,03,37,059,,06,61,248,,11,21,239,*69
2026-05-31T13:27:06.1588900Z $GNGSV,3,2,11,12,07,320,,14,40,166,,17,67,066,,19,67,322,*6E
2026-05-31T13:27:06.1588900Z $GNGSV,3,3,11,22,59,174,,24,13,285,,44,23,237,*55
2026-05-31T13:27:06.2110351Z !AIVDM,1,1,,,B52oU<@13FftVr65O12R7wP00000,0*2B
2026-05-31T13:27:06.2166255Z $GPRMC,132704,A,4230.0894,N,07050.4996,W,0.1,205.0,310526,14.1,W,D*2C
2026-05-31T13:27:06.2166255Z !AIVDM,1,1,,,ENk`sl>`@@@@@@@@@@@@@@@@@@@=OTgH<LwsP00000000?,4*70
2026-05-31T13:27:06.2166255Z $IIHDG,340.0,,,14.0,W*02
2026-05-31T13:27:06.2593657Z $GPVTG,205.0,T,219.1,M,0.1,N,0.2,K,A*2C
2026-05-31T13:27:06.2593657Z $GPZDA,132704,31,05,2026,04,00*4E
2026-05-31T13:27:06.3073038Z $IIHDG,340.0,,,14.0,W*02
2026-05-31T13:27:06.3717580Z $GPAAM,,,,N,*38
2026-05-31T13:27:06.4189440Z $IIHDG,340.0,,,14.0,W*02
2026-05-31T13:27:06.4189440Z $GPAPB,,,,,,,,,,,,,,,N*26
2026-05-31T13:27:06.4189440Z $GPBOD,,T,,M,,*47
2026-05-31T13:27:06.4833886Z $GPRMB,,,,,,,,,,,,,,N*04
2026-05-31T13:27:06.5293726Z $GPXTE,,,,,N,N*5E
2026-05-31T13:27:06.5293726Z $IIHDG,340.0,,,14.0,W*02
2026-05-31T13:27:06.5772366Z $SDDBT,27.1,f,8.2,M,4.5,F*39
2026-05-31T13:27:06.5806713Z $SDDPT,8.3,0.0,*70
2026-05-31T13:27:06.5806713Z $SDMTW,14.8,C*09
2026-05-31T13:27:06.6240944Z $IIHDG,340.0,,,14.0,W*02
2026-05-31T13:27:06.6240944Z $SDVLW,,N,,N,,N,,N*5A
2026-05-31T13:27:06.6887111Z $SDVHW,325.9,T,340.0,M,0.0,N,0.0,K*48
2026-05-31T13:27:06.7396518Z $IIHDG,340.0,,,14.0,W*02
2026-05-31T13:27:06.8003167Z $IIHDG,340.0,,,14.0,W*02
2026-05-31T13:27:06.8641598Z $WIMWD,301.2,T,315.2,M,6.7,N,3.4,M*59
2026-05-31T13:27:06.8641598Z $WIMWV,335.1,R,7.2,N,A*22
2026-05-31T13:27:06.8641598Z $WIMWV,335.3,T,6.7,N,A*22
2026-05-31T13:27:06.9121730Z !AIVDM,1,1,,,38IPTf001Mrs@5@H>VH1fiD20000,0*2F
2026-05-31T13:27:06.9121730Z $IIHDG,340.0,,,14.0,W*02
2026-05-31T13:27:06.9602511Z $IIXDR,C,13.0,C,AIRTEMP,A,2.3,D,HEEL,A,0.7,D,TRIM,P,1.016,B,BARO,A,-0.1,D,RUDDER*37
2026-05-31T13:27:07.0242971Z $IIHDG,340.0,,,14.0,W*02
2026-05-31T13:27:07.0242971Z $GNGGA,132705,4230.0894,N,07050.4996,W,2,00,0.50,9,M,-32.6,M,,*47
2026-05-31T13:27:07.0790842Z $GPGLC,9960,,,13928.96,A,25847.49,A,44324.30,A,60280.08,A,,*78
2026-05-31T13:27:07.1400649Z $GPGLL,4230.0894,N,07050.4995,W,132705,A,D*51
2026-05-31T13:27:07.1400649Z $IIHDG,340.1,,,14.0,W*03
2026-05-31T13:27:07.1400649Z $GNGSA,A,3,,,,,,,,,,,,,0.70,0.50,0.50*1B
2026-05-31T13:27:07.1400649Z $GNGSV,3,1,11,01,12,054,,03,37,059,,06,61,248,,11,21,239,*69
2026-05-31T13:27:07.1400649Z $GNGSV,3,2,11,12,07,320,,14,40,166,,17,67,066,,19,67,322,*6E
2026-05-31T13:27:07.1438376Z $GNGSV,3,3,11,22,59,174,,24,13,285,,44,23,237,*55
2026-05-31T13:27:07.1826992Z !AIVDM,1,1,,,152Wpn<01DrsJG0H?jF2`j:82000,0*3E
2026-05-31T13:27:07.1826992Z $GPRMC,132705,A,4230.0894,N,07050.4995,W,0.1,205.0,310526,14.1,W,D*2E
2026-05-31T13:27:07.2347907Z $IIHDG,340.1,,,14.0,W*03
2026-05-31T13:27:07.2347907Z $GPVTG,205.0,T,219.1,M,0.1,N,0.3,K,A*2D
2026-05-31T13:27:07.2347907Z !AIVDM,1,1,,,15NO=iPPP?Jrp38H>WUbR`><0000,0*3C
2026-05-31T13:27:07.2782386Z $GPZDA,132705,31,05,2026,04,00*4F
2026-05-31T13:27:07.3280195Z !AIVDM,1,1,,,B52g4Bh006fq0r65AlqMSwP00000,0*6E
2026-05-31T13:27:07.3280195Z $IIHDG,340.1,,,14.0,W*03
2026-05-31T13:27:07.3738435Z $GPAAM,,,,N,*38
2026-05-31T13:27:07.4222284Z $GPAPB,,,,,,,,,,,,,,,N*26
2026-05-31T13:27:07.4222284Z $GPBOD,,T,,M,,*47
2026-05-31T13:27:07.4222284Z $IIHDG,340.2,,,14.0,W*00
2026-05-31T13:27:07.4863387Z $GPRMB,,,,,,,,,,,,,,N*04
2026-05-31T13:27:07.5337448Z $GPXTE,,,,,N,N*5E
2026-05-31T13:27:07.5337448Z $IIHDG,340.2,,,14.0,W*00
2026-05-31T13:27:07.5824353Z $SDDBT,27.6,f,8.4,M,4.6,F*3B
2026-05-31T13:27:07.5824353Z !AIVDM,1,1,,,15MeF10P00Jrjt8H@0f9Rwv>0000,0*48
2026-05-31T13:27:07.5824353Z $SDDPT,8.4,0.0,*77
2026-05-31T13:27:07.5824353Z $SDMTW,14.8,C*09
2026-05-31T13:27:07.6324554Z $SDVLW,,N,,N,,N,,N*5A
2026-05-31T13:27:07.6324554Z $IIHDG,340.2,,,14.0,W*00
2026-05-31T13:27:07.6919071Z $SDVHW,326.2,T,340.3,M,0.0,N,0.0,K*43
2026-05-31T13:27:07.7417243Z $IIHDG,340.3,,,14.0,W*01
2026-05-31T13:27:07.7417243Z !AIVDM,1,1,,,15N9sFP000rrso@H@`e2W4p>0000,0*0F
2026-05-31T13:27:07.8115553Z $IIHDG,340.3,,,14.0,W*01
2026-05-31T13:27:07.8570745Z $WIMWD,300.1,T,314.2,M,7.4,N,3.8,M*54
2026-05-31T13:27:07.8570745Z $WIMWV,333.9,R,7.2,N,A*2C
2026-05-31T13:27:07.8570745Z $WIMWV,333.7,T,7.4,N,A*22
2026-05-31T13:27:07.8989699Z $IIHDG,340.3,,,14.0,W*01
2026-05-31T13:27:07.9684867Z $IIXDR,C,13.0,C,AIRTEMP,A,1.6,D,HEEL,A,0.5,D,TRIM,P,1.015,B,BARO,A,-0.1,D,RUDDER*30
2026-05-31T13:27:08.0274909Z $GNGGA,132706,4230.0894,N,07050.4996,W,2,00,0.50,9,M,-32.6,M,,*44
2026-05-31T13:27:08.0274909Z $IIHDG,340.3,,,14.0,W*01
2026-05-31T13:27:08.0726436Z $GPGLC,9960,,,13928.96,A,25847.49,A,44324.30,A,60280.08,A,,*78
2026-05-31T13:27:08.1381020Z $GPGLL,4230.0895,N,07050.4996,W,132706,A,D*50
2026-05-31T13:27:08.1408424Z $GNGSA,A,3,,,,,,,,,,,,,0.70,0.50,0.50*1B
2026-05-31T13:27:08.1408424Z $GNGSV,3,1,11,01,12,054,,03,37,059,,06,61,248,,11,21,239,*69
2026-05-31T13:27:08.1408424Z $GNGSV,3,2,11,12,07,320,,14,40,166,,17,67,066,,19,67,322,*6E
2026-05-31T13:27:08.1408424Z $GNGSV,3,3,11,22,59,174,,24,13,285,,44,23,237,*55
2026-05-31T13:27:08.1408424Z $IIHDG,340.4,,,14.0,W*06
2026-05-31T13:27:08.1836997Z !AIVDM,2,1,2,,58IPTf02C1v3UK;?C00P4HpT60iTqR222222201@B`R5J1NT0F3S0CDwUDhS,0*27
2026-05-31T13:27:08.1836997Z !AIVDM,2,2,3,,lp888888803,2*71
2026-05-31T13:27:08.1836997Z $GPRMC,132706,A,4230.0895,N,07050.4996,W,0.1,205.0,310526,14.1,W,D*2F
2026-05-31T13:27:08.2318267Z !AIVDM,1,1,,,35Ngd70OS7JsBCHH=j>br8V>0000,0*11
2026-05-31T13:27:08.2318267Z $GPVTG,205.0,T,219.1,M,0.1,N,0.3,K,A*2D
2026-05-31T13:27:08.2796021Z $IIHDG,340.4,,,14.0,W*06
2026-05-31T13:27:08.2838499Z $GPZDA,132706,31,05,2026,04,00*4C
2026-05-31T13:27:08.3274911Z $IIHDG,340.4,,,14.0,W*06
2026-05-31T13:27:08.3909175Z $GPAAM,,,,N,*38
2026-05-31T13:27:08.4389233Z $GPAPB,,,,,,,,,,,,,,,N*26
2026-05-31T13:27:08.4389233Z $GPBOD,,T,,M,,*47
2026-05-31T13:27:08.4389233Z $IIHDG,340.4,,,14.0,W*06
2026-05-31T13:27:08.4901016Z $GPRMB,,,,,,,,,,,,,,N*04
2026-05-31T13:27:08.5344101Z $GPXTE,,,,,N,N*5E
2026-05-31T13:27:08.5844967Z $IIHDG,340.5,,,14.0,W*07
2026-05-31T13:27:08.5844967Z $SDDBT,27.6,f,8.4,M,4.6,F*3B
2026-05-31T13:27:08.5844967Z $SDDPT,8.4,0.0,*77
2026-05-31T13:27:08.5844967Z $SDMTW,14.8,C*09
2026-05-31T13:27:08.6306559Z $SDVLW,,N,,N,,N,,N*5A
2026-05-31T13:27:08.6848224Z $IIHDG,340.5,,,14.0,W*07
2026-05-31T13:27:08.7424417Z $SDVHW,326.4,T,340.5,M,0.0,N,0.0,K*43
2026-05-31T13:27:08.7424417Z $IIHDG,340.5,,,14.0,W*07
2026-05-31T13:27:08.8062200Z $WIMWD,300.0,T,314.1,M,6.8,N,3.5,M*56
2026-05-31T13:27:08.8721908Z $WIMWV,333.6,R,7.2,N,A*23
2026-05-31T13:27:08.8721908Z $WIMWV,333.6,T,6.8,N,A*2E
2026-05-31T13:27:08.8721908Z $IIHDG,340.5,,,14.0,W*07
2026-05-31T13:27:08.9335736Z $IIHDG,340.6,,,14.0,W*04
2026-05-31T13:27:09.0021029Z $IIXDR,C,13.0,C,AIRTEMP,A,3.0,D,HEEL,A,-0.1,D,TRIM,P,1.016,B,BARO,A,-0.2,D,RUDDER*1D
2026-05-31T13:27:09.0622924Z $GNGGA,132707,4230.0895,N,07050.4995,W,2,00,0.50,9,M,-32.6,M,,*47
2026-05-31T13:27:09.0622924Z $IIHDG,340.6,,,14.0,W*04
2026-05-31T13:27:09.0622924Z $GPGLC,9960,,,13928.96,A,25847.49,A,44324.30,A,60280.08,A,,*78
2026-05-31T13:27:09.1108154Z !AIVDM,1,1,,,35NwCQPPQ2rs?>8HBfsbPH<>0000,0*76
2026-05-31T13:27:09.1108154Z $GPGLL,4230.0895,N,07050.4995,W,132707,A,D*52
2026-05-31T13:27:09.1589561Z $GNGSA,A,3,,,,,,,,,,,,,0.70,0.50,0.50*1B
2026-05-31T13:27:09.1589561Z $GNGSV,3,1,11,01,12,054,,03,37,059,,06,61,248,,11,21,239,*69
2026-05-31T13:27:09.1589561Z $GNGSV,3,2,11,12,07,320,,14,40,166,,17,67,066,,19,67,322,*6E
2026-05-31T13:27:09.1589561Z $GNGSV,3,3,11,22,59,174,,24,13,285,,44,23,237,*55
2026-05-31T13:27:09.1589561Z $IIHDG,340.6,,,14.0,W*04
2026-05-31T13:27:09.2064588Z $GPRMC,132707,A,4230.0895,N,07050.4995,W,0.1,205.0,310526,14.1,W,D*2D
2026-05-31T13:27:09.2543868Z $GPVTG,205.0,T,219.1,M,0.1,N,0.2,K,A*2C
2026-05-31T13:27:09.2543868Z !AIVDM,1,1,,,E>k`vt<r0h@@@@@@@@@@@@@@@@@=MwTH<E=u@00000000?,4*12
2026-05-31T13:27:09.2543868Z $GPZDA,132707,31,05,2026,04,00*4D
2026-05-31T13:27:09.2543868Z $IIHDG,340.7,,,14.0,W*05
2026-05-31T13:27:09.3020841Z !AIVDM,1,1,,,35NO=dPPP1JroT@H>WvbH58@0000,0*2B
2026-05-31T13:27:09.3503401Z $IIHDG,340.7,,,14.0,W*05
2026-05-31T13:27:09.4047904Z $GPAAM,,,,N,*38
2026-05-31T13:27:09.4047904Z $GPAPB,,,,,,,,,,,,,,,N*26
2026-05-31T13:27:09.4469356Z $GPBOD,,T,,M,,*47
2026-05-31T13:27:09.4948450Z $IIHDG,340.7,,,14.0,W*05
2026-05-31T13:27:09.4948450Z $GPRMB,,,,,,,,,,,,,,N*04
2026-05-31T13:27:09.4948450Z $GPXTE,,,,,N,N*5E
2026-05-31T13:27:09.5425908Z $SDDBT,27.6,f,8.4,M,4.6,F*3B
2026-05-31T13:27:09.6089541Z $IIHDG,340.7,,,14.0,W*05
2026-05-31T13:27:09.6089541Z $SDDPT,8.4,0.0,*77
2026-05-31T13:27:09.6089541Z $SDMTW,14.8,C*09
2026-05-31T13:27:09.6089541Z $SDVLW,,N,,N,,N,,N*5A
2026-05-31T13:27:09.6535970Z $IIHDG,340.7,,,14.0,W*05
2026-05-31T13:27:09.7036066Z $SDVHW,326.7,T,340.7,M,0.0,N,0.0,K*42
2026-05-31T13:27:09.7498122Z $IIHDG,340.8,,,14.0,W*0A
2026-05-31T13:27:09.8138659Z $WIMWD,301.0,T,315.1,M,6.1,N,3.1,M*5B
2026-05-31T13:27:09.8611678Z $WIMWV,334.5,R,6.9,N,A*2D
2026-05-31T13:27:09.8611678Z $WIMWV,334.5,T,6.1,N,A*23
2026-05-31T13:27:09.8611678Z $IIHDG,340.8,,,14.0,W*0A
2026-05-31T13:27:09.9563659Z $IIHDG,340.8,,,14.0,W*0A
2026-05-31T13:27:10.0071940Z $IIXDR,C,13.0,C,AIRTEMP,A,4.6,D,HEEL,A,0.1,D,TRIM,P,1.015,B,BARO,A,-0.3,D,RUDDER*33
2026-05-31T13:27:10.0526380Z $GNGGA,132708,4230.0896,N,07050.4994,W,2,00,0.50,8,M,-32.6,M,,*4B
2026-05-31T13:27:10.0995658Z $IIHDG,340.8,,,14.0,W*0A
2026-05-31T13:27:10.0995658Z $GPGLC,9960,,,13928.96,A,25847.49,A,44324.30,A,60280.08,A,,*78
2026-05-31T13:27:10.0995658Z $GPGLL,4230.0896,N,07050.4995,W,132708,A,D*5E
2026-05-31T13:27:10.1486762Z $GNGSA,A,3,,,,,,,,,,,,,0.70,0.50,0.50*1B
2026-05-31T13:27:10.1486762Z $GNGSV,3,1,11,01,12,054,,03,37,059,,06,61,248,,11,21,239,*69
2026-05-31T13:27:10.1486762Z $GNGSV,3,2,11,12,07,320,,14,40,166,,17,67,066,,19,67,322,*6E
2026-05-31T13:27:10.1486762Z $GNGSV,3,3,11,22,59,174,,24,13,285,,44,23,237,*55
2026-05-31T13:27:10.1952219Z $IIHDG,340.8,,,14.0,W*0A
2026-05-31T13:27:10.1952219Z !AIVDM,1,1,,,E>k`vt<r0h@@@@@@@@@@@@@@@@@=MwTH<E=u@00000000?,4*12
2026-05-31T13:27:10.1952219Z $GPRMC,132708,A,4230.0896,N,07050.4995,W,0.1,205.0,310526,14.1,W,D*21
2026-05-31T13:27:10.2427336Z $GPVTG,205.0,T,219.1,M,0.1,N,0.2,K,A*2C
2026-05-31T13:27:10.2909785Z $GPZDA,132708,31,05,2026,04,00*42
2026-05-31T13:27:10.2909785Z $IIHDG,340.9,,,14.0,W*0B
2026-05-31T13:27:10.3388847Z !AIVDM,1,1,,,18I<UK0w0=rt?u@HC2wQdQih0000,0*68
2026-05-31T13:27:10.3895884Z $IIHDG,340.9,,,14.0,W*0B
2026-05-31T13:27:10.3895884Z $GPAAM,,,,N,*38
2026-05-31T13:27:10.4352337Z $GPAPB,,,,,,,,,,,,,,,N*26
2026-05-31T13:27:10.4352337Z $GPBOD,,T,,M,,*47
2026-05-31T13:27:10.4833860Z $IIHDG,340.9,,,14.0,W*0B
2026-05-31T13:27:10.5314462Z $GPRMB,,,,,,,,,,,,,,N*04
2026-05-31T13:27:10.5314462Z $GPXTE,,,,,N,N*5E
2026-05-31T13:27:10.5792995Z $SDDBT,27.6,f,8.4,M,4.6,F*3B
2026-05-31T13:27:10.5792995Z $IIHDG,341.0,,,14.0,W*03
2026-05-31T13:27:10.5792995Z $SDDPT,8.4,0.0,*77
2026-05-31T13:27:10.6275224Z $SDMTW,14.8,C*09
2026-05-31T13:27:10.6275224Z $SDVLW,,N,,N,,N,,N*5A
2026-05-31T13:27:10.6760806Z !AIVDM,1,1,,,352l5NhPQdrs@<8H>as1A10@0000,0*59
2026-05-31T13:27:10.6760806Z $IIHDG,341.0,,,14.0,W*03
2026-05-31T13:27:10.7272750Z $SDVHW,326.9,T,341.0,M,0.0,N,0.0,K*4A
2026-05-31T13:27:10.7721478Z $IIHDG,341.0,,,14.0,W*03
2026-05-31T13:27:10.8182236Z $WIMWD,302.2,T,316.3,M,5.6,N,2.9,M*56
2026-05-31T13:27:10.8660754Z $WIMWV,335.2,R,6.5,N,A*27
2026-05-31T13:27:10.8660754Z $WIMWV,335.3,T,5.6,N,A*20
2026-05-31T13:27:10.8660754Z $IIHDG,341.0,,,14.0,W*03
2026-05-31T13:27:10.9625434Z $IIHDG,341.0,,,14.0,W*03
2026-05-31T13:27:11.0098724Z $IIXDR,C,13.0,C,AIRTEMP,A,3.9,D,HEEL,A,0.3,D,TRIM,P,1.016,B,BARO,A,-0.3,D,RUDDER*3A
2026-05-31T13:27:11.0098724Z $GNGGA,132709,4230.0897,N,07050.4994,W,2,00,0.50,8,M,-32.6,M,,*4B
2026-05-31T13:27:11.0571651Z $IIHDG,341.1,,,14.0,W*02
2026-05-31T13:27:11.1058255Z $GPGLC,9960,,,13928.96,A,25847.49,A,44324.30,A,60280.08,A,,*78
2026-05-31T13:27:11.1058255Z $GPGLL,4230.0897,N,07050.4995,W,132709,A,D*5E
2026-05-31T13:27:11.1532201Z $GNGSA,A,3,,,,,,,,,,,,,0.70,0.50,0.50*1B
2026-05-31T13:27:11.1532201Z $GNGSV,3,1,11,01,12,054,,03,37,059,,06,61,248,,11,21,239,*69
2026-05-31T13:27:11.1532201Z $GNGSV,3,2,11,12,07,320,,14,40,166,,17,67,066,,19,67,322,*6E
2026-05-31T13:27:11.1532201Z $GNGSV,3,3,11,22,59,174,,24,13,285,,44,23,237,*55
2026-05-31T13:27:11.2007471Z $IIHDG,341.1,,,14.0,W*02
2026-05-31T13:27:11.2007471Z $GPRMC,132709,A,4230.0897,N,07050.4995,W,0.1,205.0,310526,14.1,W,D*21
2026-05-31T13:27:11.2512639Z $GPVTG,205.0,T,219.1,M,0.1,N,0.2,K,A*2C
2026-05-31T13:27:11.2517775Z $GPZDA,132709,31,05,2026,04,00*43
2026-05-31T13:27:11.3049875Z $IIHDG,341.1,,,14.0,W*02
2026-05-31T13:27:11.3693274Z $IIHDG,341.1,,,14.0,W*02
2026-05-31T13:27:11.4176616Z $GPAAM,,,,N,*38
2026-05-31T13:27:11.4176616Z $GPAPB,,,,,,,,,,,,,,,N*26
2026-05-31T13:27:11.4176616Z $GPBOD,,T,,M,,*47
2026-05-31T13:27:11.4656424Z $IIHDG,341.1,,,14.0,W*02
2026-05-31T13:27:11.5137479Z $GPRMB,,,,,,,,,,,,,,N*04
2026-05-31T13:27:11.5137479Z $GPXTE,,,,,N,N*5E
2026-05-31T13:27:11.5137479Z !AIVDM,1,1,,,35NO=dPPP1JroT0H>`0bH58F0000,0*2C
2026-05-31T13:27:11.5780392Z $SDDBT,27.6,f,8.4,M,4.6,F*3B
2026-05-31T13:27:11.5780392Z $IIHDG,341.1,,,14.0,W*02
2026-05-31T13:27:11.5780392Z $SDDPT,8.4,0.0,*77
2026-05-31T13:27:11.6255371Z $SDMTW,14.8,C*09
2026-05-31T13:27:11.6255371Z $SDVLW,,N,,N,,N,,N*5A
2026-05-31T13:27:11.6757216Z $IIHDG,341.1,,,14.0,W*02
2026-05-31T13:27:11.7302773Z $SDVHW,327.0,T,341.1,M,0.0,N,0.0,K*43
2026-05-31T13:27:11.7302773Z !AIVDM,1,1,,,35NwCQPPQ2rs?<PHBfrbJ8:B0000,0*0D
2026-05-31T13:27:11.7322904Z !AIVDM,1,1,,,15OGwBPP0oJrko8H?9M53wvD0000,0*45
2026-05-31T13:27:11.7856084Z !AIVDM,1,1,,,B52oU<@146ftS<65NvjU7wP00000,0*0E
2026-05-31T13:27:11.7856084Z $IIHDG,341.1,,,14.0,W*02
2026-05-31T13:27:11.8336744Z $WIMWD,302.4,T,316.5,M,6.9,N,3.5,M*57
2026-05-31T13:27:11.8336744Z $WIMWV,335.3,R,6.4,N,A*27
2026-05-31T13:27:11.8336744Z $WIMWV,335.4,T,6.9,N,A*2B
2026-05-31T13:27:11.8336744Z !AIVDM,1,1,,,15NK=p0OT5rsgfHH=QOTGkHD0000,0*62
2026-05-31T13:27:11.8930017Z $IIHDG,341.1,,,14.0,W*02
2026-05-31T13:27:11.9448966Z !AIVDM,1,1,,,15NO=nPP00JrnvHH>WmUWgvB0000,0*44
2026-05-31T13:27:12.0145263Z $IIHDG,341.2,,,14.0,W*01
2026-05-31T13:27:12.0145263Z $IIXDR,C,13.0,C,AIRTEMP,A,1.6,D,HEEL,A,0.5,D,TRIM,P,1.015,B,BARO,A,0.0,D,RUDDER*1C
2026-05-31T13:27:12.0564737Z $GNGGA,132710,4230.0897,N,07050.4995,W,2,00,0.50,9,M,-32.6,M,,*43
2026-05-31T13:27:12.1056732Z $GPGLC,9960,,,13928.96,A,25847.49,A,44324.30,A,60280.08,A,,*78
2026-05-31T13:27:12.1056732Z $IIHDG,341.2,,,14.0,W*01
2026-05-31T13:27:12.1056732Z $GPGLL,4230.0897,N,07050.4995,W,132710,A,D*56
2026-05-31T13:27:12.1527048Z $GNGSA,A,3,,,,,,,,,,,,,0.70,0.50,0.50*1B
2026-05-31T13:27:12.1527048Z $GNGSV,3,1,11,01,12,054,,03,37,059,,06,61,248,,11,21,239,*69
2026-05-31T13:27:12.1527048Z $GNGSV,3,2,11,12,07,320,,14,40,166,,17,67,066,,19,67,322,*6E
2026-05-31T13:27:12.1527048Z $GNGSV,3,3,11,22,59,174,,24,13,285,,44,23,237,*55
2026-05-31T13:27:12.2136588Z $IIHDG,341.3,,,14.0,W*00
2026-05-31T13:27:12.2136588Z $GPRMC,132710,A,4230.0897,N,07050.4995,W,0.1,205.0,310526,14.1,W,D*29
2026-05-31T13:27:12.2710615Z $GPVTG,205.0,T,219.1,M,0.1,N,0.2,K,A*2C
2026-05-31T13:27:12.2710615Z $GPZDA,132710,31,05,2026,04,00*4B
2026-05-31T13:27:12.3277753Z $IIHDG,341.3,,,14.0,W*00
2026-05-31T13:27:12.3756931Z $IIHDG,341.3,,,14.0,W*00
2026-05-31T13:27:12.4241248Z $GPAAM,,,,N,*38
2026-05-31T13:27:12.4241248Z $GPAPB,,,,,,,,,,,,,,,N*26
2026-05-31T13:27:12.4241248Z $GPBOD,,T,,M,,*47
2026-05-31T13:27:12.4776988Z $IIHDG,341.4,,,14.0,W*07
2026-05-31T13:27:12.5204398Z $GPRMB,,,,,,,,,,,,,,N*04
2026-05-31T13:27:12.5204398Z $GPXTE,,,,,N,N*5E
2026-05-31T13:27:12.5686370Z $SDDBT,27.6,f,8.4,M,4.6,F*3B
2026-05-31T13:27:12.5686370Z $SDDPT,8.4,0.0,*77
2026-05-31T13:27:12.6169863Z $IIHDG,341.4,,,14.0,W*07
2026-05-31T13:27:12.6169863Z $SDMTW,14.8,C*09
2026-05-31T13:27:12.6169863Z $SDVLW,,N,,N,,N,,N*5A
2026-05-31T13:27:12.6649348Z !AIVDM,1,1,,,B5OElb00<Vfr:865FQPJP@P00000,0*16
2026-05-31T13:27:12.7127762Z $IIHDG,341.5,,,14.0,W*06
2026-05-31T13:27:12.7127762Z $SDVHW,327.4,T,341.5,M,0.0,N,0.0,K*43
2026-05-31T13:27:12.7766183Z $IIHDG,341.5,,,14.0,W*06
2026-05-31T13:27:12.8405261Z $WIMWD,301.5,T,315.5,M,7.6,N,3.9,M*54
2026-05-31T13:27:12.8405261Z $WIMWV,334.1,R,6.8,N,A*28
2026-05-31T13:27:12.8405261Z $WIMWV,334.2,T,7.6,N,A*22
2026-05-31T13:27:12.8887666Z $IIHDG,341.6,,,14.0,W*05
2026-05-31T13:27:12.9532373Z !AIVDM,1,1,,,352l5NhPQdrs@=PH>b7Q>10D0000,0*6C
2026-05-31T13:27:13.0016650Z $IIXDR,C,13.0,C,AIRTEMP,A,1.3,D,HEEL,A,0.7,D,TRIM,P,1.016,B,BARO,A,-0.2,D,RUDDER*37
2026-05-31T13:27:13.0016650Z $IIHDG,341.6,,,14.0,W*05
2026-05-31T13:27:13.0487132Z $GNGGA,132711,4230.0897,N,07050.4995,W,2,00,0.50,9,M,-32.6,M,,*42
2026-05-31T13:27:13.1122598Z $GPGLC,9960,,,13928.96,A,25847.49,A,44324.30,A,60280.08,A,,*78
2026-05-31T13:27:13.1122598Z $IIHDG,341.7,,,14.0,W*04
2026-05-31T13:27:13.1122598Z $GPGLL,4230.0898,N,07050.4994,W,132711,A,D*59
2026-05-31T13:27:13.1605545Z $GNGSA,A,3,,,,,,,,,,,,,0.70,0.50,0.50*1B
2026-05-31T13:27:13.1605545Z $GNGSV,3,1,11,01,12,054,,03,37,058,,06,61,248,,11,21,239,*68
2026-05-31T13:27:13.1605545Z $GNGSV,3,2,11,12,07,320,,14,40,166,,17,67,066,,19,67,322,*6E
2026-05-31T13:27:13.1605545Z $GNGSV,3,3,11,22,59,174,,24,13,285,,44,23,237,*55
2026-05-31T13:27:13.2087824Z $GPRMC,132711,A,4230.0898,N,07050.4994,W,0.1,205.0,310526,14.1,W,D*26
2026-05-31T13:27:13.2087824Z $IIHDG,341.7,,,14.0,W*04
2026-05-31T13:27:13.2561297Z $GPVTG,205.0,T,219.1,M,0.1,N,0.2,K,A*2C
2026-05-31T13:27:13.2561297Z $GPZDA,132711,31,05,2026,04,00*4A
2026-05-31T13:27:13.2561297Z !AIVDM,1,1,,,ENk`sl>`@@@@@@@@@@@@@@@@@@@=OTgH<LwsP00000000?,4*70
2026-05-31T13:27:13.3043389Z $IIHDG,341.7,,,14.0,W*04
2026-05-31T13:27:13.3757685Z $GPAAM,,,,N,*38
2026-05-31T13:27:13.4323084Z $IIHDG,341.8,,,14.0,W*0B
2026-05-31T13:27:13.4323084Z $GPAPB,,,,,,,,,,,,,,,N*26
2026-05-31T13:27:13.4323084Z $GPBOD,,T,,M,,*47
2026-05-31T13:27:13.4813051Z $GPRMB,,,,,,,,,,,,,,N*04
2026-05-31T13:27:13.5451603Z $GPXTE,,,,,N,N*5E
2026-05-31T13:27:13.5451603Z $IIHDG,341.8,,,14.0,W*0B
2026-05-31T13:27:13.5521138Z $SDDBT,27.6,f,8.4,M,4.6,F*3B
2026-05-31T13:27:13.5973235Z $SDDPT,8.4,0.0,*77
2026-05-31T13:27:13.5973235Z $SDMTW,14.8,C*09
2026-05-31T13:27:13.6446236Z $IIHDG,341.8,,,14.0,W*0B
2026-05-31T13:27:13.6446236Z $SDVLW,,N,,N,,N,,N*5A
2026-05-31T13:27:13.6975985Z $SDVHW,327.8,T,341.8,M,0.0,N,0.0,K*42
2026-05-31T13:27:13.7537523Z $IIHDG,341.8,,,14.0,W*0B
2026-05-31T13:27:13.7537523Z !AIVDM,1,1,,,35NO=g;P00Jrjr0H@10dbOvF2000,0*33
2026-05-31T13:27:13.8023293Z $IIHDG,341.9,,,14.0,W*0A
2026-05-31T13:27:13.8502845Z $WIMWD,301.5,T,315.6,M,7.3,N,3.7,M*5C
2026-05-31T13:27:13.8502845Z $WIMWV,333.8,R,7.0,N,A*2F
2026-05-31T13:27:13.8502845Z $WIMWV,333.7,T,7.3,N,A*25
2026-05-31T13:27:13.8982317Z $IIHDG,341.9,,,14.0,W*0A
2026-05-31T13:27:13.9633533Z !AIVDM,1,1,,,15NK=p0042rsgkpH=QATM3HH0000,0*1F
2026-05-31T13:27:14.0107315Z $IIXDR,C,13.0,C,AIRTEMP,A,3.7,D,HEEL,A,0.2,D,TRIM,P,1.015,B,BARO,A,-0.1,D,RUDDER*34
2026-05-31T13:27:14.0107315Z $IIHDG,341.9,,,14.0,W*0A
2026-05-31T13:27:14.0590103Z $GNGGA,132712,4230.0899,N,07050.4994,W,2,00,0.50,9,M,-32.6,M,,*4E
2026-05-31T13:27:14.1069806Z $GPGLC,9960,,,13928.96,A,25847.49,A,44324.30,A,60280.08,A,,*78
2026-05-31T13:27:14.1069806Z $GPGLL,4230.0899,N,07050.4995,W,132712,A,D*5A
2026-05-31T13:27:14.1554791Z $IIHDG,342.0,,,14.0,W*00
2026-05-31T13:27:14.1554791Z $GNGSA,A,3,,,,,,,,,,,,,0.70,0.50,0.50*1B
2026-05-31T13:27:14.1554791Z $GNGSV,3,1,11,01,12,054,,03,37,058,,06,61,248,,11,21,239,*68
2026-05-31T13:27:14.1554791Z $GNGSV,3,2,11,12,07,320,,14,40,166,,17,67,066,,19,67,322,*6E
2026-05-31T13:27:14.1607856Z $GNGSV,3,3,11,22,59,174,,24,13,285,,44,23,237,*55
2026-05-31T13:27:14.2035349Z !AIVDM,1,1,,,ENk`sl>`@@@@@@@@@@@@@@@@@@@=OTgH<LwsP00000000?,4*70
2026-05-31T13:27:14.2035349Z $GPRMC,132712,A,4230.0899,N,07050.4995,W,0.1,205.0,310526,14.1,W,D*25
2026-05-31T13:27:14.2537635Z $IIHDG,342.1,,,14.0,W*01
2026-05-31T13:27:14.2537635Z $GPVTG,205.0,T,219.1,M,0.1,N,0.2,K,A*2C
2026-05-31T13:27:14.2537635Z !AIVDM,1,1,,,15O=hk5tQCJsG40H>g91ViD:0000,0*63
2026-05-31T13:27:14.2547855Z $GPZDA,132712,31,05,2026,04,00*49
2026-05-31T13:27:14.2996685Z !AIVDM,1,1,,,35NO=iPPP>Jrp20H>WUbQ`6J0000,0*4B
2026-05-31T13:27:14.3466973Z $IIHDG,342.1,,,14.0,W*01
2026-05-31T13:27:14.3938017Z $GPAAM,,,,N,*38
2026-05-31T13:27:14.4416822Z $GPAPB,,,,,,,,,,,,,,,N*26
2026-05-31T13:27:14.4416822Z $IIHDG,342.1,,,14.0,W*01
2026-05-31T13:27:14.4416822Z $GPBOD,,T,,M,,*47
2026-05-31T13:27:14.4967765Z $GPRMB,,,,,,,,,,,,,,N*04
2026-05-31T13:27:14.5382994Z $GPXTE,,,,,N,N*5E
2026-05-31T13:27:14.5382994Z $IIHDG,342.2,,,14.0,W*02
2026-05-31T13:27:14.5853695Z $SDDBT,27.6,f,8.4,M,4.6,F*3B
2026-05-31T13:27:14.5853695Z $SDDPT,8.4,0.0,*77
2026-05-31T13:27:14.5853695Z $SDMTW,14.8,C*09
2026-05-31T13:27:14.6395206Z $SDVLW,,N,,N,,N,,N*5A
2026-05-31T13:27:14.6395206Z $IIHDG,342.2,,,14.0,W*02
2026-05-31T13:27:14.6817500Z !AIVDM,1,1,,,15NO=dP000JroT0H>`0bH5:L0000,0*27
2026-05-31T13:27:14.7323188Z $SDVHW,328.2,T,342.3,M,0.0,N,0.0,K*4F
2026-05-31T13:27:14.7323188Z $IIHDG,342.3,,,14.0,W*03
2026-05-31T13:27:14.8085994Z $IIHDG,342.3,,,14.0,W*03
2026-05-31T13:27:14.8689752Z $WIMWD,303.0,T,317.0,M,7.3,N,3.7,M*5F
2026-05-31T13:27:14.8710181Z $WIMWV,334.7,R,7.1,N,A*26
2026-05-31T13:27:14.8710181Z $WIMWV,334.6,T,7.3,N,A*23
2026-05-31T13:27:14.8710181Z !AIVDM,1,1,,,19NSfbh000rrnu8H>W>3S8FF0000,0*4A
2026-05-31T13:27:14.9203509Z !AIVDM,1,1,,,H5OAl@4N0000000G4@khop0@;220,0*26
2026-05-31T13:27:14.9203509Z $IIHDG,342.4,,,14.0,W*04
2026-05-31T13:27:14.9900555Z $IIXDR,C,13.0,C,AIRTEMP,A,5.1,D,HEEL,A,0.5,D,TRIM,P,1.016,B,BARO,A,-0.3,D,RUDDER*32
2026-05-31T13:27:15.0323655Z $GNGGA,132713,4230.0899,N,07050.4995,W,2,00,0.50,9,M,-32.6,M,,*4E
2026-05-31T13:27:15.0323655Z $IIHDG,342.4,,,14.0,W*04
2026-05-31T13:27:15.0807289Z $GPGLC,9960,,,13928.96,A,25847.49,A,44324.30,A,60280.08,A,,*78
2026-05-31T13:27:15.1300056Z $GPGLL,4230.0897,N,07050.4994,W,132713,A,D*54
2026-05-31T13:27:15.1300056Z $GNGSA,A,3,,,,,,,,,,,,,0.70,0.50,0.50*1B
2026-05-31T13:27:15.1300056Z $GNGSV,3,1,11,01,12,054,,03,37,058,,06,61,248,,11,21,239,*68
2026-05-31T13:27:15.1300056Z $GNGSV,3,2,11,12,07,320,,14,40,166,,17,67,066,,19,67,322,*6E
2026-05-31T13:27:15.1300056Z $GNGSV,3,3,11,22,59,174,,24,13,285,,44,23,237,*55
2026-05-31T13:27:15.1779772Z $IIHDG,342.5,,,14.0,W*05
2026-05-31T13:27:15.2255188Z $GPRMC,132713,A,4230.0897,N,07050.4994,W,0.1,205.0,310526,14.1,W,D*2B
2026-05-31T13:27:15.2725671Z $GPVTG,205.0,T,219.1,M,0.1,N,0.2,K,A*2C
2026-05-31T13:27:15.2725671Z $IIHDG,342.6,,,14.0,W*06
2026-05-31T13:27:15.2725671Z $GPZDA,132713,31,05,2026,04,00*48
2026-05-31T13:27:15.3424116Z $IIHDG,342.6,,,14.0,W*06
2026-05-31T13:27:15.4019371Z !AIVDM,1,1,,,15NwCQPPQ2rs?9`HBfqbC`8J0000,0*62
2026-05-31T13:27:15.4019371Z $GPAAM,,,,N,*38
2026-05-31T13:27:15.4545743Z $GPAPB,,,,,,,,,,,,,,,N*26
2026-05-31T13:27:15.4545743Z $GPBOD,,T,,M,,*47
2026-05-31T13:27:15.4565821Z $IIHDG,342.7,,,14.0,W*07
2026-05-31T13:27:15.4958149Z $GPRMB,,,,,,,,,,,,,,N*04
2026-05-31T13:27:15.5020362Z $GPXTE,,,,,N,N*5E
2026-05-31T13:27:15.5470271Z $IIHDG,342.7,,,14.0,W*07
2026-05-31T13:27:15.5918202Z $SDDBT,27.6,f,8.4,M,4.6,F*3B
2026-05-31T13:27:15.5918202Z $SDDPT,8.4,0.0,*77
2026-05-31T13:27:15.5918202Z $SDMTW,14.8,C*09
2026-05-31T13:27:15.6413957Z $SDVLW,,N,,N,,N,,N*5A
2026-05-31T13:27:15.6896822Z $IIHDG,342.8,,,14.0,W*08
2026-05-31T13:27:15.7347682Z $SDVHW,328.7,T,342.8,M,0.0,N,0.0,K*41
2026-05-31T13:27:15.7886427Z $IIHDG,342.8,,,14.0,W*08
2026-05-31T13:27:15.7886427Z !AIVDM,1,1,,,B52T9P@0;Nfw::65`m:HOwP00000,0*2F
2026-05-31T13:27:15.8311072Z $WIMWD,303.2,T,317.3,M,7.2,N,3.7,M*5F
2026-05-31T13:27:15.8311072Z $WIMWV,334.6,R,7.1,N,A*27
2026-05-31T13:27:15.8311072Z $WIMWV,334.6,T,7.2,N,A*22
2026-05-31T13:27:15.8804009Z $IIHDG,342.8,,,14.0,W*08
2026-05-31T13:27:15.9431038Z $IIHDG,342.9,,,14.0,W*09
2026-05-31T13:27:16.0130228Z !AIVDM,2,1,4,,55NO=dP2B87eL@O;7P0aE=@T<F2222222222200l1`A8400Ow>@Slm3k`888,0*4C
2026-05-31T13:27:16.0130228Z !AIVDM,2,2,5,,88888888803,2*6B
2026-05-31T13:27:16.0130228Z !AIVDM,1,1,,,15NK=p0045rsgqhH=Q3TGSHL0000,0*06
2026-05-31T13:27:16.0130228Z $IIXDR,C,13.0,C,AIRTEMP,A,3.3,D,HEEL,A,0.3,D,TRIM,P,1.015,B,BARO,A,-0.3,D,RUDDER*33
2026-05-31T13:27:16.0562492Z $GNGGA,132714,4230.0898,N,07050.4994,W,2,00,0.50,9,M,-32.6,M,,*49
2026-05-31T13:27:16.0562492Z !AIVDM,1,1,,,15N9sFP000rrso@H@`e2W4nN0000,0*61
2026-05-31T13:27:16.0562492Z $IIHDG,342.9,,,14.0,W*09
2026-05-31T13:27:16.1076472Z $GPGLC,9960,,,13928.96,A,25847.49,A,44324.30,A,60280.08,A,,*78
2026-05-31T13:27:16.1076472Z $GPGLL,4230.0897,N,07050.4994,W,132714,A,D*53
2026-05-31T13:27:16.1525015Z $GNGSA,A,3,,,,,,,,,,,,,0.70,0.50,0.50*1B
2026-05-31T13:27:16.1525015Z $GNGSV,3,1,11,01,12,054,,03,37,058,,06,61,248,,11,21,239,*68
2026-05-31T13:27:16.1525015Z $GNGSV,3,2,11,12,07,320,,14,40,166,,17,67,066,,19,67,322,*6E
2026-05-31T13:27:16.1525015Z $GNGSV,3,3,11,22,59,174,,24,13,285,,44,23,237,*55
2026-05-31T13:27:16.1525015Z !AIVDM,1,1,,,B52oU<@136ftO<65NsRTOwP00000,0*51
2026-05-31T13:27:16.1974875Z $IIHDG,343.0,,,14.0,W*01
2026-05-31T13:27:16.2039358Z $GPRMC,132714,A,4230.0897,N,07050.4994,W,0.1,205.0,310526,14.1,W,D*2C
2026-05-31T13:27:16.2458071Z $GPVTG,205.0,T,219.1,M,0.1,N,0.2,K,A*2C
2026-05-31T13:27:16.2938214Z $GPZDA,132714,31,05,2026,04,00*4F
2026-05-31T13:27:16.2938214Z $IIHDG,343.0,,,14.0,W*01
2026-05-31T13:27:16.3417830Z !AIVDM,1,1,,,18IPTf001Mrs@<hH>W9QdiDF0000,0*6A
2026-05-31T13:27:16.3919059Z !AIVDM,1,1,,,152l5NhOQdrs@?pH>bS1;12L0000,0*58
2026-05-31T13:27:16.3919059Z $IIHDG,343.0,,,14.0,W*01
2026-05-31T13:27:16.3970033Z $GPAAM,,,,N,*38
2026-05-31T13:27:16.4385153Z $GPAPB,,,,,,,,,,,,,,,N*26
2026-05-31T13:27:16.4385153Z $GPBOD,,T,,M,,*47
2026-05-31T13:27:16.4862332Z $IIHDG,343.0,,,14.0,W*01
2026-05-31T13:27:16.5354730Z $GPRMB,,,,,,,,,,,,,,N*04
2026-05-31T13:27:16.5354730Z $GPXTE,,,,,N,N*5E
2026-05-31T13:27:16.5828702Z $SDDBT,27.6,f,8.4,M,4.6,F*3B
2026-05-31T13:27:16.5828702Z $IIHDG,343.1,,,14.0,W*00
2026-05-31T13:27:16.5828702Z $SDDPT,8.4,0.0,*77
2026-05-31T13:27:16.6311802Z $SDMTW,14.8,C*09
2026-05-31T13:27:16.6311802Z $SDVLW,,N,,N,,N,,N*5A
2026-05-31T13:27:16.6792585Z $IIHDG,343.1,,,14.0,W*00
2026-05-31T13:27:16.7270798Z $SDVHW,329.0,T,343.1,M,0.0,N,0.0,K*4F
2026-05-31T13:27:16.7767798Z $IIHDG,343.1,,,14.0,W*00
2026-05-31T13:27:16.8250395Z $WIMWD,302.9,T,316.9,M,8.7,N,4.5,M*51
2026-05-31T13:27:16.8723252Z $WIMWV,333.8,R,7.6,N,A*29
2026-05-31T13:27:16.8723252Z $WIMWV,333.8,T,8.7,N,A*21
2026-05-31T13:27:16.8723252Z $IIHDG,343.1,,,14.0,W*00
2026-05-31T13:27:16.9678823Z $IIHDG,343.2,,,14.0,W*03
2026-05-31T13:27:17.0163754Z $IIXDR,C,13.0,C,AIRTEMP,A,1.4,D,HEEL,A,0.3,D,TRIM,P,1.016,B,BARO,A,0.0,D,RUDDER*1B
2026-05-31T13:27:17.0163754Z $GNGGA,132715,4230.0897,N,07050.4994,W,2,00,0.50,9,M,-32.6,M,,*47
2026-05-31T13:27:17.0762044Z $GPGLC,9960,,,13928.96,A,25847.49,A,44324.30,A,60280.08,A,,*78
2026-05-31T13:27:17.1290262Z $IIHDG,343.2,,,14.0,W*03
2026-05-31T13:27:17.1290262Z $GPGLL,4230.0897,N,07050.4995,W,132715,A,D*53
2026-05-31T13:27:17.1290262Z $GNGSA,A,3,,,,,,,,,,,,,0.70,0.50,0.50*1B
2026-05-31T13:27:17.1290262Z $GNGSV,3,1,11,01,12,054,,03,37,058,,06,61,248,,11,21,239,*68
2026-05-31T13:27:17.1290262Z $GNGSV,3,2,11,12,07,320,,14,40,166,,17,67,066,,19,68,322,*61
2026-05-31T13:27:17.1424968Z $GNGSV,3,3,11,22,59,174,,24,13,285,,44,23,237,*55
2026-05-31T13:27:17.1933135Z $IIHDG,343.2,,,14.0,W*03
2026-05-31T13:27:17.1933135Z $GPRMC,132715,A,4230.0897,N,07050.4995,W,0.1,205.0,310526,14.1,W,D*2C
2026-05-31T13:27:17.2574969Z $GPVTG,205.0,T,219.1,M,0.1,N,0.1,K,A*2F
2026-05-31T13:27:17.2574969Z $GPZDA,132715,31,05,2026,04,00*4E
2026-05-31T13:27:17.2574969Z !AIVDM,1,1,,,E>k`vt<r0h@@@@@@@@@@@@@@@@@=MwTH<E=u@00000000?,4*12
2026-05-31T13:27:17.3076424Z $IIHDG,343.3,,,14.0,W*02
2026-05-31T13:27:17.3859255Z $IIHDG,343.3,,,14.0,W*02
2026-05-31T13:27:17.4342473Z $GPAAM,,,,N,*38
2026-05-31T13:27:17.4342473Z $GPAPB,,,,,,,,,,,,,,,N*26
2026-05-31T13:27:17.4342473Z $GPBOD,,T,,M,,*47
2026-05-31T13:27:17.4824760Z $IIHDG,343.3,,,14.0,W*02
2026-05-31T13:27:17.5312421Z $GPRMB,,,,,,,,,,,,,,N*04
2026-05-31T13:27:17.5312421Z $GPXTE,,,,,N,N*5E
2026-05-31T13:27:17.5797123Z $SDDBT,27.6,f,8.4,M,4.6,F*3B
2026-05-31T13:27:17.5797123Z $SDDPT,8.4,0.0,*77
2026-05-31T13:27:17.6277701Z $IIHDG,343.4,,,14.0,W*05
2026-05-31T13:27:17.6277701Z $SDMTW,14.8,C*09
2026-05-31T13:27:17.6277701Z $SDVLW,,N,,N,,N,,N*5A
2026-05-31T13:27:17.6756685Z $IIHDG,343.4,,,14.0,W*05
2026-05-31T13:27:17.7395114Z $SDVHW,329.4,T,343.4,M,0.0,N,0.0,K*4E
2026-05-31T13:27:17.8105909Z $IIHDG,343.4,,,14.0,W*05
2026-05-31T13:27:17.8667455Z $WIMWD,302.9,T,317.0,M,8.2,N,4.2,M*5B
2026-05-31T13:27:17.8667455Z $WIMWV,333.6,R,7.9,N,A*28
2026-05-31T13:27:17.8667455Z $WIMWV,333.6,T,8.3,N,A*2B
2026-05-31T13:27:17.9221859Z $IIHDG,343.5,,,14.0,W*04
2026-05-31T13:27:17.9919170Z $IIXDR,C,13.0,C,AIRTEMP,A,2.1,D,HEEL,A,0.3,D,TRIM,P,1.015,B,BARO,A,-0.4,D,RUDDER*37
2026-05-31T13:27:18.0448459Z $IIHDG,343.5,,,14.0,W*04
2026-05-31T13:27:18.0448459Z $GNGGA,132716,4230.0897,N,07050.4995,W,2,00,0.50,9,M,-32.6,M,,*45
2026-05-31T13:27:18.0887993Z $GPGLC,9960,,,13928.96,A,25847.49,A,44324.30,A,60280.08,A,,*78
2026-05-31T13:27:18.1367066Z $IIHDG,343.5,,,14.0,W*04
2026-05-31T13:27:18.1367066Z $GPGLL,4230.0898,N,07050.4996,W,132716,A,D*5C
2026-05-31T13:27:18.1367066Z $GNGSA,A,3,,,,,,,,,,,,,0.70,0.50,0.50*1B
2026-05-31T13:27:18.1367066Z $GNGSV,3,1,11,01,12,054,,03,37,058,,06,61,248,,11,21,239,*68
2026-05-31T13:27:18.1400874Z $GNGSV,3,2,11,12,07,320,,14,40,166,,17,67,066,,19,68,322,*61
2026-05-31T13:27:18.1400874Z $GNGSV,3,3,11,22,59,174,,24,13,285,,44,23,237,*55
2026-05-31T13:27:18.1845971Z !AIVDM,1,1,,,E>k`vt<r0h@@@@@@@@@@@@@@@@@=MwTH<E=u@00000000?,4*12
2026-05-31T13:27:18.2336226Z $GPRMC,132716,A,4230.0898,N,07050.4996,W,0.1,205.0,310526,14.1,W,D*23
2026-05-31T13:27:18.2336226Z $IIHDG,343.5,,,14.0,W*04
2026-05-31T13:27:18.2892928Z $GPVTG,205.0,T,219.1,M,0.1,N,0.1,K,A*2F
2026-05-31T13:27:18.2892928Z $GPZDA,132716,31,05,2026,04,00*4D
2026-05-31T13:27:18.2892928Z !AIVDM,1,1,,,35NO=dPOP0JroT@H>`1:H5<R0000,0*0B
2026-05-31T13:27:18.3465496Z $IIHDG,343.4,,,14.0,W*05
2026-05-31T13:27:18.3897406Z $GPAAM,,,,N,*38
2026-05-31T13:27:18.4451771Z $IIHDG,343.4,,,14.0,W*05
2026-05-31T13:27:18.4451771Z $GPAPB,,,,,,,,,,,,,,,N*26
2026-05-31T13:27:18.4451771Z $GPBOD,,T,,M,,*47
2026-05-31T13:27:18.5004563Z $GPRMB,,,,,,,,,,,,,,N*04
2026-05-31T13:27:18.5004563Z $GPXTE,,,,,N,N*5E
2026-05-31T13:27:18.5004563Z $IIHDG,343.4,,,14.0,W*05
2026-05-31T13:27:18.5553542Z $SDDBT,27.6,f,8.4,M,4.6,F*3B
2026-05-31T13:27:18.6113275Z $SDDPT,8.4,0.0,*77
2026-05-31T13:27:18.6113275Z $SDMTW,14.8,C*09
2026-05-31T13:27:18.6113275Z $IIHDG,343.4,,,14.0,W*05
2026-05-31T13:27:18.6590579Z $SDVLW,,N,,N,,N,,N*5A
2026-05-31T13:27:18.7098839Z !AIVDM,1,1,,,35NO=iPPP=Jrp1HH>WV:O`4T0000,0*6A
2026-05-31T13:27:18.7098839Z $IIHDG,343.3,,,14.0,W*02
2026-05-31T13:27:18.7098839Z $SDVHW,329.3,T,343.3,M,0.0,N,0.0,K*4E
2026-05-31T13:27:18.7797950Z !AIVDM,1,1,,,152Wpn<01DrsJQHH?jf2dR<N2000,0*3C
2026-05-31T13:27:18.8347670Z $IIHDG,343.3,,,14.0,W*02
2026-05-31T13:27:18.8347670Z $WIMWD,304.4,T,318.4,M,8.1,N,4.2,M*58
2026-05-31T13:27:18.8347670Z $WIMWV,335.2,R,8.0,N,A*2C
2026-05-31T13:27:18.8347670Z $WIMWV,335.2,T,8.0,N,A*2A
2026-05-31T13:27:18.9022706Z $IIHDG,343.2,,,14.0,W*03
2026-05-31T13:27:18.9465557Z !AIVDM,1,1,,,35NwCQPPQ2rs?78HBfob?`6P0000,0*40
2026-05-31T13:27:18.9937317Z $IIXDR,C,13.0,C,AIRTEMP,A,3.9,D,HEEL,A,0.5,D,TRIM,P,1.016,B,BARO,A,-0.2,D,RUDDER*3D
2026-05-31T13:27:19.0413964Z $IIHDG,343.2,,,14.0,W*03
2026-05-31T13:27:19.0413964Z $GNGGA,132717,4230.0899,N,07050.4996,W,2,00,0.50,9,M,-32.6,M,,*49
2026-05-31T13:27:19.0924803Z $GPGLC,9960,,,13928.96,A,25847.49,A,44324.30,A,60280.08,A,,*78
2026-05-31T13:27:19.0924803Z !AIVDM,1,1,,,15N1c70000Jrmw8H?GB<cmbR0000,0*22
2026-05-31T13:27:19.1424668Z $GPGLL,4230.0898,N,07050.4996,W,132717,A,D*5D
2026-05-31T13:27:19.1424668Z $IIHDG,343.2,,,14.0,W*03
2026-05-31T13:27:19.1424668Z $GNGSA,A,3,,,,,,,,,,,,,0.70,0.50,0.50*1B
2026-05-31T13:27:19.1424668Z $GNGSV,3,1,11,01,12,054,,03,37,058,,06,61,248,,11,21,239,*68
2026-05-31T13:27:19.1424668Z $GNGSV,3,2,11,12,07,320,,14,40,166,,17,67,066,,19,68,322,*61
2026-05-31T13:27:19.1424668Z $GNGSV,3,3,11,22,59,174,,24,13,285,,44,23,237,*55
2026-05-31T13:27:19.1853128Z $GPRMC,132717,A,4230.0898,N,07050.4996,W,0.1,205.0,310526,14.1,W,D*22
2026-05-31T13:27:19.2495399Z $IIHDG,343.2,,,14.0,W*03
2026-05-31T13:27:19.2495399Z $GPVTG,205.0,T,219.1,M,0.1,N,0.2,K,A*2C
2026-05-31T13:27:19.2974645Z $GPZDA,132717,31,05,2026,04,00*4C
2026-05-31T13:27:19.3451322Z $IIHDG,343.2,,,14.0,W*03
2026-05-31T13:27:19.3969680Z $GPAAM,,,,N,*38
2026-05-31T13:27:19.4478818Z $IIHDG,343.2,,,14.0,W*03
2026-05-31T13:27:19.4478818Z $GPAPB,,,,,,,,,,,,,,,N*26
2026-05-31T13:27:19.4478818Z $GPBOD,,T,,M,,*47
2026-05-31T13:27:19.4985997Z $GPRMB,,,,,,,,,,,,,,N*04
2026-05-31T13:27:19.5541188Z $GPXTE,,,,,N,N*5E
2026-05-31T13:27:19.5541188Z $IIHDG,343.2,,,14.0,W*03
2026-05-31T13:27:19.6007239Z $SDDBT,27.6,f,8.4,M,4.6,F*3B
2026-05-31T13:27:19.6007239Z $SDDPT,8.4,0.0,*77
2026-05-31T13:27:19.6007239Z $SDMTW,14.8,C*09
2026-05-31T13:27:19.6490298Z !AIVDM,1,1,,,B52h;2@00VfpN065B`83GwP00000,0*47
2026-05-31T13:27:19.6490298Z $IIHDG,343.2,,,14.0,W*03
2026-05-31T13:27:19.6490298Z $SDVLW,,N,,N,,N,,N*5A
2026-05-31T13:27:19.6966217Z $SDVHW,329.1,T,343.2,M,0.0,N,0.0,K*4D
2026-05-31T13:27:19.7601284Z $IIHDG,343.2,,,14.0,W*03
2026-05-31T13:27:19.7601284Z !AIVDM,1,1,,,15NK=p0042rsh4`H=P`4HkFT0000,0*50
2026-05-31T13:27:19.8141364Z $IIHDG,343.2,,,14.0,W*03
2026-05-31T13:27:19.8562030Z $WIMWD,306.1,T,320.2,M,7.5,N,3.9,M*55
2026-05-31T13:27:19.8562030Z $WIMWV,336.9,R,7.9,N,A*22
2026-05-31T13:27:19.8562030Z $WIMWV,336.9,T,7.5,N,A*28
2026-05-31T13:27:19.9130504Z $IIHDG,343.2,,,14.0,W*03
2026-05-31T13:27:19.9785553Z !AIVDM,1,1,,,352l5NhOQdrs@AhH>bnQ:14R0000,0*78
2026-05-31T13:27:20.0314309Z $IIXDR,C,13.0,C,AIRTEMP,A,3.8,D,HEEL,A,0.4,D,TRIM,P,1.015,B,BARO,A,-0.3,D,RUDDER*3F
2026-05-31T13:27:20.0314309Z $IIHDG,343.2,,,14.0,W*03
2026-05-31T13:27:20.0314309Z $GNGGA,132718,4230.0898,N,07050.4996,W,2,00,0.50,9,M,-32.6,M,,*47
2026-05-31T13:27:20.0794836Z $GPGLC,9960,,,13928.96,A,25847.49,A,44324.30,A,60280.08,A,,*78
2026-05-31T13:27:20.1277266Z $GPGLL,4230.0899,N,07050.4996,W,132718,A,D*53
2026-05-31T13:27:20.1277266Z $IIHDG,343.2,,,14.0,W*03
2026-05-31T13:27:20.1777606Z $GNGSA,A,3,,,,,,,,,,,,,0.70,0.50,0.50*1B
2026-05-31T13:27:20.1777606Z $GNGSV,3,1,11,01,12,054,,03,37,058,,06,61,248,,11,21,239,*68
2026-05-31T13:27:20.1777606Z $GNGSV,3,2,11,12,07,320,,14,40,166,,17,67,066,,19,68,322,*61
2026-05-31T13:27:20.1777606Z $GNGSV,3,3,11,22,59,174,,24,13,285,,44,23,237,*55
2026-05-31T13:27:20.2225652Z $GPRMC,132718,A,4230.0899,N,07050.4996,W,0.1,205.0,310526,14.1,W,D*2C
2026-05-31T13:27:20.2225652Z $IIHDG,343.2,,,14.0,W*03
2026-05-31T13:27:20.2701784Z $GPVTG,205.0,T,219.1,M,0.1,N,0.2,K,A*2C
2026-05-31T13:27:20.2701784Z $GPZDA,132718,31,05,2026,04,00*43
2026-05-31T13:27:20.3181024Z $IIHDG,343.2,,,14.0,W*03
2026-05-31T13:27:20.3816203Z $GPAAM,,,,N,*38
2026-05-31T13:27:20.4453602Z $GPAPB,,,,,,,,,,,,,,,N*26
2026-05-31T13:27:20.4453602Z $IIHDG,343.2,,,14.0,W*03
2026-05-31T13:27:20.4453602Z $GPBOD,,T,,M,,*47
2026-05-31T13:27:20.4974445Z $GPRMB,,,,,,,,,,,,,,N*04
2026-05-31T13:27:20.5421361Z $GPXTE,,,,,N,N*5E
2026-05-31T13:27:20.5421361Z $IIHDG,343.2,,,14.0,W*03
2026-05-31T13:27:20.5886525Z $SDDBT,27.6,f,8.4,M,4.6,F*3B
2026-05-31T13:27:20.5927106Z $SDDPT,8.4,0.0,*77
2026-05-31T13:27:20.6363564Z $SDMTW,14.8,C*09
2026-05-31T13:27:20.6363564Z $SDVLW,,N,,N,,N,,N*5A
2026-05-31T13:27:20.6411137Z $IIHDG,343.2,,,14.0,W*03
2026-05-31T13:27:20.7092514Z $SDVHW,329.2,T,343.2,M,0.0,N,0.0,K*4E
2026-05-31T13:27:20.7628669Z $IIHDG,343.2,,,14.0,W*03
2026-05-31T13:27:20.8148476Z $WIMWD,306.6,T,320.7,M,7.9,N,4.1,M*54
2026-05-31T13:27:20.8752953Z $IIHDG,343.3,,,14.0,W*02
2026-05-31T13:27:20.8752953Z $WIMWV,337.4,R,7.8,N,A*2F
2026-05-31T13:27:20.8752953Z $WIMWV,337.4,T,7.9,N,A*28
2026-05-31T13:27:20.9233115Z $IIHDG,343.3,,,14.0,W*02
2026-05-31T13:27:20.9916444Z $IIXDR,C,13.0,C,AIRTEMP,A,2.0,D,HEEL,A,0.5,D,TRIM,P,1.016,B,BARO,A,-0.3,D,RUDDER*34
2026-05-31T13:27:21.0462678Z $GNGGA,132719,4230.0899,N,07050.4997,W,2,00,0.50,9,M,-32.6,M,,*46
2026-05-31T13:27:21.0462678Z $IIHDG,343.4,,,14.0,W*05
2026-05-31T13:27:21.0994786Z $GPGLC,9960,,,13928.96,A,25847.49,A,44324.30,A,60280.08,A,,*78
2026-05-31T13:27:21.0994786Z $GPGLL,4230.0898,N,07050.4995,W,132719,A,D*50
2026-05-31T13:27:21.1480947Z $GNGSA,A,3,,,,,,,,,,,,,0.70,0.50,0.50*1B
2026-05-31T13:27:21.1480947Z $GNGSV,3,1,11,01,12,054,,03,37,058,,06,61,248,,11,21,239,*68
2026-05-31T13:27:21.1480947Z $GNGSV,3,2,11,12,07,320,,14,39,166,,17,67,066,,19,68,322,*6F
2026-05-31T13:27:21.1480947Z $GNGSV,3,3,11,22,59,174,,24,13,285,,44,23,237,*55
2026-05-31T13:27:21.1537330Z $IIHDG,343.4,,,14.0,W*05
2026-05-31T13:27:21.1944514Z $GPRMC,132719,A,4230.0898,N,07050.4995,W,0.1,205.0,310526,14.1,W,D*2F
2026-05-31T13:27:21.2421449Z !AIVDM,1,1,,,1;KMsk@P00Jrh48H?W>4TFVV0000,0*07
2026-05-31T13:27:21.2421449Z $GPVTG,205.0,T,219.1,M,0.1,N,0.2,K,A*2C
2026-05-31T13:27:21.2980956Z $IIHDG,343.4,,,14.0,W*05
2026-05-31T13:27:21.2980956Z $GPZDA,132719,31,05,2026,04,00*42
2026-05-31T13:27:21.2980956Z !AIVDM,1,1,,,ENk`sl>`@@@@@@@@@@@@@@@@@@@=OTgH<LwsP00000000?,4*70
2026-05-31T13:27:21.3460211Z $IIHDG,343.5,,,14.0,W*04
2026-05-31T13:27:21.3941579Z !AIVDM,1,1,,,H52m<JlU000000000000000`5210,0*5C
2026-05-31T13:27:21.3941579Z $GPAAM,,,,N,*38
2026-05-31T13:27:21.4427080Z $GPAPB,,,,,,,,,,,,,,,N*26
2026-05-31T13:27:21.4427080Z $GPBOD,,T,,M,,*47
2026-05-31T13:27:21.4427080Z !AIVDM,1,1,,,B52oU<@14FftK:65NqJTWwP00000,0*26
2026-05-31T13:27:21.4905134Z $IIHDG,343.5,,,14.0,W*04
2026-05-31T13:27:21.5384698Z $GPRMB,,,,,,,,,,,,,,N*04
2026-05-31T13:27:21.5384698Z $GPXTE,,,,,N,N*5E
2026-05-31T13:27:21.5867341Z $IIHDG,343.5,,,14.0,W*04
2026-05-31T13:27:21.5867341Z $SDDBT,27.6,f,8.4,M,4.6,F*3B
2026-05-31T13:27:21.5867341Z $SDDPT,8.4,0.0,*77
2026-05-31T13:27:21.6394567Z $SDMTW,14.8,C*09
2026-05-31T13:27:21.6394567Z $SDVLW,,N,,N,,N,,N*5A
2026-05-31T13:27:21.6828145Z $IIHDG,343.5,,,14.0,W*04
2026-05-31T13:27:21.7308422Z $SDVHW,329.5,T,343.5,M,0.0,N,0.0,K*4E
2026-05-31T13:27:21.7308422Z !AIVDM,1,1,,,35NO=l0OP3JrnI0H>WW1DSJ`0000,0*78
2026-05-31T13:27:21.7788932Z $IIHDG,343.6,,,14.0,W*07
2026-05-31T13:27:21.8270303Z $WIMWD,305.6,T,319.7,M,8.0,N,4.1,M*5B
2026-05-31T13:27:21.8270303Z !AIVDM,1,1,,,35NwCQPPQ3rs?4hHBfnb<`6V0000,0*16
2026-05-31T13:27:21.8748975Z $WIMWV,336.3,R,7.9,N,A*28
2026-05-31T13:27:21.8748975Z $WIMWV,336.2,T,8.0,N,A*29
2026-05-31T13:27:21.8748975Z $IIHDG,343.6,,,14.0,W*07
2026-05-31T13:27:21.9610696Z $IIHDG,343.6,,,14.0,W*07
2026-05-31T13:27:22.0195769Z $IIXDR,C,13.0,C,AIRTEMP,A,2.1,D,HEEL,A,0.2,D,TRIM,P,1.015,B,BARO,A,-0.1,D,RUDDER*33
2026-05-31T13:27:22.0195769Z $GNGGA,132720,4230.0899,N,07050.4995,W,2,00,0.50,9,M,-32.6,M,,*4E
2026-05-31T13:27:22.0681036Z $IIHDG,343.6,,,14.0,W*07
2026-05-31T13:27:22.1186040Z $GPGLC,9960,,,13928.96,A,25847.49,A,44324.30,A,60280.08,A,,*78
2026-05-31T13:27:22.1186040Z $GPGLL,4230.0897,N,07050.4993,W,132720,A,D*53
2026-05-31T13:27:22.1642967Z $GNGSA,A,3,,,,,,,,,,,,,0.70,0.50,0.50*1B
2026-05-31T13:27:22.1642967Z $GNGSV,3,1,11,01,12,054,,03,37,058,,06,61,248,,11,21,239,*68
2026-05-31T13:27:22.1642967Z $GNGSV,3,2,11,12,07,320,,14,39,166,,17,67,066,,19,68,322,*6F
2026-05-31T13:27:22.1642967Z $GNGSV,3,3,11,22,59,174,,24,13,285,,44,23,237,*55
2026-05-31T13:27:22.1642967Z $IIHDG,343.6,,,14.0,W*07
2026-05-31T13:27:22.2189655Z !AIVDM,1,1,,,ENk`sl>`@@@@@@@@@@@@@@@@@@@=OTgH<LwsP00000000?,4*70
2026-05-31T13:27:22.2189655Z $GPRMC,132720,A,4230.0897,N,07050.4993,W,0.1,205.0,310526,14.1,W,D*2C
2026-05-31T13:27:22.2767655Z $GPVTG,205.0,T,219.1,M,0.1,N,0.2,K,A*2C
2026-05-31T13:27:22.2767655Z $GPZDA,132720,31,05,2026,04,00*48
2026-05-31T13:27:22.2767655Z $IIHDG,343.6,,,14.0,W*07
2026-05-31T13:27:22.3412145Z !AIVDM,1,1,,,15OGwBPP0oJrkt8H?93Twwv`0000,0*21
2026-05-31T13:27:22.4056857Z $IIHDG,343.6,,,14.0,W*07
2026-05-31T13:27:22.4056857Z $GPAAM,,,,N,*38
2026-05-31T13:27:22.4543060Z $GPAPB,,,,,,,,,,,,,,,N*26
2026-05-31T13:27:22.4543060Z $GPBOD,,T,,M,,*47
2026-05-31T13:27:22.5022521Z $IIHDG,343.6,,,14.0,W*07
2026-05-31T13:27:22.5022521Z $GPRMB,,,,,,,,,,,,,,N*04
2026-05-31T13:27:22.5022521Z $GPXTE,,,,,N,N*5E
2026-05-31T13:27:22.5502746Z !AIVDM,1,1,,,35NO=dPOP0JroTHH>WwbH5>d0000,0*1E
2026-05-31T13:27:22.5983779Z $SDDBT,27.6,f,8.4,M,4.6,F*3B
2026-05-31T13:27:22.5983779Z $IIHDG,343.5,,,14.0,W*04
2026-05-31T13:27:22.5983779Z $SDDPT,8.4,0.0,*77
2026-05-31T13:27:22.5983779Z $SDMTW,14.8,C*09
2026-05-31T13:27:22.6471325Z $SDVLW,,N,,N,,N,,N*5A
2026-05-31T13:27:22.6943301Z $IIHDG,343.5,,,14.0,W*04
2026-05-31T13:27:22.7422464Z $SDVHW,329.5,T,343.5,M,0.0,N,0.0,K*4E
2026-05-31T13:27:22.7896816Z !AIVDM,2,1,6,,55NEt6P00001L@S;7H04DLD4r1<D62222222201J1@;2413F08i0ERDmRC31,0*2F
2026-05-31T13:27:22.7896816Z !AIVDM,2,2,7,,H4RH8888803,2*0F
2026-05-31T13:27:22.7896816Z $IIHDG,343.5,,,14.0,W*04
2026-05-31T13:27:22.8366985Z $WIMWD,306.9,T,320.9,M,7.2,N,3.7,M*5F
2026-05-31T13:27:22.8845204Z $WIMWV,337.4,R,7.8,N,A*2F
2026-05-31T13:27:22.8845204Z $WIMWV,337.2,T,7.2,N,A*25
2026-05-31T13:27:22.8845204Z !AIVDM,1,1,,,35NO=iPPP;Jrp0pH>WUbMH2d0000,0*12
2026-05-31T13:27:22.8845204Z $IIHDG,343.5,,,14.0,W*04
2026-05-31T13:27:22.9322112Z !AIVDM,1,1,,,352l5NhOQdrs@ChH>c9Q;A6`0000,0*6D
2026-05-31T13:27:22.9322112Z !AIVDM,1,1,,,H52M=21@Ptl5<TpD000000000000,0*3A
2026-05-31T13:27:22.9802413Z $IIHDG,343.5,,,14.0,W*04
2026-05-31T13:27:23.0283954Z $IIXDR,C,13.0,C,AIRTEMP,A,4.0,D,HEEL,A,0.1,D,TRIM,P,1.016,B,BARO,A,-0.5,D,RUDDER*30
2026-05-31T13:27:23.0283954Z $GNGGA,132721,4230.0898,N,07050.4994,W,2,01,0.50,9,M,-32.6,M,,*4E
2026-05-31T13:27:23.0764133Z $IIHDG,343.5,,,14.0,W*04
2026-05-31T13:27:23.0764133Z $GPGLC,9960,,,13928.96,A,25847.49,A,44324.30,A,60280.08,A,,*78
2026-05-31T13:27:23.1240882Z $GPGLL,4230.0898,N,07050.4992,W,132721,A,D*5C
2026-05-31T13:27:23.1723933Z $GNGSA,A,3,11,,,,,,,,,,,,0.70,0.50,0.50*1B
2026-05-31T13:27:23.1723933Z $GNGSV,3,1,11,01,12,054,,03,37,058,,06,61,248,,11,21,239,39*62
2026-05-31T13:27:23.1723933Z $GNGSV,3,2,11,12,07,320,,14,39,166,,17,67,066,,19,68,322,*6F
2026-05-31T13:27:23.1723933Z $GNGSV,3,3,11,22,59,174,,24,13,285,,44,23,237,*55
2026-05-31T13:27:23.1723933Z $IIHDG,343.5,,,14.0,W*04
2026-05-31T13:27:23.2218106Z $GPRMC,132721,A,4230.0898,N,07050.4992,W,0.1,205.0,310526,14.1,W,D*23
2026-05-31T13:27:23.2682108Z $GPVTG,205.0,T,219.1,M,0.1,N,0.1,K,A*2F
2026-05-31T13:27:23.2682108Z $GPZDA,132721,31,05,2026,04,00*49
2026-05-31T13:27:23.3151861Z $IIHDG,343.5,,,14.0,W*04
2026-05-31T13:27:23.3634094Z $IIHDG,343.5,,,14.0,W*04
2026-05-31T13:27:23.4117511Z $GPAAM,,,,N,*38
2026-05-31T13:27:23.4117511Z $GPAPB,,,,,,,,,,,,,,,N*26
2026-05-31T13:27:23.4597292Z $GPBOD,,T,,M,,*47
2026-05-31T13:27:23.5077086Z $IIHDG,343.5,,,14.0,W*04
2026-05-31T13:27:23.5077086Z !AIVDM,1,1,,,15NNo2P0h0rroIPH?FR3wV4b0000,0*57
2026-05-31T13:27:23.5077086Z $GPRMB,,,,,,,,,,,,,,N*04
2026-05-31T13:27:23.5077086Z $GPXTE,,,,,N,N*5E
2026-05-31T13:27:23.5552386Z $SDDBT,27.6,f,8.4,M,4.6,F*3B
2026-05-31T13:27:23.6032189Z $IIHDG,343.5,,,14.0,W*04
2026-05-31T13:27:23.6032189Z $SDDPT,8.4,0.0,*77
2026-05-31T13:27:23.6032189Z $SDMTW,14.8,C*09
2026-05-31T13:27:23.6509255Z $SDVLW,,N,,N,,N,,N*5A
2026-05-31T13:27:23.6984261Z $IIHDG,343.5,,,14.0,W*04
2026-05-31T13:27:23.7466558Z $SDVHW,329.4,T,343.5,M,0.0,N,0.0,K*4F
2026-05-31T13:27:23.7466558Z !AIVDM,1,1,,,15NO=g;P00JrjqpH@11<bOvb2000,0*0F
2026-05-31T13:27:23.7948071Z $IIHDG,343.4,,,14.0,W*05
2026-05-31T13:27:23.8432794Z $WIMWD,307.9,T,322.0,M,6.8,N,3.5,M*5C
2026-05-31T13:27:23.8432794Z $WIMWV,338.5,R,7.5,N,A*2C
2026-05-31T13:27:23.8432794Z $WIMWV,338.7,T,6.8,N,A*24
2026-05-31T13:27:23.8914456Z !AIVDM,1,1,,,15NK=p003vrsh?pH=P<TLCFd0000,0*28
2026-05-31T13:27:23.8914456Z $IIHDG,343.4,,,14.0,W*05
2026-05-31T13:27:23.9710769Z $IIHDG,343.4,,,14.0,W*05
2026-05-31T13:27:24.0193482Z $IIXDR,C,13.0,C,AIRTEMP,A,4.6,D,HEEL,A,0.3,D,TRIM,P,1.015,B,BARO,A,-0.4,D,RUDDER*36
2026-05-31T13:27:24.0670823Z $GNGGA,132722,4230.0898,N,07050.4993,W,2,00,0.50,8,M,-32.6,M,,*4A
2026-05-31T13:27:24.1153227Z $GPGLC,9960,,,13928.96,A,25847.49,A,44324.30,A,60280.08,A,,*78
2026-05-31T13:27:24.1153227Z $IIHDG,343.4,,,14.0,W*05
2026-05-31T13:27:24.1153227Z $GPGLL,4230.0898,N,07050.4993,W,132722,A,D*5E
2026-05-31T13:27:24.1630566Z $GNGSA,A,3,,,,,,,,,,,,,0.70,0.50,0.50*1B
2026-05-31T13:27:24.1630566Z $GNGSV,3,1,11,01,12,054,,03,37,058,,06,61,248,,11,21,239,*68
2026-05-31T13:27:24.1630566Z $GNGSV,3,2,11,12,07,320,,14,39,166,,17,67,066,,19,68,322,*6F
2026-05-31T13:27:24.1630566Z $GNGSV,3,3,11,22,59,174,,24,13,285,,44,23,237,*55
2026-05-31T13:27:24.2120301Z $IIHDG,343.3,,,14.0,W*02
2026-05-31T13:27:24.2120301Z $GPRMC,132722,A,4230.0898,N,07050.4993,W,0.1,205.0,310526,14.1,W,D*21
2026-05-31T13:27:24.2592671Z $GPVTG,205.0,T,219.1,M,0.1,N,0.2,K,A*2C
2026-05-31T13:27:24.2592671Z $GPZDA,132722,31,05,2026,04,00*4A
2026-05-31T13:27:24.3074664Z $IIHDG,343.3,,,14.0,W*02
2026-05-31T13:27:24.3848579Z $IIHDG,343.2,,,14.0,W*03
2026-05-31T13:27:24.4356254Z $GPAAM,,,,N,*38
2026-05-31T13:27:24.4356254Z $GPAPB,,,,,,,,,,,,,,,N*26
2026-05-31T13:27:24.4356254Z $GPBOD,,T,,M,,*47
2026-05-31T13:27:24.4833842Z !AIVDM,1,1,,,35NO=l0OP3JrnI0H>WW1JkLf0000,0*4E
2026-05-31T13:27:24.5319181Z $IIHDG,343.2,,,14.0,W*03
2026-05-31T13:27:24.5319181Z $GPRMB,,,,,,,,,,,,,,N*04
2026-05-31T13:27:24.5319181Z $GPXTE,,,,,N,N*5E
2026-05-31T13:27:24.5821425Z $SDDBT,27.5,f,8.4,M,4.5,F*3B
2026-05-31T13:27:24.6271058Z $SDDPT,8.4,0.0,*77
2026-05-31T13:27:24.6271058Z $IIHDG,343.1,,,14.0,W*00
2026-05-31T13:27:24.6271058Z $SDMTW,14.8,C*09
2026-05-31T13:27:24.6271058Z !AIVDM,1,1,,,15O=hk5t1CJsG:8H>giQQQ@L0000,0*78
2026-05-31T13:27:24.6750888Z $SDVLW,,N,,N,,N,,N*5A
2026-05-31T13:27:24.7262540Z $IIHDG,343.1,,,14.0,W*00
2026-05-31T13:27:24.7262540Z $SDVHW,329.0,T,343.1,M,0.0,N,0.0,K*4F
2026-05-31T13:27:24.7874620Z $IIHDG,343.0,,,14.0,W*01
2026-05-31T13:27:24.8513799Z $WIMWD,308.8,T,322.8,M,6.3,N,3.3,M*57
2026-05-31T13:27:24.8513799Z !AIVDM,1,1,,,153>KLP000rrh:0H?V``E6Pf0000,0*0F
2026-05-31T13:27:24.8513799Z $WIMWV,339.7,R,7.1,N,A*2B
2026-05-31T13:27:24.8513799Z $WIMWV,339.7,T,6.3,N,A*2E
2026-05-31T13:27:24.8995304Z $IIHDG,343.0,,,14.0,W*01
2026-05-31T13:27:24.9793076Z $IIXDR,C,13.1,C,AIRTEMP,A,2.2,D,HEEL,A,0.6,D,TRIM,P,1.016,B,BARO,A,-0.3,D,RUDDER*34
2026-05-31T13:27:25.0431337Z $IIHDG,343.0,,,14.0,W*01
2026-05-31T13:27:25.0431337Z $GNGGA,132723,4230.0899,N,07050.4993,W,2,00,0.50,9,M,-32.6,M,,*4B
2026-05-31T13:27:25.0916434Z $GPGLC,9960,,,13928.96,A,25847.49,A,44324.30,A,60280.08,A,,*78
2026-05-31T13:27:25.1397015Z $GPGLL,4230.0899,N,07050.4993,W,132723,A,D*5E
2026-05-31T13:27:25.1397015Z $IIHDG,343.0,,,14.0,W*01
2026-05-31T13:27:25.1864773Z $GNGSA,A,3,,,,,,,,,,,,,0.70,0.50,0.50*1B
2026-05-31T13:27:25.1864773Z $GNGSV,3,1,11,01,12,054,,03,37,058,,06,61,248,,11,21,239,*68
2026-05-31T13:27:25.1864773Z $GNGSV,3,2,11,12,07,320,,14,39,166,,17,67,066,,19,68,322,*6F
2026-05-31T13:27:25.1864773Z $GNGSV,3,3,11,22,59,174,,24,13,285,,44,23,237,*55
2026-05-31T13:27:25.2342730Z $GPRMC,132723,A,4230.0899,N,07050.4993,W,0.1,205.0,310526,14.1,W,D*21
2026-05-31T13:27:25.2342730Z $IIHDG,342.9,,,14.0,W*09
2026-05-31T13:27:25.2826883Z $GPVTG,205.0,T,219.1,M,0.1,N,0.3,K,A*2D
2026-05-31T13:27:25.2826883Z $GPZDA,132723,31,05,2026,04,00*4B
2026-05-31T13:27:25.3319087Z $IIHDG,342.9,,,14.0,W*09
2026-05-31T13:27:25.3790273Z $GPAAM,,,,N,*38
2026-05-31T13:27:25.4434291Z $IIHDG,342.9,,,14.0,W*09
2026-05-31T13:27:25.4434291Z $GPAPB,,,,,,,,,,,,,,,N*26
2026-05-31T13:27:25.4434291Z $GPBOD,,T,,M,,*47
2026-05-31T13:27:25.4911544Z $GPRMB,,,,,,,,,,,,,,N*04
2026-05-31T13:27:25.5554310Z $GPXTE,,,,,N,N*5E
2026-05-31T13:27:25.5554310Z !AIVDM,1,1,,,15NO=dPOP0JroU8H>Ws:H5@j0000,0*41
2026-05-31T13:27:25.5554310Z $IIHDG,342.9,,,14.0,W*09
2026-05-31T13:27:25.6037350Z $SDDBT,27.2,f,8.3,M,4.5,F*3B
2026-05-31T13:27:25.6037350Z $SDDPT,8.3,0.0,*70
2026-05-31T13:27:25.6518310Z $SDMTW,14.8,C*09
2026-05-31T13:27:25.6518310Z $IIHDG,342.9,,,14.0,W*09
2026-05-31T13:27:25.6518310Z $SDVLW,,N,,N,,N,,N*5A
2026-05-31T13:27:25.6998011Z $IIHDG,342.9,,,14.0,W*09
2026-05-31T13:27:25.7631752Z $SDVHW,328.8,T,342.9,M,0.0,N,0.0,K*4F
2026-05-31T13:27:25.8121396Z !AIVDM,1,1,,,19NSfbh000rrnu8H>W=3S8Fd0000,0*6B
2026-05-31T13:27:25.8121396Z $IIHDG,342.8,,,14.0,W*08
2026-05-31T13:27:25.8601825Z $WIMWD,308.1,T,322.2,M,6.4,N,3.3,M*53
2026-05-31T13:27:25.8601825Z $WIMWV,339.1,R,6.8,N,A*25
2026-05-31T13:27:25.8601825Z $WIMWV,339.0,T,6.3,N,A*29
2026-05-31T13:27:25.9070239Z !AIVDM,1,1,,,15NO=iPPP9Jrp0hH>WUbKovj0000,0*61
2026-05-31T13:27:25.9555085Z $IIHDG,342.8,,,14.0,W*08
2026-05-31T13:27:26.0032346Z $IIXDR,C,13.1,C,AIRTEMP,A,0.5,D,HEEL,A,0.3,D,TRIM,P,1.015,B,BARO,A,-0.1,D,RUDDER*35
2026-05-31T13:27:26.0527902Z $IIHDG,342.8,,,14.0,W*08
2026-05-31T13:27:26.0527902Z $GNGGA,132724,4230.0900,N,07050.4993,W,2,00,0.50,9,M,-32.6,M,,*4D
2026-05-31T13:27:26.0527902Z !AIVDM,1,1,,,15NK=p0040rshEPH=OvTGkFh0000,0*49
2026-05-31T13:27:26.0998566Z $GPGLC,9960,,,13928.96,A,25847.49,A,44324.30,A,60280.08,A,,*78
2026-05-31T13:27:26.0998566Z $GPGLL,4230.0899,N,07050.4992,W,132724,A,D*58
2026-05-31T13:27:26.1474137Z $IIHDG,342.8,,,14.0,W*08
2026-05-31T13:27:26.1474137Z $GNGSA,A,3,,,,,,,,,,,,,0.70,0.50,0.50*1B
2026-05-31T13:27:26.1474137Z $GNGSV,3,1,11,01,12,054,,03,37,058,,06,61,249,,11,21,239,*69
2026-05-31T13:27:26.1474137Z $GNGSV,3,2,11,12,07,320,,14,39,166,,17,67,066,,19,68,322,*6F
2026-05-31T13:27:26.1474137Z $GNGSV,3,3,11,22,59,174,,24,13,285,,44,23,237,*55
2026-05-31T13:27:26.1949730Z !AIVDM,1,1,,,E>k`vt<r0h@@@@@@@@@@@@@@@@@=MwTH<E=u@00000000?,4*12
2026-05-31T13:27:26.2431457Z $GPRMC,132724,A,4230.0899,N,07050.4992,W,0.2,205.0,310526,14.1,W,D*24
2026-05-31T13:27:26.2431457Z $IIHDG,342.8,,,14.0,W*08
2026-05-31T13:27:26.2431457Z $GPVTG,205.0,T,219.1,M,0.2,N,0.3,K,A*2E
2026-05-31T13:27:26.2912243Z $GPZDA,132724,31,05,2026,04,00*4C
2026-05-31T13:27:26.3400080Z $IIHDG,342.8,,,14.0,W*08
2026-05-31T13:27:26.3400080Z !AIVDM,1,1,,,152l5NhOQdrs@FHH>cS1>i6h0000,0*65
2026-05-31T13:27:26.3871831Z $GPAAM,,,,N,*38
2026-05-31T13:27:26.4509705Z $GPAPB,,,,,,,,,,,,,,,N*26
2026-05-31T13:27:26.4509705Z $IIHDG,342.7,,,14.0,W*07
2026-05-31T13:27:26.4509705Z $GPBOD,,T,,M,,*47
2026-05-31T13:27:26.4996929Z $GPRMB,,,,,,,,,,,,,,N*04
2026-05-31T13:27:26.5469929Z $GPXTE,,,,,N,N*5E
2026-05-31T13:27:26.5469929Z !AIVDM,1,1,,,18IPTf001Mrs@DHH>Ws1cQFb0000,0*01
2026-05-31T13:27:26.5469929Z $IIHDG,342.7,,,14.0,W*07
2026-05-31T13:27:26.5949096Z $SDDBT,27.6,f,8.4,M,4.6,F*3B
2026-05-31T13:27:26.5949096Z $SDDPT,8.4,0.0,*77
2026-05-31T13:27:26.6424601Z $SDMTW,14.8,C*09
2026-05-31T13:27:26.6424601Z $IIHDG,342.7,,,14.0,W*07
2026-05-31T13:27:26.6901579Z $SDVLW,,N,,N,,N,,N*5A
2026-05-31T13:27:26.7381772Z $SDVHW,328.7,T,342.7,M,0.0,N,0.0,K*4E
2026-05-31T13:27:26.7381772Z $IIHDG,342.7,,,14.0,W*07
2026-05-31T13:27:26.8063657Z !AIVDM,1,1,,,B52oU<@146ftFR65NlRNwwP00000,0*0C
2026-05-31T13:27:26.8063657Z !AIVDM,1,1,,,15N9sFP001rrso@H@`e7`4pl0000,0*6E
2026-05-31T13:27:26.8497848Z $IIHDG,342.7,,,14.0,W*07
2026-05-31T13:27:26.8497848Z $WIMWD,307.4,T,321.5,M,6.1,N,3.2,M*59
2026-05-31T13:27:26.8497848Z $WIMWV,338.7,R,6.6,N,A*2C
2026-05-31T13:27:26.8497848Z $WIMWV,338.7,T,6.1,N,A*2D
2026-05-31T13:27:26.9136607Z $IIHDG,342.7,,,14.0,W*07
2026-05-31T13:27:26.9932549Z $IIXDR,C,13.1,C,AIRTEMP,A,2.3,D,HEEL,A,-0.1,D,TRIM,P,1.016,B,BARO,A,-0.2,D,RUDDER*1E
2026-05-31T13:27:27.0415309Z $IIHDG,342.7,,,14.0,W*07
2026-05-31T13:27:27.0415309Z $GNGGA,132725,4230.0900,N,07050.4991,W,2,00,0.50,8,M,-32.6,M,,*4F
2026-05-31T13:27:27.0894308Z !AIVDM,1,1,,,15NO=l0OP3JrnI0H>WW1ESNj0000,0*75
2026-05-31T13:27:27.0894308Z $GPGLC,9960,,,13928.96,A,25847.49,A,44324.30,A,60280.08,A,,*78
2026-05-31T13:27:27.1371570Z $GPGLL,4230.0901,N,07050.4992,W,132725,A,D*59
2026-05-31T13:27:27.1371570Z $IIHDG,342.6,,,14.0,W*06
2026-05-31T13:27:27.1371570Z $GNGSA,A,3,,,,,,,,,,,,,0.70,0.50,0.50*1B
2026-05-31T13:27:27.1371570Z $GNGSV,3,1,11,01,12,054,,03,37,058,,06,61,249,,11,21,239,*69
2026-05-31T13:27:27.1371570Z $GNGSV,3,2,11,12,07,320,,14,39,166,,17,67,066,,19,68,322,*6F
2026-05-31T13:27:27.1371570Z $GNGSV,3,3,11,22,59,174,,24,13,285,,44,23,237,*55
2026-05-31T13:27:27.1849427Z !AIVDM,1,1,,,15MeF10P00JrjtPH@0eafgvl0000,0*0D
2026-05-31T13:27:27.2353824Z $GPRMC,132725,A,4230.0901,N,07050.4992,W,0.2,205.0,310526,14.1,W,D*25
2026-05-31T13:27:27.2353824Z $IIHDG,342.6,,,14.0,W*06
2026-05-31T13:27:27.2809767Z $GPVTG,205.0,T,219.1,M,0.2,N,0.3,K,A*2E
2026-05-31T13:27:27.2809767Z $GPZDA,132725,31,05,2026,04,00*4D
2026-05-31T13:27:27.3290541Z !AIVDM,1,1,,,H52TGr0htpLEHUAV0TTT00000000,0*72
2026-05-31T13:27:27.3775708Z $IIHDG,342.5,,,14.0,W*05
2026-05-31T13:27:27.4252759Z $GPAAM,,,,N,*38
2026-05-31T13:27:27.4252759Z $GPAPB,,,,,,,,,,,,,,,N*26
2026-05-31T13:27:27.4728439Z $IIHDG,342.4,,,14.0,W*04
2026-05-31T13:27:27.4728439Z $GPBOD,,T,,M,,*47
2026-05-31T13:27:27.5206636Z $GPRMB,,,,,,,,,,,,,,N*04
2026-05-31T13:27:27.5206636Z $GPXTE,,,,,N,N*5E
2026-05-31T13:27:27.5707984Z $IIHDG,342.4,,,14.0,W*04
2026-05-31T13:27:27.5717819Z $SDDBT,27.6,f,8.4,M,4.6,F*3B
2026-05-31T13:27:27.6162346Z $SDDPT,8.4,0.0,*77
2026-05-31T13:27:27.6162346Z $SDMTW,14.8,C*09
2026-05-31T13:27:27.6643663Z $IIHDG,342.3,,,14.0,W*03
2026-05-31T13:27:27.7128778Z $SDVLW,,N,,N,,N,,N*5A
2026-05-31T13:27:27.7612816Z $SDVHW,328.2,T,342.3,M,0.0,N,0.0,K*4F
2026-05-31T13:27:27.7612816Z $IIHDG,342.2,,,14.0,W*02
2026-05-31T13:27:27.8257508Z $IIHDG,342.1,,,14.0,W*01
2026-05-31T13:27:27.8899116Z $WIMWD,308.7,T,322.8,M,5.6,N,2.9,M*55
2026-05-31T13:27:27.8899116Z $WIMWV,340.3,R,6.3,N,A*22
2026-05-31T13:27:27.8899116Z $WIMWV,340.8,T,5.6,N,A*29
2026-05-31T13:27:27.9374324Z !AIVDM,1,1,,,15NK=p0PSvrshJhH=Oi4GCDl0000,0*6E
2026-05-31T13:27:27.9374324Z $IIHDG,342.1,,,14.0,W*01
2026-05-31T13:27:27.9858196Z $IIXDR,C,13.1,C,AIRTEMP,A,4.6,D,HEEL,A,0.2,D,TRIM,P,1.015,B,BARO,A,-0.4,D,RUDDER*36
2026-05-31T13:27:28.0336545Z $GNGGA,132726,4230.0901,N,07050.4992,W,2,00,0.50,8,M,-32.6,M,,*4E
2026-05-31T13:27:28.0813744Z $IIHDG,342.0,,,14.0,W*00
2026-05-31T13:27:28.0813744Z $GPGLC,9960,,,13928.96,A,25847.49,A,44324.30,A,60280.08,A,,*78
2026-05-31T13:27:28.1293765Z $GPGLL,4230.0902,N,07050.4992,W,132726,A,D*59
2026-05-31T13:27:28.1776488Z $GNGSA,A,3,,,,,,,,,,,,,0.70,0.50,0.50*1B
2026-05-31T13:27:28.1776488Z $GNGSV,3,1,11,01,12,054,,03,37,058,,06,61,249,,11,21,239,*69
2026-05-31T13:27:28.1776488Z $GNGSV,3,2,11,12,07,320,,14,39,166,,17,67,066,,19,68,322,*6F
2026-05-31T13:27:28.1776488Z $GNGSV,3,3,11,22,59,174,,24,13,285,,44,23,237,*55
2026-05-31T13:27:28.1776488Z $IIHDG,341.9,,,14.0,W*0A
2026-05-31T13:27:28.2259893Z $GPRMC,132726,A,4230.0902,N,07050.4992,W,0.2,205.0,310526,14.1,W,D*25
2026-05-31T13:27:28.2259893Z !AIVDM,1,1,,,152Wpn<01DrsJb8H?k0Ri2<h2000,0*03
2026-05-31T13:27:28.2748469Z $GPVTG,205.0,T,219.1,M,0.2,N,0.3,K,A*2E
2026-05-31T13:27:28.2748469Z $GPZDA,132726,31,05,2026,04,00*4E
2026-05-31T13:27:28.2748469Z $IIHDG,341.8,,,14.0,W*0B
2026-05-31T13:27:28.3546532Z $IIHDG,341.7,,,14.0,W*04
2026-05-31T13:27:28.4191364Z $GPAAM,,,,N,*38
2026-05-31T13:27:28.4191364Z $GPAPB,,,,,,,,,,,,,,,N*26
2026-05-31T13:27:28.4672844Z $GPBOD,,T,,M,,*47
2026-05-31T13:27:28.4672844Z $IIHDG,341.6,,,14.0,W*05
2026-05-31T13:27:28.5155064Z $GPRMB,,,,,,,,,,,,,,N*04
2026-05-31T13:27:28.5155064Z $GPXTE,,,,,N,N*5E
2026-05-31T13:27:28.5638528Z !AIVDM,1,1,,,35NwCQPPQ3rs>w@HBfhb782l0000,0*17
2026-05-31T13:27:28.5638528Z $SDDBT,27.6,f,8.4,M,4.6,F*3B
2026-05-31T13:27:28.5638528Z $IIHDG,341.5,,,14.0,W*06
2026-05-31T13:27:28.6121004Z $SDDPT,8.4,0.0,*77
2026-05-31T13:27:28.6121004Z $SDMTW,14.8,C*09
2026-05-31T13:27:28.6598888Z $IIHDG,341.5,,,14.0,W*06
2026-05-31T13:27:28.7077544Z $SDVLW,,N,,N,,N,,N*5A
2026-05-31T13:27:28.7559568Z $SDVHW,327.4,T,341.5,M,0.0,N,0.0,K*43
2026-05-31T13:27:28.8042121Z $IIHDG,341.4,,,14.0,W*07
2026-05-31T13:27:28.8526946Z $WIMWD,310.1,T,324.2,M,5.4,N,2.8,M*55
2026-05-31T13:27:28.8526946Z $WIMWV,342.5,R,5.9,N,A*2F
2026-05-31T13:27:28.8526946Z $WIMWV,342.5,T,5.4,N,A*24
2026-05-31T13:27:28.9007086Z $IIHDG,341.3,,,14.0,W*00
2026-05-31T13:27:28.9650204Z $IIHDG,341.2,,,14.0,W*01
2026-05-31T13:27:29.0127172Z $IIXDR,C,13.1,C,AIRTEMP,A,3.5,D,HEEL,A,0.8,D,TRIM,P,1.016,B,BARO,A,-0.3,D,RUDDER*3C
2026-05-31T13:27:29.0608086Z $GNGGA,132727,4230.0902,N,07050.4993,W,2,00,0.50,8,M,-32.6,M,,*4D
2026-05-31T13:27:29.1089609Z $IIHDG,341.2,,,14.0,W*01
2026-05-31T13:27:29.1089609Z $GPGLC,9960,,,13928.96,A,25847.49,A,44324.30,A,60280.08,A,,*78
2026-05-31T13:27:29.1089609Z $GPGLL,4230.0901,N,07050.4992,W,132727,A,D*5B
2026-05-31T13:27:29.1568149Z $GNGSA,A,3,,,,,,,,,,,,,0.70,0.50,0.50*1B
2026-05-31T13:27:29.1568149Z $GNGSV,3,1,11,01,12,054,,03,37,058,,06,61,249,,11,21,239,*69
2026-05-31T13:27:29.1568149Z $GNGSV,3,2,11,12,07,320,,14,39,166,,17,67,066,,19,68,322,*6F
2026-05-31T13:27:29.1568149Z $GNGSV,3,3,11,22,59,174,,24,13,285,,44,23,237,*55
2026-05-31T13:27:29.2053429Z $IIHDG,341.2,,,14.0,W*01
2026-05-31T13:27:29.2053429Z $GPRMC,132727,A,4230.0901,N,07050.4992,W,0.2,205.0,310526,14.1,W,D*27
2026-05-31T13:27:29.2536870Z $GPVTG,205.0,T,219.1,M,0.2,N,0.3,K,A*2E
2026-05-31T13:27:29.2536870Z !AIVDM,1,1,,,ENk`sl>`@@@@@@@@@@@@@@@@@@@=OTgH<LwsP00000000?,4*70
2026-05-31T13:27:29.3021328Z $GPZDA,132727,31,05,2026,04,00*4F
2026-05-31T13:27:29.3021328Z $IIHDG,341.1,,,14.0,W*02
2026-05-31T13:27:29.3506456Z !AIVDM,1,1,,,35NO=dPOP0JroThH>Wt:H5Dp0000,0*0B
2026-05-31T13:27:29.3987220Z $IIHDG,341.1,,,14.0,W*02
2026-05-31T13:27:29.3987220Z $GPAAM,,,,N,*38
2026-05-31T13:27:29.4469058Z $GPAPB,,,,,,,,,,,,,,,N*26
2026-05-31T13:27:29.4469058Z $GPBOD,,T,,M,,*47
2026-05-31T13:27:29.4955103Z $IIHDG,341.0,,,14.0,W*03
2026-05-31T13:27:29.5443682Z $GPRMB,,,,,,,,,,,,,,N*04
2026-05-31T13:27:29.5443682Z $GPXTE,,,,,N,N*5E
2026-05-31T13:27:29.5926077Z $SDDBT,27.6,f,8.4,M,4.6,F*3B
2026-05-31T13:27:29.5926077Z $IIHDG,341.0,,,14.0,W*03
2026-05-31T13:27:29.5926077Z $SDDPT,8.4,0.0,*77
2026-05-31T13:27:29.6431075Z $SDMTW,14.8,C*09
2026-05-31T13:27:29.6892298Z $IIHDG,341.0,,,14.0,W*03
2026-05-31T13:27:29.6892298Z $SDVLW,,N,,N,,N,,N*5A
2026-05-31T13:27:29.7377667Z $SDVHW,326.9,T,341.0,M,0.0,N,0.0,K*4A
2026-05-31T13:27:29.7860317Z !AIVDM,1,1,,,15NK=p0PStrshP@H=OT4FkDp0000,0*56
2026-05-31T13:27:29.7860317Z $IIHDG,341.0,,,14.0,W*03
2026-05-31T13:27:29.8438187Z $WIMWD,309.5,T,323.5,M,6.2,N,3.2,M*57
2026-05-31T13:27:29.8983428Z $WIMWV,342.4,R,5.9,N,A*2E
2026-05-31T13:27:29.8983428Z $WIMWV,342.5,T,6.2,N,A*21
2026-05-31T13:27:29.8983428Z $IIHDG,341.0,,,14.0,W*03
2026-05-31T13:27:29.9628031Z $IIHDG,341.0,,,14.0,W*03
2026-05-31T13:27:30.0113365Z $IIXDR,C,13.1,C,AIRTEMP,A,1.4,D,HEEL,A,0.0,D,TRIM,P,1.015,B,BARO,A,-0.2,D,RUDDER*35
2026-05-31T13:27:30.0597155Z $GNGGA,132728,4230.0902,N,07050.4993,W,2,00,0.50,8,M,-32.6,M,,*42
2026-05-31T13:27:30.1083487Z $IIHDG,341.0,,,14.0,W*03
2026-05-31T13:27:30.1083487Z $GPGLC,9960,,,13928.96,A,25847.49,A,44324.30,A,60280.08,A,,*78
2026-05-31T13:27:30.1083487Z $GPGLL,4230.0901,N,07050.4992,W,132728,A,D*54
2026-05-31T13:27:30.1560247Z $GNGSA,A,3,,,,,,,,,,,,,0.70,0.50,0.50*1B
2026-05-31T13:27:30.1560247Z $GNGSV,3,1,11,01,12,054,,03,37,058,,06,61,249,,11,21,239,*69
2026-05-31T13:27:30.1560247Z $GNGSV,3,2,11,12,07,320,,14,39,166,,17,67,066,,19,68,322,*6F
2026-05-31T13:27:30.1560247Z $GNGSV,3,3,11,22,59,174,,24,13,285,,44,23,237,*55
2026-05-31T13:27:30.2048843Z $IIHDG,341.0,,,14.0,W*03
2026-05-31T13:27:30.2048843Z $GPRMC,132728,A,4230.0901,N,07050.4992,W,0.2,205.0,310526,14.1,W,D*28
2026-05-31T13:27:30.2523784Z $GPVTG,205.0,T,219.1,M,0.2,N,0.3,K,A*2E
2026-05-31T13:27:30.3008754Z $GPZDA,132728,31,05,2026,04,00*40
2026-05-31T13:27:30.3008754Z $IIHDG,340.9,,,14.0,W*0B
2026-05-31T13:27:30.3645299Z $IIHDG,340.9,,,14.0,W*0B
2026-05-31T13:27:30.4288199Z $GPAAM,,,,N,*38
2026-05-31T13:27:30.4288199Z $GPAPB,,,,,,,,,,,,,,,N*26
2026-05-31T13:27:30.4774075Z $GPBOD,,T,,M,,*47
2026-05-31T13:27:30.4774075Z $IIHDG,340.9,,,14.0,W*0B
2026-05-31T13:27:30.5251100Z $GPRMB,,,,,,,,,,,,,,N*04
2026-05-31T13:27:30.5251100Z !AIVDM,1,1,,,35NO=l0001JrnH`H>WW1pkNr0000,0*2E
2026-05-31T13:27:30.5251100Z $GPXTE,,,,,N,N*5E
2026-05-31T13:27:30.5732537Z $SDDBT,27.9,f,8.5,M,4.6,F*35
2026-05-31T13:27:30.6218028Z $IIHDG,340.8,,,14.0,W*0A
2026-05-31T13:27:30.6218028Z $SDDPT,8.5,0.0,*76
2026-05-31T13:27:30.6218028Z $SDMTW,14.8,C*09
2026-05-31T13:27:30.6697266Z $IIHDG,340.8,,,14.0,W*0A
2026-05-31T13:27:30.7338704Z $SDVLW,,N,,N,,N,,N*5A
2026-05-31T13:27:30.7338704Z $SDVHW,326.7,T,340.8,M,0.0,N,0.0,K*4D
2026-05-31T13:27:30.7338704Z !AIVDM,1,1,,,35Ngd70OSgJsAJpH=kW;J94t0000,0*53
2026-05-31T13:27:30.7820122Z $IIHDG,340.7,,,14.0,W*05
2026-05-31T13:27:30.8459612Z $WIMWD,308.7,T,322.8,M,6.8,N,3.5,M*55
2026-05-31T13:27:30.8966435Z $WIMWV,341.9,R,6.3,N,A*29
2026-05-31T13:27:30.8966435Z $WIMWV,341.9,T,6.8,N,A*24
2026-05-31T13:27:30.8966435Z $IIHDG,340.6,,,14.0,W*04
2026-05-31T13:27:30.9734441Z $IIHDG,340.5,,,14.0,W*07
2026-05-31T13:27:30.9734441Z !AIVDM,1,1,,,18I<UK0wP=rt?wPHC3<QfQhP0000,0*6B
2026-05-31T13:27:31.0372989Z $IIXDR,C,13.1,C,AIRTEMP,A,2.3,D,HEEL,A,0.0,D,TRIM,P,1.016,B,BARO,A,-0.3,D,RUDDER*33
2026-05-31T13:27:31.0372989Z !AIVDM,1,1,,,35NEt6U000rriHHH@1h:CPDt2000,0*6E
2026-05-31T13:27:31.0372989Z $GNGGA,132729,4230.0901,N,07050.4992,W,2,00,0.50,8,M,-32.6,M,,*41
2026-05-31T13:27:31.0851631Z $GPGLC,9960,,,13928.96,A,25847.49,A,44324.30,A,60280.08,A,,*78
2026-05-31T13:27:31.1338398Z $IIHDG,340.4,,,14.0,W*06
2026-05-31T13:27:31.1338398Z $GPGLL,4230.0901,N,07050.4992,W,132729,A,D*55
2026-05-31T13:27:31.1821113Z $GNGSA,A,3,,,,,,,,,,,,,0.70,0.50,0.50*1B
2026-05-31T13:27:31.1821113Z $GNGSV,3,1,11,01,12,054,,03,37,058,,06,61,249,,11,21,239,*69
2026-05-31T13:27:31.1868798Z $GNGSV,3,2,11,12,07,320,,14,39,166,,17,67,066,,19,68,322,*6F
2026-05-31T13:27:31.1868798Z $GNGSV,3,3,11,22,59,174,,24,13,285,,44,23,237,*55
2026-05-31T13:27:31.2298551Z $IIHDG,340.3,,,14.0,W*01
2026-05-31T13:27:31.2298551Z $GPRMC,132729,A,4230.0902,N,07050.4992,W,0.1,205.0,310526,14.1,W,D*29
2026-05-31T13:27:31.2861188Z $GPVTG,205.0,T,219.1,M,0.1,N,0.3,K,A*2D
2026-05-31T13:27:31.2861188Z $GPZDA,132729,31,05,2026,04,00*41
2026-05-31T13:27:31.3343728Z $IIHDG,340.2,,,14.0,W*00
2026-05-31T13:27:31.3343728Z !AIVDM,1,1,,,35NO=dPOP0JroTPH>WwbH5Dt0000,0*6C
2026-05-31T13:27:31.3825123Z $IIHDG,340.1,,,14.0,W*03
2026-05-31T13:27:31.4473698Z $GPAAM,,,,N,*38
2026-05-31T13:27:31.4473698Z $GPAPB,,,,,,,,,,,,,,,N*26
2026-05-31T13:27:31.4473698Z $GPBOD,,T,,M,,*47
2026-05-31T13:27:31.4949698Z $IIHDG,340.0,,,14.0,W*02
2026-05-31T13:27:31.5441554Z $GPRMB,,,,,,,,,,,,,,N*04
2026-05-31T13:27:31.5473515Z $GPXTE,,,,,N,N*5E
2026-05-31T13:27:31.5909244Z $SDDBT,27.6,f,8.4,M,4.6,F*3B
2026-05-31T13:27:31.5909244Z $SDDPT,8.4,0.0,*77
2026-05-31T13:27:31.5909244Z $IIHDG,339.9,,,14.0,W*05
2026-05-31T13:27:31.6410248Z $SDMTW,14.8,C*09
2026-05-31T13:27:31.6870204Z $SDVLW,,N,,N,,N,,N*5A
2026-05-31T13:27:31.7539300Z $IIHDG,339.8,,,14.0,W*04
2026-05-31T13:27:31.7539300Z $SDVHW,325.8,T,339.8,M,0.0,N,0.0,K*4F
2026-05-31T13:27:31.7991413Z $IIHDG,339.8,,,14.0,W*04
2026-05-31T13:27:31.8628684Z $WIMWD,309.7,T,323.8,M,6.0,N,3.1,M*59
2026-05-31T13:27:31.8628684Z $WIMWV,344.1,R,6.3,N,A*24
2026-05-31T13:27:31.8628684Z $WIMWV,344.1,T,5.8,N,A*2A
2026-05-31T13:27:31.9104053Z !AIVDM,1,1,,,15NK=p003trshUhH=OGTDkDt0000,0*0E
2026-05-31T13:27:31.9588134Z $IIHDG,339.7,,,14.0,W*0B
2026-05-31T13:27:32.0063189Z $IIXDR,C,13.1,C,AIRTEMP,A,4.1,D,HEEL,A,0.2,D,TRIM,P,1.015,B,BARO,A,-0.3,D,RUDDER*36
2026-05-31T13:27:32.0551834Z $IIHDG,339.6,,,14.0,W*0A
2026-05-31T13:27:32.0551834Z $GNGGA,132730,4230.0902,N,07050.4994,W,2,00,0.50,8,M,-32.6,M,,*4C
2026-05-31T13:27:32.1021273Z $GPGLC,9960,,,13928.96,A,25847.49,A,44324.30,A,60280.08,A,,*78
2026-05-31T13:27:32.1504494Z $GPGLL,4230.0902,N,07050.4991,W,132730,A,D*5D
2026-05-31T13:27:32.1504494Z $IIHDG,339.6,,,14.0,W*0A
2026-05-31T13:27:32.1504494Z !AIVDM,1,1,,,35NO=iPPP6Jrp08H>WU:WWjv0000,0*40
2026-05-31T13:27:32.1504494Z $GNGSA,A,3,,,,,,,,,,,,,0.70,0.50,0.50*1B
2026-05-31T13:27:32.1504494Z $GNGSV,3,1,11,01,12,054,,03,37,058,,06,61,249,,11,21,239,*69
2026-05-31T13:27:32.1504494Z $GNGSV,3,2,11,12,07,320,,14,39,166,,17,67,066,,19,68,322,*6F
2026-05-31T13:27:32.1504494Z $GNGSV,3,3,11,22,59,174,,24,13,285,,44,23,237,*55
2026-05-31T13:27:32.1981531Z $GPRMC,132730,A,4230.0902,N,07050.4991,W,0.1,205.0,310526,14.1,W,D*22
2026-05-31T13:27:32.2494371Z $IIHDG,339.5,,,14.0,W*09
2026-05-31T13:27:32.2494371Z $GPVTG,205.0,T,219.1,M,0.1,N,0.3,K,A*2D
2026-05-31T13:27:32.2952406Z $GPZDA,132730,31,05,2026,04,00*49
2026-05-31T13:27:32.3436446Z $IIHDG,339.4,,,14.0,W*08
2026-05-31T13:27:32.3926409Z $GPAAM,,,,N,*38
2026-05-31T13:27:32.4391349Z $GPAPB,,,,,,,,,,,,,,,N*26
2026-05-31T13:27:32.4391349Z $IIHDG,339.4,,,14.0,W*08
2026-05-31T13:27:32.4391349Z $GPBOD,,T,,M,,*47
2026-05-31T13:27:32.5030817Z $GPRMB,,,,,,,,,,,,,,N*04
2026-05-31T13:27:32.5516126Z $GPXTE,,,,,N,N*5E
2026-05-31T13:27:32.5516126Z $IIHDG,339.3,,,14.0,W*0F
2026-05-31T13:27:32.5996672Z !AIVDM,1,1,,,35NwCQPPQ3rs>t0HBfdb3p0t0000,0*3E
2026-05-31T13:27:32.5996672Z $SDDBT,27.6,f,8.4,M,4.6,F*3B
2026-05-31T13:27:32.5996672Z $SDDPT,8.4,0.0,*77
2026-05-31T13:27:32.6506373Z $SDMTW,14.8,C*09
2026-05-31T13:27:32.6506373Z $IIHDG,339.2,,,14.0,W*0E
2026-05-31T13:27:32.6980660Z $SDVLW,,N,,N,,N,,N*5A
2026-05-31T13:27:32.7448876Z $IIHDG,339.1,,,14.0,W*0D
2026-05-31T13:27:32.7448876Z $SDVHW,325.1,T,339.1,M,0.0,N,0.0,K*4F
2026-05-31T13:27:32.7930531Z !AIVDM,1,1,,,1;KMsk@P00Jrh48H?W>2JVVv0000,0*2F
2026-05-31T13:27:32.8409512Z $IIHDG,339.1,,,14.0,W*0D
2026-05-31T13:27:32.8904532Z $WIMWD,311.7,T,325.7,M,5.4,N,2.8,M*56
2026-05-31T13:27:32.8904532Z $WIMWV,346.7,R,6.0,N,A*23
2026-05-31T13:27:32.8904532Z $WIMWV,346.5,T,5.4,N,A*20
2026-05-31T13:27:32.9373367Z $IIHDG,339.0,,,14.0,W*0C
2026-05-31T13:27:32.9856249Z !AIVDM,1,1,,,15NQUM4P00rrkshH>tr>4?vv2000,0*37
2026-05-31T13:27:33.0337869Z $IIXDR,C,13.1,C,AIRTEMP,A,3.2,D,HEEL,A,-0.1,D,TRIM,P,1.016,B,BARO,A,-0.4,D,RUDDER*18
2026-05-31T13:27:33.0337869Z $IIHDG,338.9,,,14.0,W*04
2026-05-31T13:27:33.1032409Z $GNGGA,132731,4230.0903,N,07050.4992,W,2,00,0.50,8,M,-32.6,M,,*4A
2026-05-31T13:27:33.1301874Z $GPGLC,9960,,,13928.95,A,25847.49,A,44324.30,A,60280.08,A,,*7B
2026-05-31T13:27:33.1327201Z $GPGLL,4230.0903,N,07050.4991,W,132731,A,D*5D
2026-05-31T13:27:33.1327201Z $IIHDG,338.8,,,14.0,W*05
2026-05-31T13:27:33.1780931Z $GNGSA,A,3,,,,,,,,,,,,,0.70,0.50,0.50*1B
2026-05-31T13:27:33.1780931Z $GNGSV,3,1,11,01,12,054,,03,37,058,,06,61,249,,11,21,239,*69
2026-05-31T13:27:33.1780931Z $GNGSV,3,2,11,12,07,320,,14,39,166,,17,67,066,,19,68,322,*6F
2026-05-31T13:27:33.1780931Z $GNGSV,3,3,11,22,59,174,,24,13,284,,44,23,237,*54
2026-05-31T13:27:33.1780931Z !AIVDM,1,1,,,15NO=nPP00Jrnv@H>WoPN?vr0000,0*3A
2026-05-31T13:27:33.2269517Z $GPRMC,132731,A,4230.0904,N,07050.4991,W,0.2,205.0,310526,14.1,W,D*26
2026-05-31T13:27:33.2269517Z $IIHDG,338.8,,,14.0,W*05
2026-05-31T13:27:33.2737089Z $GPVTG,205.0,T,219.1,M,0.2,N,0.3,K,A*2E
2026-05-31T13:27:33.2737089Z !AIVDM,1,1,,,E>k`vt<r0h@@@@@@@@@@@@@@@@@=MwTH<E=u@00000000?,4*12
2026-05-31T13:27:33.2737089Z $GPZDA,132731,31,05,2026,04,00*48
2026-05-31T13:27:33.3210644Z $IIHDG,338.7,,,14.0,W*0A
2026-05-31T13:27:33.3849305Z $GPAAM,,,,N,*38
2026-05-31T13:27:33.4485626Z $GPAPB,,,,,,,,,,,,,,,N*26
2026-05-31T13:27:33.4485626Z $IIHDG,338.7,,,14.0,W*0A
2026-05-31T13:27:33.4516072Z $GPBOD,,T,,M,,*47
2026-05-31T13:27:33.5012464Z $GPRMB,,,,,,,,,,,,,,N*04
2026-05-31T13:27:33.5591982Z $GPXTE,,,,,N,N*5E
2026-05-31T13:27:33.5591982Z $IIHDG,338.6,,,14.0,W*0B
2026-05-31T13:27:33.6061984Z $SDDBT,27.6,f,8.4,M,4.6,F*3B
2026-05-31T13:27:33.6061984Z $SDDPT,8.4,0.0,*77
2026-05-31T13:27:33.6536577Z $SDMTW,14.8,C*09
2026-05-31T13:27:33.6536577Z $IIHDG,338.6,,,14.0,W*0B
2026-05-31T13:27:33.6536577Z !AIVDM,1,1,,,352l5Nh01crs@K@H>d?1A14v0000,0*2A
2026-05-31T13:27:33.7021970Z !AIVDM,1,1,,,15O=hk5uQBJsG?0H>hEQQA@d0000,0*0E
2026-05-31T13:27:33.7021970Z $SDVLW,,N,,N,,N,,N*5A
2026-05-31T13:27:33.7505987Z $SDVHW,324.5,T,338.5,M,0.0,N,0.0,K*4F
2026-05-31T13:27:33.7505987Z $IIHDG,338.5,,,14.0,W*08
2026-05-31T13:27:33.7538679Z !AIVDM,1,1,,,15MnF7<00EJrrWhH>g:<Eqg20000,0*4B
2026-05-31T13:27:33.8316724Z $IIHDG,338.5,,,14.0,W*08
2026-05-31T13:27:33.8790143Z $WIMWD,311.7,T,325.7,M,6.0,N,3.1,M*59
2026-05-31T13:27:33.8790143Z !AIVDM,1,1,,,15NO=g;P00JrjqhH@10dbOvv2000,0*5A
2026-05-31T13:27:33.8790143Z $WIMWV,346.9,R,5.8,N,A*26
2026-05-31T13:27:33.8790143Z $WIMWV,346.7,T,6.0,N,A*25
2026-05-31T13:27:33.9308505Z $IIHDG,338.4,,,14.0,W*09
2026-05-31T13:27:33.9944524Z $IIXDR,C,13.1,C,AIRTEMP,A,1.2,D,HEEL,A,-0.2,D,TRIM,P,1.015,B,BARO,A,-0.4,D,RUDDER*1A
2026-05-31T13:27:34.0388581Z $IIHDG,338.4,,,14.0,W*09
2026-05-31T13:27:34.0388581Z $GNGGA,132732,4230.0904,N,07050.4991,W,2,01,0.50,8,M,-32.6,M,,*4C
2026-05-31T13:27:34.0871375Z $GPGLC,9960,,,13928.95,A,25847.49,A,44324.30,A,60280.08,A,,*7B
2026-05-31T13:27:34.1355313Z $GPGLL,4230.0904,N,07050.4990,W,132732,A,D*58
2026-05-31T13:27:34.1355313Z $IIHDG,338.4,,,14.0,W*09
2026-05-31T13:27:34.1841167Z $GNGSA,A,3,11,,,,,,,,,,,,0.70,0.50,0.50*1B
2026-05-31T13:27:34.1841167Z $GNGSV,3,1,11,01,12,054,,03,37,058,,06,61,249,,11,21,239,37*6D
2026-05-31T13:27:34.1841167Z $GNGSV,3,2,11,12,07,320,,14,39,166,,17,67,066,,19,68,322,*6F
2026-05-31T13:27:34.1841167Z $GNGSV,3,3,11,22,59,174,,24,13,284,,44,23,237,*54
2026-05-31T13:27:34.1841167Z !AIVDM,1,1,,,E>k`vt<r0h@@@@@@@@@@@@@@@@@=MwTH<E=u@00000000?,4*12
2026-05-31T13:27:34.2339300Z $GPRMC,132732,A,4230.0904,N,07050.4990,W,0.2,205.0,310526,14.1,W,D*24
2026-05-31T13:27:34.2793947Z $IIHDG,338.3,,,14.0,W*0E
2026-05-31T13:27:34.2793947Z $GPVTG,205.0,T,219.1,M,0.2,N,0.4,K,A*29
2026-05-31T13:27:34.2793947Z $GPZDA,132732,31,05,2026,04,00*4B
2026-05-31T13:27:34.3431641Z $IIHDG,338.3,,,14.0,W*0E
2026-05-31T13:27:34.3970095Z $GPAAM,,,,N,*38
2026-05-31T13:27:34.4559393Z $GPAPB,,,,,,,,,,,,,,,N*26
2026-05-31T13:27:34.4559393Z $IIHDG,338.2,,,14.0,W*0F
2026-05-31T13:27:34.4559393Z $GPBOD,,T,,M,,*47
2026-05-31T13:27:34.5017115Z $GPRMB,,,,,,,,,,,,,,N*04
2026-05-31T13:27:34.5498318Z $GPXTE,,,,,N,N*5E
2026-05-31T13:27:34.5498318Z $IIHDG,338.2,,,14.0,W*0F
2026-05-31T13:27:34.5975083Z $SDDBT,27.6,f,8.4,M,4.6,F*3B
2026-05-31T13:27:34.5975083Z $SDDPT,8.4,0.0,*77
2026-05-31T13:27:34.6457169Z $SDMTW,14.8,C*09
2026-05-31T13:27:34.6457169Z $IIHDG,338.2,,,14.0,W*0F
2026-05-31T13:27:34.6941535Z $SDVLW,,N,,N,,N,,N*5A
2026-05-31T13:27:34.7421876Z !AIVDM,1,1,,,B5O:@A000>fe>:63mTcQ3wP00000,0*47
2026-05-31T13:27:34.7421876Z $SDVHW,324.1,T,338.2,M,0.0,N,0.0,K*4C
2026-05-31T13:27:34.7421876Z $IIHDG,338.1,,,14.0,W*0C
2026-05-31T13:27:34.8378531Z $IIHDG,338.1,,,14.0,W*0C
2026-05-31T13:27:34.8857609Z $WIMWD,310.2,T,324.3,M,6.2,N,3.2,M*59
2026-05-31T13:27:34.8857609Z $WIMWV,346.1,R,6.0,N,A*25
2026-05-31T13:27:34.8857609Z $WIMWV,346.1,T,6.2,N,A*21
2026-05-31T13:27:34.8857609Z !AIVDM,1,1,,,15NO=dPOP0JroV`H>WbbH5I40000,0*04
2026-05-31T13:27:34.9339043Z $IIHDG,338.0,,,14.0,W*0D
2026-05-31T13:27:34.9982548Z $IIXDR,C,13.1,C,AIRTEMP,A,2.0,D,HEEL,A,0.1,D,TRIM,P,1.016,B,BARO,A,-0.2,D,RUDDER*30
2026-05-31T13:27:35.0467577Z $GNGGA,132733,4230.0905,N,07050.4990,W,2,00,0.50,8,M,-32.6,M,,*4C
2026-05-31T13:27:35.0467577Z $IIHDG,338.0,,,14.0,W*0D
2026-05-31T13:27:35.0948490Z $GPGLC,9960,,,13928.95,A,25847.49,A,44324.31,A,60280.08,A,,*7A
2026-05-31T13:27:35.1428638Z $GPGLL,4230.0907,N,07050.4991,W,132733,A,D*5B
2026-05-31T13:27:35.1428638Z $GNGSA,A,3,,,,,,,,,,,,,0.70,0.50,0.50*1B
2026-05-31T13:27:35.1428638Z $GNGSV,3,1,11,01,12,054,,03,37,058,,06,61,249,,11,21,239,*69
2026-05-31T13:27:35.1428638Z $GNGSV,3,2,11,12,07,320,,14,39,166,,17,67,066,,19,68,322,*6F
2026-05-31T13:27:35.1428638Z $GNGSV,3,3,11,22,59,174,,24,13,284,,44,23,237,*54
2026-05-31T13:27:35.1897017Z $IIHDG,338.0,,,14.0,W*0D
2026-05-31T13:27:35.2378698Z $GPRMC,132733,A,4230.0907,N,07050.4991,W,0.2,205.0,310526,14.1,W,D*27
2026-05-31T13:27:35.2378698Z $GPVTG,205.0,T,219.1,M,0.2,N,0.3,K,A*2E
2026-05-31T13:27:35.2862716Z $GPZDA,132733,31,05,2026,04,00*4A
2026-05-31T13:27:35.2862716Z $IIHDG,337.9,,,14.0,W*0B
2026-05-31T13:27:35.3661920Z $IIHDG,337.9,,,14.0,W*0B
2026-05-31T13:27:35.4144551Z $GPAAM,,,,N,*38
2026-05-31T13:27:35.4625953Z $GPAPB,,,,,,,,,,,,,,,N*26
2026-05-31T13:27:35.4625953Z $GPBOD,,T,,M,,*47
2026-05-31T13:27:35.5106239Z $IIHDG,337.9,,,14.0,W*0B
2026-05-31T13:27:35.5106239Z $GPRMB,,,,,,,,,,,,,,N*04
2026-05-31T13:27:35.5106239Z $GPXTE,,,,,N,N*5E
2026-05-31T13:27:35.5600172Z $SDDBT,27.6,f,8.4,M,4.6,F*3B
2026-05-31T13:27:35.6069374Z $IIHDG,337.8,,,14.0,W*0A
2026-05-31T13:27:35.6069374Z $SDDPT,8.4,0.0,*77
2026-05-31T13:27:35.6548178Z $SDMTW,14.8,C*09
2026-05-31T13:27:35.7030941Z $IIHDG,337.8,,,14.0,W*0A
2026-05-31T13:27:35.7030941Z $SDVLW,,N,,N,,N,,N*5A
2026-05-31T13:27:35.7512176Z $SDVHW,323.7,T,337.8,M,0.0,N,0.0,K*48
2026-05-31T13:27:35.7996115Z $IIHDG,337.7,,,14.0,W*05
2026-05-31T13:27:35.7996115Z !AIVDM,1,1,,,15NK=p003trshhpH=NvTECE40000,0*73
2026-05-31T13:27:35.8476266Z $WIMWD,310.9,T,325.0,M,5.7,N,2.9,M*5C
2026-05-31T13:27:35.9144487Z $WIMWV,347.4,R,6.0,N,A*21
2026-05-31T13:27:35.9144487Z $WIMWV,346.9,T,5.7,N,A*2F
2026-05-31T13:27:35.9144487Z $IIHDG,337.7,,,14.0,W*05
2026-05-31T13:27:35.9612801Z $IIHDG,337.6,,,14.0,W*04
2026-05-31T13:27:36.0250741Z $IIXDR,C,13.1,C,AIRTEMP,A,4.3,D,HEEL,A,0.4,D,TRIM,P,1.015,B,BARO,A,-0.3,D,RUDDER*32
2026-05-31T13:27:36.0713370Z !AIVDM,1,1,,,B52oU<@14nft@@65NbrQ7wP00000,0*31
2026-05-31T13:27:36.0713370Z $GNGGA,132734,4230.0908,N,07050.4991,W,2,00,0.50,8,M,-32.6,M,,*47
2026-05-31T13:27:36.0713370Z !AIVDM,1,1,,,352l5NhPQcrs@M@H>dR1@A340000,0*75
2026-05-31T13:27:36.0713370Z $IIHDG,337.5,,,14.0,W*07
2026-05-31T13:27:36.1196662Z $GPGLC,9960,,,13928.95,A,25847.49,A,44324.31,A,60280.08,A,,*7A
2026-05-31T13:27:36.1196662Z $GPGLL,4230.0908,N,07050.4990,W,132734,A,D*52
2026-05-31T13:27:36.1681796Z !AIVDM,1,1,,,19NSfbh000rrnu@H>W<3S8G20000,0*45
2026-05-31T13:27:36.1681796Z $GNGSA,A,3,,,,,,,,,,,,,0.70,0.50,0.50*1B
2026-05-31T13:27:36.1681796Z $GNGSV,3,1,11,01,12,054,,03,37,058,,06,61,249,,11,21,239,*69
2026-05-31T13:27:36.1681796Z $GNGSV,3,2,11,12,07,320,,14,39,166,,17,67,066,,19,68,322,*6F
2026-05-31T13:27:36.1736824Z $GNGSV,3,3,11,22,59,174,,24,13,284,,44,23,237,*54
2026-05-31T13:27:36.1736824Z $IIHDG,337.4,,,14.0,W*06
2026-05-31T13:27:36.2166164Z $GPRMC,132734,A,4230.0908,N,07050.4990,W,0.2,206.0,310526,14.1,W,D*2D
2026-05-31T13:27:36.2647135Z $GPVTG,206.0,T,220.1,M,0.2,N,0.4,K,A*20
2026-05-31T13:27:36.2647135Z $GPZDA,132734,31,05,2026,04,00*4D
2026-05-31T13:27:36.3127872Z $IIHDG,337.3,,,14.0,W*01
2026-05-31T13:27:36.3629214Z !AIVDM,1,1,,,18IPTf001Nrs@K@H>`VQcQHt0000,0*6F
2026-05-31T13:27:36.4084504Z $IIHDG,337.2,,,14.0,W*00
2026-05-31T13:27:36.4084504Z $GPAAM,,,,N,*38
2026-05-31T13:27:36.4552866Z $GPAPB,,,,,,,,,,,,,,,N*26
2026-05-31T13:27:36.4552866Z $GPBOD,,T,,M,,*47
2026-05-31T13:27:36.5034969Z $IIHDG,337.1,,,14.0,W*03
2026-05-31T13:27:36.5531180Z $GPRMB,,,,,,,,,,,,,,N*04
2026-05-31T13:27:36.5531180Z $GPXTE,,,,,N,N*5E
2026-05-31T13:27:36.5994306Z $SDDBT,27.6,f,8.4,M,4.6,F*3B
2026-05-31T13:27:36.5994306Z $IIHDG,337.0,,,14.0,W*02
2026-05-31T13:27:36.5994306Z $SDDPT,8.4,0.0,*77
2026-05-31T13:27:36.6480057Z $SDMTW,14.8,C*09
2026-05-31T13:27:36.6959855Z $IIHDG,336.9,,,14.0,W*0A
2026-05-31T13:27:36.6959855Z $SDVLW,,N,,N,,N,,N*5A
2026-05-31T13:27:36.7442880Z $SDVHW,322.9,T,336.9,M,0.0,N,0.0,K*47
2026-05-31T13:27:36.7924817Z $IIHDG,336.8,,,14.0,W*0B
2026-05-31T13:27:36.8582919Z $WIMWD,312.9,T,327.0,M,5.3,N,2.7,M*56
2026-05-31T13:27:36.9038170Z $WIMWV,349.8,R,5.8,N,A*28
2026-05-31T13:27:36.9060175Z $WIMWV,350.1,T,5.3,N,A*24
2026-05-31T13:27:36.9069729Z $IIHDG,336.7,,,14.0,W*04
2026-05-31T13:27:36.9681906Z $IIHDG,336.6,,,14.0,W*05
2026-05-31T13:27:37.0294296Z $IIXDR,C,13.1,C,AIRTEMP,A,3.1,D,HEEL,A,0.5,D,TRIM,P,1.016,B,BARO,A,-0.5,D,RUDDER*33
2026-05-31T13:27:37.0787662Z $GNGGA,132735,4230.0909,N,07050.4991,W,2,00,0.50,8,M,-32.6,M,,*47
2026-05-31T13:27:37.0787662Z !AIVDM,1,1,,,152Wpn<01FrsJk0H?kBRjB?22000,0*58
2026-05-31T13:27:37.0787662Z $IIHDG,336.6,,,14.0,W*05
2026-05-31T13:27:37.1260216Z $GPGLC,9960,,,13928.95,A,25847.49,A,44324.31,A,60280.08,A,,*7A
2026-05-31T13:27:37.1260216Z $GPGLL,4230.0907,N,07050.4990,W,132735,A,D*5C
2026-05-31T13:27:37.1900942Z $GNGSA,A,3,,,,,,,,,,,,,0.70,0.50,0.50*1B
2026-05-31T13:27:37.1900942Z $GNGSV,3,1,11,01,12,054,,03,37,058,,06,61,249,,11,21,239,*69
2026-05-31T13:27:37.1900942Z $GNGSV,3,2,11,12,07,320,,14,39,166,,17,67,066,,19,68,322,*6F
2026-05-31T13:27:37.1900942Z $GNGSV,3,3,11,22,59,174,,24,13,284,,44,23,237,*54
2026-05-31T13:27:37.1900942Z !AIVDM,1,1,,,15NO=iPPP3Jrp00H>WTbj7c80000,0*0C
2026-05-31T13:27:37.1970825Z $IIHDG,336.5,,,14.0,W*06
2026-05-31T13:27:37.2379748Z $GPRMC,132735,A,4230.0908,N,07050.4990,W,0.3,206.0,310526,14.1,W,D*2D
2026-05-31T13:27:37.2899988Z $GPVTG,206.0,T,220.1,M,0.3,N,0.5,K,A*20
2026-05-31T13:27:37.2899988Z !AIVDM,1,1,,,ENk`sl>`@@@@@@@@@@@@@@@@@@@=OTgH<LwsP00000000?,4*70
2026-05-31T13:27:37.2899988Z $GPZDA,132735,31,05,2026,04,00*4C
2026-05-31T13:27:37.2899988Z $IIHDG,336.4,,,14.0,W*07
2026-05-31T13:27:37.3656976Z $IIHDG,336.4,,,14.0,W*07
2026-05-31T13:27:37.4137681Z $GPAAM,,,,N,*38
2026-05-31T13:27:37.4618038Z $GPAPB,,,,,,,,,,,,,,,N*26
2026-05-31T13:27:37.4618038Z $GPBOD,,T,,M,,*47
2026-05-31T13:27:37.5102982Z $IIHDG,336.3,,,14.0,W*00
2026-05-31T13:27:37.5135407Z $GPRMB,,,,,,,,,,,,,,N*04
2026-05-31T13:27:37.5135407Z $GPXTE,,,,,N,N*5E
2026-05-31T13:27:37.5580123Z $SDDBT,27.6,f,8.4,M,4.6,F*3B
2026-05-31T13:27:37.6064423Z $IIHDG,336.3,,,14.0,W*00
2026-05-31T13:27:37.6064423Z $SDDPT,8.4,0.0,*77
2026-05-31T13:27:37.6064423Z !AIVDM,1,1,,,H5OBSoTT0000000G4@lljk1@2220,0*5A
2026-05-31T13:27:37.6545344Z $SDMTW,14.8,C*09
2026-05-31T13:27:37.7028768Z $IIHDG,336.2,,,14.0,W*01
2026-05-31T13:27:37.7028768Z $SDVLW,,N,,N,,N,,N*5A
2026-05-31T13:27:37.7506963Z $SDVHW,322.2,T,336.2,M,0.0,N,0.0,K*47
2026-05-31T13:27:37.7986878Z $IIHDG,336.2,,,14.0,W*01
2026-05-31T13:27:37.8472283Z $WIMWD,312.7,T,326.7,M,5.3,N,2.8,M*51
2026-05-31T13:27:37.9111644Z $WIMWV,350.6,R,5.6,N,A*20
2026-05-31T13:27:37.9111644Z $WIMWV,350.6,T,5.3,N,A*23
2026-05-31T13:27:37.9111644Z $IIHDG,336.1,,,14.0,W*02
2026-05-31T13:27:37.9597684Z !AIVDM,1,1,,,15N9sFP000rrsoPH@`f9tlq:0000,0*69
2026-05-31T13:27:38.0081600Z $IIHDG,336.0,,,14.0,W*03
2026-05-31T13:27:38.0081600Z $IIXDR,C,13.1,C,AIRTEMP,A,0.4,D,HEEL,A,0.0,D,TRIM,P,1.015,B,BARO,A,-0.4,D,RUDDER*32
2026-05-31T13:27:38.0582533Z $GNGGA,132736,4230.0908,N,07050.4991,W,2,00,0.50,9,M,-32.6,M,,*44
2026-05-31T13:27:38.1044101Z $IIHDG,336.0,,,14.0,W*03
2026-05-31T13:27:38.1044101Z $GPGLC,9960,,,13928.95,A,25847.49,A,44324.31,A,60280.08,A,,*7A
2026-05-31T13:27:38.1523188Z $GPGLL,4230.0906,N,07050.4988,W,132736,A,D*57
2026-05-31T13:27:38.1523188Z $GNGSA,A,3,,,,,,,,,,,,,0.70,0.50,0.50*1B
2026-05-31T13:27:38.1523188Z $GNGSV,3,1,11,01,12,054,,03,37,058,,06,61,249,,11,21,239,*69
2026-05-31T13:27:38.1523188Z $GNGSV,3,2,11,12,07,320,,14,39,166,,17,67,066,,19,68,322,*6F
2026-05-31T13:27:38.1523188Z $GNGSV,3,3,11,22,59,174,,24,13,284,,44,23,237,*54
2026-05-31T13:27:38.2003094Z $IIHDG,335.9,,,14.0,W*09
2026-05-31T13:27:38.2003094Z !AIVDM,1,1,,,ENk`sl>`@@@@@@@@@@@@@@@@@@@=OTgH<LwsP00000000?,4*70
2026-05-31T13:27:38.2496487Z $GPRMC,132736,A,4230.0906,N,07050.4988,W,0.3,206.0,310526,14.1,W,D*29
2026-05-31T13:27:38.2496487Z !AIVDM,1,1,,,15NQsE?P00rtNWhHH3df4?w:2000,0*27
2026-05-31T13:27:38.2496487Z $GPVTG,206.0,T,220.1,M,0.3,N,0.5,K,A*20
2026-05-31T13:27:38.2974693Z $GPZDA,132736,31,05,2026,04,00*4F
2026-05-31T13:27:38.2974693Z $IIHDG,335.8,,,14.0,W*08
2026-05-31T13:27:38.3779759Z $IIHDG,335.8,,,14.0,W*08
2026-05-31T13:27:38.4266321Z $GPAAM,,,,N,*38
2026-05-31T13:27:38.4266321Z $GPAPB,,,,,,,,,,,,,,,N*26
2026-05-31T13:27:38.4769999Z $GPBOD,,T,,M,,*47
2026-05-31T13:27:38.4769999Z !AIVDM,1,1,,,35Ngd70OSkJsA6HH=lQ;V9;<0000,0*41
2026-05-31T13:27:38.5239242Z $IIHDG,335.7,,,14.0,W*07
2026-05-31T13:27:38.5239242Z $GPRMB,,,,,,,,,,,,,,N*04
2026-05-31T13:27:38.5239242Z $GPXTE,,,,,N,N*5E
2026-05-31T13:27:38.5710098Z $SDDBT,27.6,f,8.4,M,4.6,F*3B
2026-05-31T13:27:38.6188463Z $IIHDG,335.6,,,14.0,W*06
2026-05-31T13:27:38.6188463Z $SDDPT,8.4,0.0,*77
2026-05-31T13:27:38.6188463Z $SDMTW,14.8,C*09
2026-05-31T13:27:38.6835105Z $IIHDG,335.5,,,14.0,W*05
2026-05-31T13:27:38.7315292Z $SDVLW,,N,,N,,N,,N*5A
2026-05-31T13:27:38.7315292Z $SDVHW,321.5,T,335.5,M,0.0,N,0.0,K*47
2026-05-31T13:27:38.7799304Z $IIHDG,335.4,,,14.0,W*04
2026-05-31T13:27:38.8445301Z $WIMWD,311.7,T,325.7,M,5.4,N,2.8,M*56
2026-05-31T13:27:38.9087933Z $WIMWV,350.1,R,5.5,N,A*24
2026-05-31T13:27:38.9087933Z $WIMWV,350.2,T,5.4,N,A*20
2026-05-31T13:27:38.9087933Z $IIHDG,335.4,,,14.0,W*04
2026-05-31T13:27:38.9894430Z $IIHDG,335.3,,,14.0,W*03
2026-05-31T13:27:39.0394994Z $IIXDR,C,13.1,C,AIRTEMP,A,1.0,D,HEEL,A,0.6,D,TRIM,P,1.016,B,BARO,A,-0.2,D,RUDDER*34
2026-05-31T13:27:39.0898275Z $GNGGA,132737,4230.0907,N,07050.4989,W,2,00,0.50,8,M,-32.6,M,,*42
2026-05-31T13:27:39.0898275Z $GPGLC,9960,,,13928.95,A,25847.49,A,44324.31,A,60280.08,A,,*7A
2026-05-31T13:27:39.1341534Z $IIHDG,335.2,,,14.0,W*02
2026-05-31T13:27:39.1341534Z $GPGLL,4230.0907,N,07050.4989,W,132737,A,D*56
2026-05-31T13:27:39.1820854Z $GNGSA,A,3,,,,,,,,,,,,,0.70,0.50,0.50*1B
2026-05-31T13:27:39.1820854Z $GNGSV,3,1,11,01,12,054,,03,37,058,,06,61,249,,11,21,239,*69
2026-05-31T13:27:39.1820854Z $GNGSV,3,2,11,12,07,320,,14,39,166,,17,67,066,,19,68,323,*6E
2026-05-31T13:27:39.1820854Z $GNGSV,3,3,11,22,59,174,,24,13,284,,44,23,237,*54
2026-05-31T13:27:39.2305275Z $IIHDG,335.1,,,14.0,W*01
2026-05-31T13:27:39.2305275Z $GPRMC,132737,A,4230.0907,N,07050.4989,W,0.2,207.0,310526,14.1,W,D*28
2026-05-31T13:27:39.2782997Z $GPVTG,207.0,T,221.1,M,0.2,N,0.4,K,A*20
2026-05-31T13:27:39.2782997Z $GPZDA,132737,31,05,2026,04,00*4E
2026-05-31T13:27:39.3267709Z $IIHDG,335.1,,,14.0,W*01
2026-05-31T13:27:39.3910906Z $IIHDG,335.0,,,14.0,W*00
2026-05-31T13:27:39.4392691Z $GPAAM,,,,N,*38
2026-05-31T13:27:39.4392691Z $GPAPB,,,,,,,,,,,,,,,N*26
2026-05-31T13:27:39.4895621Z $GPBOD,,T,,M,,*47
2026-05-31T13:27:39.5366701Z $IIHDG,335.0,,,14.0,W*00
2026-05-31T13:27:39.5366701Z $GPRMB,,,,,,,,,,,,,,N*04
2026-05-31T13:27:39.5366701Z $GPXTE,,,,,N,N*5E
2026-05-31T13:27:39.5837898Z !AIVDM,1,1,,,15N1c70000JrmvpH?GC<9Ue<0000,0*61
2026-05-31T13:27:39.5837898Z $SDDBT,28.0,f,8.5,M,4.6,F*33
2026-05-31T13:27:39.6322624Z $SDDPT,8.6,0.0,*75
2026-05-31T13:27:39.6322624Z $IIHDG,334.9,,,14.0,W*08
2026-05-31T13:27:39.6322624Z $SDMTW,14.8,C*09
2026-05-31T13:27:39.6806587Z !AIVDM,1,1,,,35NO=iPPP3Jrp00H>WU;`Wc>0000,0*3A
2026-05-31T13:27:39.7284257Z $IIHDG,334.8,,,14.0,W*09
2026-05-31T13:27:39.7284257Z $SDVLW,,N,,N,,N,,N*5A
2026-05-31T13:27:39.7765333Z $SDVHW,320.7,T,334.8,M,0.0,N,0.0,K*48
2026-05-31T13:27:39.8258511Z $IIHDG,334.8,,,14.0,W*09
2026-05-31T13:27:39.8734165Z $WIMWD,312.8,T,326.8,M,5.2,N,2.7,M*5F
2026-05-31T13:27:39.8734165Z $WIMWV,352.0,R,5.4,N,A*26
2026-05-31T13:27:39.8734165Z $WIMWV,351.7,T,5.2,N,A*22
2026-05-31T13:27:39.9207051Z $IIHDG,334.7,,,14.0,W*06
2026-05-31T13:27:39.9688925Z !AIVDM,1,1,,,15NK=p0PSnrshshH=NU4DkC<0000,0*0E
2026-05-31T13:27:40.0192486Z $IIXDR,C,13.1,C,AIRTEMP,A,3.8,D,HEEL,A,-0.5,D,TRIM,P,1.015,B,BARO,A,-0.2,D,RUDDER*13
2026-05-31T13:27:40.0231384Z $IIHDG,334.6,,,14.0,W*07
2026-05-31T13:27:40.0659419Z !AIVDM,1,1,,,352l5NhPQdrs@OhH>dtQ?0w<0000,0*5C
2026-05-31T13:27:40.0659419Z $GNGGA,132738,4230.0908,N,07050.4989,W,2,01,0.50,8,M,-32.6,M,,*43
2026-05-31T13:27:40.1138929Z !AIVDM,1,1,,,B52m<Jh006g0Hh65gvkQ3wP00000,0*1C
2026-05-31T13:27:40.1138929Z $GPGLC,9960,,,13928.95,A,25847.49,A,44324.31,A,60280.08,A,,*7A
2026-05-31T13:27:40.1138929Z $IIHDG,334.6,,,14.0,W*07
2026-05-31T13:27:40.1201555Z $GPGLL,4230.0906,N,07050.4989,W,132738,A,D*58
2026-05-31T13:27:40.1618587Z $GNGSA,A,3,11,,,,,,,,,,,,0.70,0.50,0.50*1B
2026-05-31T13:27:40.1618587Z $GNGSV,3,1,11,01,12,054,,03,37,058,,06,61,249,,11,21,239,40*6D
2026-05-31T13:27:40.1618587Z $GNGSV,3,2,11,12,07,320,,14,39,166,,17,67,066,,19,68,323,*6E
2026-05-31T13:27:40.1618587Z $GNGSV,3,3,11,22,59,174,,24,13,284,,44,23,237,*54
2026-05-31T13:27:40.2100455Z $IIHDG,334.5,,,14.0,W*04
2026-05-31T13:27:40.2100455Z $GPRMC,132738,A,4230.0906,N,07050.4989,W,0.2,207.0,310526,14.1,W,D*26
2026-05-31T13:27:40.2586390Z $GPVTG,207.0,T,221.1,M,0.2,N,0.4,K,A*20
2026-05-31T13:27:40.3068068Z $GPZDA,132738,31,05,2026,04,00*41
2026-05-31T13:27:40.3068068Z $IIHDG,334.4,,,14.0,W*05
2026-05-31T13:27:40.3881292Z $GPAAM,,,,N,*38
2026-05-31T13:27:40.4513008Z $IIHDG,334.4,,,14.0,W*05
2026-05-31T13:27:40.4513008Z $GPAPB,,,,,,,,,,,,,,,N*26
2026-05-31T13:27:40.4513008Z $GPBOD,,T,,M,,*47
2026-05-31T13:27:40.4994974Z $IIHDG,334.3,,,14.0,W*02
2026-05-31T13:27:40.5478109Z $GPRMB,,,,,,,,,,,,,,N*04
2026-05-31T13:27:40.5478109Z $GPXTE,,,,,N,N*5E
2026-05-31T13:27:40.5963152Z $SDDBT,28.1,f,8.5,M,4.6,F*32
2026-05-31T13:27:40.5963152Z $SDDPT,8.6,0.0,*75
2026-05-31T13:27:40.6447907Z $IIHDG,334.2,,,14.0,W*03
2026-05-31T13:27:40.6447907Z $SDMTW,14.8,C*09
2026-05-31T13:27:40.6930646Z !AIVDM,1,1,,,18I<UK000=rt@0hHC3C1p1hl0000,0*19
2026-05-31T13:27:40.7410841Z $SDVLW,,N,,N,,N,,N*5A
2026-05-31T13:27:40.7410841Z $IIHDG,334.2,,,14.0,W*03
2026-05-31T13:27:40.7410841Z $SDVHW,320.0,T,334.1,M,0.0,N,0.0,K*46
2026-05-31T13:27:40.8048632Z $IIHDG,334.1,,,14.0,W*00
2026-05-31T13:27:40.8557398Z $WIMWD,314.5,T,328.6,M,6.4,N,3.3,M*54
2026-05-31T13:27:40.9046497Z $WIMWV,354.1,R,5.6,N,A*23
2026-05-31T13:27:40.9046497Z $WIMWV,354.4,T,6.4,N,A*21
2026-05-31T13:27:40.9508238Z $IIHDG,334.1,,,14.0,W*00
2026-05-31T13:27:40.9990599Z $IIXDR,C,13.1,C,AIRTEMP,A,4.9,D,HEEL,A,-0.3,D,TRIM,P,1.016,B,BARO,A,-0.5,D,RUDDER*17
2026-05-31T13:27:41.0503124Z $IIHDG,334.0,,,14.0,W*01
2026-05-31T13:27:41.0503124Z $GNGGA,132739,4230.0907,N,07050.4990,W,2,00,0.50,8,M,-32.6,M,,*44
2026-05-31T13:27:41.0964451Z !AIVDM,1,1,,,B52oU<@146ft;N65NTjQSwP00000,0*56
2026-05-31T13:27:41.0964451Z $GPGLC,9960,,,13928.95,A,25847.49,A,44324.31,A,60280.08,A,,*7A
2026-05-31T13:27:41.1462130Z $IIHDG,334.0,,,14.0,W*01
2026-05-31T13:27:41.1462130Z $GPGLL,4230.0906,N,07050.4989,W,132739,A,D*59
2026-05-31T13:27:41.1921561Z $GNGSA,A,3,,,,,,,,,,,,,0.70,0.50,0.50*1B
2026-05-31T13:27:41.1921561Z $GNGSV,3,1,11,01,12,054,,03,37,058,,06,61,249,,11,21,239,*69
2026-05-31T13:27:41.1921561Z $GNGSV,3,2,11,12,07,320,,14,39,166,,17,67,066,,19,68,323,*6E
2026-05-31T13:27:41.1921561Z $GNGSV,3,3,11,22,59,174,,24,13,284,,44,23,237,*54
2026-05-31T13:27:41.2402162Z $GPRMC,132739,A,4230.0906,N,07050.4989,W,0.2,207.0,310526,14.1,W,D*27
2026-05-31T13:27:41.2402162Z $IIHDG,334.0,,,14.0,W*01
2026-05-31T13:27:41.2402162Z $GPVTG,207.0,T,221.1,M,0.2,N,0.3,K,A*27
2026-05-31T13:27:41.2965272Z $GPZDA,132739,31,05,2026,04,00*40
2026-05-31T13:27:41.3451519Z $IIHDG,333.9,,,14.0,W*0F
2026-05-31T13:27:41.3931248Z $GPAAM,,,,N,*38
2026-05-31T13:27:41.4574423Z $IIHDG,333.9,,,14.0,W*0F
2026-05-31T13:27:41.4574423Z $GPAPB,,,,,,,,,,,,,,,N*26
2026-05-31T13:27:41.4574423Z $GPBOD,,T,,M,,*47
2026-05-31T13:27:41.5053420Z $GPRMB,,,,,,,,,,,,,,N*04
2026-05-31T13:27:41.5546936Z $GPXTE,,,,,N,N*5E
2026-05-31T13:27:41.5546936Z $IIHDG,333.9,,,14.0,W*0F
2026-05-31T13:27:41.6017193Z $SDDBT,28.0,f,8.5,M,4.6,F*33
2026-05-31T13:27:41.6017193Z $SDDPT,8.6,0.0,*75
2026-05-31T13:27:41.6502103Z $SDMTW,14.8,C*09
2026-05-31T13:27:41.6502103Z $IIHDG,333.8,,,14.0,W*0E
2026-05-31T13:27:41.6985361Z $SDVLW,,N,,N,,N,,N*5A
2026-05-31T13:27:41.7465484Z $IIHDG,333.8,,,14.0,W*0E
2026-05-31T13:27:41.7465484Z $SDVHW,319.7,T,333.8,M,0.0,N,0.0,K*45
2026-05-31T13:27:41.8268270Z $IIHDG,333.8,,,14.0,W*0E
2026-05-31T13:27:41.8785309Z !AIVDM,1,1,,,15NO=nPP00Jrnv0H>WnTI?w>0000,0*05
2026-05-31T13:27:41.8785309Z $WIMWD,315.3,T,329.3,M,6.0,N,3.1,M*51
2026-05-31T13:27:41.8785309Z $WIMWV,355.5,R,5.9,N,A*29
2026-05-31T13:27:41.8785309Z $WIMWV,355.5,T,6.0,N,A*25
2026-05-31T13:27:41.9236068Z $IIHDG,333.7,,,14.0,W*01
2026-05-31T13:27:41.9879429Z !AIVDM,1,1,,,35NwCQP014rs>m0HBfSb2p3>0000,0*5F
2026-05-31T13:27:42.0387455Z $IIXDR,C,13.1,C,AIRTEMP,A,2.7,D,HEEL,A,-0.1,D,TRIM,P,1.015,B,BARO,A,-0.4,D,RUDDER*1F
2026-05-31T13:27:42.0387455Z $IIHDG,333.7,,,14.0,W*01
2026-05-31T13:27:42.0848141Z $GNGGA,132740,4230.0907,N,07050.4991,W,2,00,0.50,8,M,-32.6,M,,*4B
2026-05-31T13:27:42.0848141Z $GPGLC,9960,,,13928.95,A,25847.49,A,44324.31,A,60280.08,A,,*7A
2026-05-31T13:27:42.1333643Z !AIVDM,1,1,,,15NK=p0PSrrsi1@H=NHTA3A@0000,0*27
2026-05-31T13:27:42.1333643Z $GPGLL,4230.0907,N,07050.4989,W,132740,A,D*56
2026-05-31T13:27:42.1333643Z $IIHDG,333.6,,,14.0,W*00
2026-05-31T13:27:42.1814304Z $GNGSA,A,3,,,,,,,,,,,,,0.70,0.50,0.50*1B
2026-05-31T13:27:42.1814304Z $GNGSV,3,1,11,01,12,054,,03,37,058,,06,61,249,,11,21,239,*69
2026-05-31T13:27:42.1814304Z $GNGSV,3,2,11,12,07,320,,14,39,166,,17,67,066,,19,68,323,*6E
2026-05-31T13:27:42.1868236Z $GNGSV,3,3,11,22,59,174,,24,13,284,,44,23,237,*54
2026-05-31T13:27:42.2299562Z $GPRMC,132740,A,4230.0907,N,07050.4989,W,0.2,207.0,310526,14.1,W,D*28
2026-05-31T13:27:42.2794863Z $IIHDG,333.6,,,14.0,W*00
2026-05-31T13:27:42.2794863Z $GPVTG,207.0,T,221.1,M,0.2,N,0.3,K,A*27
2026-05-31T13:27:42.2794863Z $GPZDA,132740,31,05,2026,04,00*4E
2026-05-31T13:27:42.3266949Z $IIHDG,333.5,,,14.0,W*03
2026-05-31T13:27:42.3910055Z $GPAAM,,,,N,*38
2026-05-31T13:27:42.4545927Z $GPAPB,,,,,,,,,,,,,,,N*26
2026-05-31T13:27:42.4545927Z $IIHDG,333.5,,,14.0,W*03
2026-05-31T13:27:42.4545927Z $GPBOD,,T,,M,,*47
2026-05-31T13:27:42.5021029Z !AIVDM,1,1,,,15OGwBPP0oJrl6hH?8BTvOw@0000,0*5C
2026-05-31T13:27:42.5505103Z $GPRMB,,,,,,,,,,,,,,N*04
2026-05-31T13:27:42.5505103Z $GPXTE,,,,,N,N*5E
2026-05-31T13:27:42.5551870Z !AIVDM,1,1,,,15NO=g;P00JrjqhH@10dbOw@2000,0*6D
2026-05-31T13:27:42.5551870Z $IIHDG,333.5,,,14.0,W*03
2026-05-31T13:27:42.5998378Z $SDDBT,27.6,f,8.4,M,4.6,F*3B
2026-05-31T13:27:42.5998378Z $SDDPT,8.4,0.0,*77
2026-05-31T13:27:42.6488717Z !AIVDM,1,1,,,B52GWL@00>fpPF65BLQe7wP00000,0*19
2026-05-31T13:27:42.6488717Z $SDMTW,14.8,C*09
2026-05-31T13:27:42.6488717Z $IIHDG,333.4,,,14.0,W*02
2026-05-31T13:27:42.6952537Z $SDVLW,,N,,N,,N,,N*5A
2026-05-31T13:27:42.7611683Z !AIVDM,1,1,,,B5OElb00<Ffr<r65FnHCt:000000,0*5A
2026-05-31T13:27:42.7611683Z $SDVHW,319.3,T,333.4,M,0.0,N,0.0,K*4D
2026-05-31T13:27:42.7611683Z $IIHDG,333.4,,,14.0,W*02
2026-05-31T13:27:42.8389272Z $IIHDG,333.4,,,14.0,W*02
2026-05-31T13:27:42.8866576Z $WIMWD,313.7,T,327.7,M,5.7,N,3.0,M*5C
2026-05-31T13:27:42.8866576Z $WIMWV,354.3,R,5.8,N,A*2F
2026-05-31T13:27:42.8866576Z $WIMWV,354.5,T,5.7,N,A*20
2026-05-31T13:27:42.9342172Z $IIHDG,333.4,,,14.0,W*02
2026-05-31T13:27:42.9980884Z $IIXDR,C,13.1,C,AIRTEMP,A,0.9,D,HEEL,A,0.1,D,TRIM,P,1.016,B,BARO,A,-0.1,D,RUDDER*38
2026-05-31T13:27:43.0474775Z $IIHDG,333.3,,,14.0,W*05
2026-05-31T13:27:43.0474775Z $GNGGA,132741,4230.0908,N,07050.4990,W,2,00,0.50,8,M,-32.6,M,,*44
2026-05-31T13:27:43.0945535Z $GPGLC,9960,,,13928.95,A,25847.49,A,44324.31,A,60280.08,A,,*7A
2026-05-31T13:27:43.1430580Z $GPGLL,4230.0907,N,07050.4988,W,132741,A,D*56
2026-05-31T13:27:43.1430580Z $IIHDG,333.3,,,14.0,W*05
2026-05-31T13:27:43.1913565Z $GNGSA,A,3,,,,,,,,,,,,,0.70,0.50,0.50*1B
2026-05-31T13:27:43.1913565Z $GNGSV,3,1,11,01,12,054,,03,37,058,,06,61,249,,11,21,239,*69
2026-05-31T13:27:43.1913565Z $GNGSV,3,2,11,12,07,320,,14,39,166,,17,67,066,,19,68,323,*6E
2026-05-31T13:27:43.1913565Z $GNGSV,3,3,11,22,59,174,,24,13,284,,44,23,237,*54
2026-05-31T13:27:43.2411697Z !AIVDM,1,1,,,15PH9T@0h0JrhC@H?SQQvwwB0000,0*7D
2026-05-31T13:27:43.2411697Z $GPRMC,132741,A,4230.0908,N,07050.4988,W,0.1,207.0,310526,14.1,W,D*24
2026-05-31T13:27:43.2880949Z $GPVTG,207.0,T,221.1,M,0.1,N,0.3,K,A*24
2026-05-31T13:27:43.2880949Z $IIHDG,333.3,,,14.0,W*05
2026-05-31T13:27:43.2880949Z $GPZDA,132741,31,05,2026,04,00*4F
2026-05-31T13:27:43.3344982Z $IIHDG,333.2,,,14.0,W*04
2026-05-31T13:27:43.3993268Z $GPAAM,,,,N,*38
2026-05-31T13:27:43.4474983Z $GPAPB,,,,,,,,,,,,,,,N*26
2026-05-31T13:27:43.4474983Z !AIVDM,1,1,,,352l5NhOQcrs@QhH>e?Q;A3B0000,0*5F
2026-05-31T13:27:43.4474983Z $IIHDG,333.2,,,14.0,W*04
2026-05-31T13:27:43.4474983Z $GPBOD,,T,,M,,*47
2026-05-31T13:27:43.4955454Z !AIVDM,1,1,,,15NQUM4P00rrkshH>tr>4?wD2000,0*04
2026-05-31T13:27:43.5467805Z $GPRMB,,,,,,,,,,,,,,N*04
2026-05-31T13:27:43.5467805Z $GPXTE,,,,,N,N*5E
2026-05-31T13:27:43.5919828Z $IIHDG,333.1,,,14.0,W*07
2026-05-31T13:27:43.5919828Z $SDDBT,27.6,f,8.4,M,4.6,F*3B
2026-05-31T13:27:43.5919828Z $SDDPT,8.4,0.0,*77
2026-05-31T13:27:43.6401054Z !AIVDM,1,1,,,15MnF7<00EJrrU`H>gG<EIeF0000,0*72
2026-05-31T13:27:43.6401054Z $SDMTW,14.8,C*09
2026-05-31T13:27:43.6882066Z $IIHDG,333.0,,,14.0,W*06
2026-05-31T13:27:43.7385419Z $SDVLW,,N,,N,,N,,N*5A
2026-05-31T13:27:43.7385419Z $SDVHW,318.9,T,333.0,M,0.0,N,0.0,K*42
2026-05-31T13:27:43.7852572Z $IIHDG,333.0,,,14.0,W*06
2026-05-31T13:27:43.8508309Z $IIHDG,332.9,,,14.0,W*0E
2026-05-31T13:27:43.8980067Z $WIMWD,313.0,T,327.0,M,5.3,N,2.8,M*51
2026-05-31T13:27:43.8980067Z $WIMWV,354.0,R,5.7,N,A*23
2026-05-31T13:27:43.8980067Z $WIMWV,353.9,T,5.3,N,A*2F
2026-05-31T13:27:43.9463241Z $IIHDG,332.8,,,14.0,W*0F
2026-05-31T13:27:43.9944217Z $IIXDR,C,13.1,C,AIRTEMP,A,2.2,D,HEEL,A,0.3,D,TRIM,P,1.015,B,BARO,A,-0.3,D,RUDDER*32
2026-05-31T13:27:44.0429097Z !AIVDM,1,1,,,15NK=p0PSrrsi6hH=N<TAkAD0000,0*20
2026-05-31T13:27:44.0911889Z $GNGGA,132742,4230.0909,N,07050.4988,W,2,00,0.50,8,M,-32.6,M,,*4F
2026-05-31T13:27:44.0911889Z $IIHDG,332.8,,,14.0,W*0F
2026-05-31T13:27:44.0911889Z $GPGLC,9960,,,13928.95,A,25847.49,A,44324.31,A,60280.08,A,,*7A
2026-05-31T13:27:44.1415581Z $GPGLL,4230.0908,N,07050.4987,W,132742,A,D*55
2026-05-31T13:27:44.1868491Z $GNGSA,A,3,,,,,,,,,,,,,0.70,0.50,0.50*1B
2026-05-31T13:27:44.1868491Z $GNGSV,3,1,11,01,12,054,,03,37,058,,06,61,249,,11,21,239,*69
2026-05-31T13:27:44.1868491Z $GNGSV,3,2,11,12,08,320,,14,39,166,,17,67,066,,19,68,323,*61
2026-05-31T13:27:44.1868491Z $GNGSV,3,3,11,22,58,174,,24,13,284,,44,23,237,*55
2026-05-31T13:27:44.1868491Z $IIHDG,332.7,,,14.0,W*00
2026-05-31T13:27:44.2353811Z $GPRMC,132742,A,4230.0908,N,07050.4987,W,0.2,207.0,310526,14.1,W,D*2B
2026-05-31T13:27:44.2353811Z $GPVTG,207.0,T,221.1,M,0.2,N,0.3,K,A*27
2026-05-31T13:27:44.2838239Z $GPZDA,132742,31,05,2026,04,00*4C
2026-05-31T13:27:44.2838239Z $IIHDG,332.6,,,14.0,W*01
2026-05-31T13:27:44.3643059Z $IIHDG,332.6,,,14.0,W*01
2026-05-31T13:27:44.4118342Z $GPAAM,,,,N,*38
2026-05-31T13:27:44.4118342Z !AIVDM,1,1,,,15O=hk521BJsGFPH>i;QOQA40000,0*10
2026-05-31T13:27:44.4602911Z $GPAPB,,,,,,,,,,,,,,,N*26
2026-05-31T13:27:44.4602911Z $GPBOD,,T,,M,,*47
2026-05-31T13:27:44.5118294Z $IIHDG,332.5,,,14.0,W*02
2026-05-31T13:27:44.5569503Z $GPRMB,,,,,,,,,,,,,,N*04
2026-05-31T13:27:44.5569503Z $GPXTE,,,,,N,N*5E
2026-05-31T13:27:44.5569503Z !AIVDM,1,1,,,35Ngd70OSmJs@o@H=mBcfICH0000,0*11
2026-05-31T13:27:44.6054163Z $SDDBT,27.1,f,8.2,M,4.5,F*39
2026-05-31T13:27:44.6054163Z $IIHDG,332.4,,,14.0,W*03
2026-05-31T13:27:44.6054163Z $SDDPT,8.3,0.0,*70
2026-05-31T13:27:44.6538063Z $SDMTW,14.8,C*09
2026-05-31T13:27:44.7021032Z $IIHDG,332.4,,,14.0,W*03
2026-05-31T13:27:44.7504813Z $SDVLW,,N,,N,,N,,N*5A
2026-05-31T13:27:44.7556175Z $SDVHW,318.3,T,332.3,M,0.0,N,0.0,K*4A
2026-05-31T13:27:44.7988508Z $IIHDG,332.3,,,14.0,W*04
2026-05-31T13:27:44.8631251Z $WIMWD,314.9,T,329.0,M,4.8,N,2.5,M*56
2026-05-31T13:27:44.9116824Z $WIMWV,356.9,R,5.4,N,A*2B
2026-05-31T13:27:44.9116824Z $WIMWV,356.3,T,4.8,N,A*2A
2026-05-31T13:27:44.9116824Z $IIHDG,332.3,,,14.0,W*04
2026-05-31T13:27:44.9757646Z $IIHDG,332.2,,,14.0,W*05
2026-05-31T13:27:45.0258431Z $IIXDR,C,13.1,C,AIRTEMP,A,3.3,D,HEEL,A,0.6,D,TRIM,P,1.016,B,BARO,A,-0.3,D,RUDDER*34
2026-05-31T13:27:45.0878443Z $GNGGA,132743,4230.0909,N,07050.4988,W,2,00,0.50,8,M,-32.6,M,,*4E
2026-05-31T13:27:45.0878443Z $IIHDG,332.1,,,14.0,W*06
2026-05-31T13:27:45.0878443Z $GPGLC,9960,,,13928.95,A,25847.49,A,44324.31,A,60280.08,A,,*7A
2026-05-31T13:27:45.1363463Z $GPGLL,4230.0909,N,07050.4987,W,132743,A,D*55
2026-05-31T13:27:45.1850540Z $GNGSA,A,3,,,,,,,,,,,,,0.70,0.50,0.50*1B
2026-05-31T13:27:45.1850540Z $GNGSV,3,1,11,01,12,054,,03,37,058,,06,61,249,,11,21,239,*69
2026-05-31T13:27:45.1883066Z $GNGSV,3,2,11,12,08,320,,14,39,166,,17,67,066,,19,68,323,*61
2026-05-31T13:27:45.1883066Z $GNGSV,3,3,11,22,58,174,,24,13,284,,44,23,237,*55
2026-05-31T13:27:45.1883066Z $IIHDG,332.1,,,14.0,W*06
2026-05-31T13:27:45.2329226Z $GPRMC,132743,A,4230.0909,N,07050.4987,W,0.2,207.0,310526,14.1,W,D*2B
2026-05-31T13:27:45.2810784Z $GPVTG,207.0,T,221.1,M,0.2,N,0.4,K,A*20
2026-05-31T13:27:45.2810784Z !AIVDM,1,1,,,ENk`sl>`@@@@@@@@@@@@@@@@@@@=OTgH<LwsP00000000?,4*70
2026-05-31T13:27:45.2810784Z $GPZDA,132743,31,05,2026,04,00*4D
2026-05-31T13:27:45.2810784Z $IIHDG,332.0,,,14.0,W*07
2026-05-31T13:27:45.3455752Z !AIVDM,1,1,,,19NSfbh000rrnu@H>W:3S8GD0000,0*35
2026-05-31T13:27:45.4101895Z $IIHDG,331.9,,,14.0,W*0D
2026-05-31T13:27:45.4101895Z $GPAAM,,,,N,*38
2026-05-31T13:27:45.4584442Z $GPAPB,,,,,,,,,,,,,,,N*26
2026-05-31T13:27:45.4584442Z $GPBOD,,T,,M,,*47
2026-05-31T13:27:45.5068849Z !AIVDM,1,1,,,15NO=dPOP0JroU@H>WlbH5MJ0000,0*53
2026-05-31T13:27:45.5068849Z $IIHDG,331.9,,,14.0,W*0D
2026-05-31T13:27:45.5547552Z $GPRMB,,,,,,,,,,,,,,N*04
2026-05-31T13:27:45.5547552Z $GPXTE,,,,,N,N*5E
2026-05-31T13:27:45.6027618Z $SDDBT,27.2,f,8.3,M,4.5,F*3B
2026-05-31T13:27:45.6027618Z $IIHDG,331.8,,,14.0,W*0C
2026-05-31T13:27:45.6027618Z $SDDPT,8.3,0.0,*70
2026-05-31T13:27:45.6512059Z !AIVDM,1,1,,,15NKP50000rrsQhH@W44LAqJ0000,0*20
2026-05-31T13:27:45.6512059Z $SDMTW,14.8,C*09
2026-05-31T13:27:45.7010766Z $IIHDG,331.7,,,14.0,W*03
2026-05-31T13:27:45.7475416Z $SDVLW,,N,,N,,N,,N*5A
2026-05-31T13:27:45.7475416Z $SDVHW,317.6,T,331.7,M,0.0,N,0.0,K*47
2026-05-31T13:27:45.7957644Z $IIHDG,331.7,,,14.0,W*03
2026-05-31T13:27:45.8546698Z !AIVDM,1,1,,,15NK=p003trsi<HH=N04>3AH0000,0*4B
2026-05-31T13:27:45.9084892Z $WIMWD,316.6,T,330.6,M,4.5,N,2.3,M*5E
2026-05-31T13:27:45.9084892Z $WIMWV,359.0,R,5.1,N,A*28
2026-05-31T13:27:45.9084892Z $WIMWV,358.8,T,4.5,N,A*22
2026-05-31T13:27:45.9084892Z $IIHDG,331.6,,,14.0,W*02
2026-05-31T13:27:45.9549802Z !AIVDM,1,1,,,15NwCQPOQ1rs>i0HBfNb5H9H0000,0*1D
2026-05-31T13:27:46.0039400Z $IIHDG,331.6,,,14.0,W*02
2026-05-31T13:27:46.0039400Z $IIXDR,C,13.1,C,AIRTEMP,A,2.0,D,HEEL,A,0.2,D,TRIM,P,1.015,B,BARO,A,-0.5,D,RUDDER*37
2026-05-31T13:27:46.0521218Z $GNGGA,132744,4230.0910,N,07050.4987,W,2,01,0.50,8,M,-32.6,M,,*4F
2026-05-31T13:27:46.0991392Z $GPGLC,9960,,,13928.95,A,25847.49,A,44324.31,A,60280.08,A,,*7A
2026-05-31T13:27:46.0991392Z $IIHDG,331.5,,,14.0,W*01
2026-05-31T13:27:46.1488131Z $GPGLL,4230.0910,N,07050.4985,W,132744,A,D*58
2026-05-31T13:27:46.1488131Z $GNGSA,A,3,01,,,,,,,,,,,,0.70,0.50,0.50*1A
2026-05-31T13:27:46.1488131Z $GNGSV,3,1,11,01,12,054,42,03,37,058,,06,61,249,,11,21,239,*6F
2026-05-31T13:27:46.1513768Z $GNGSV,3,2,11,12,08,320,,14,39,166,,17,67,066,,19,68,323,*61
2026-05-31T13:27:46.1513768Z $GNGSV,3,3,11,22,58,174,,24,13,284,,44,23,237,*55
2026-05-31T13:27:46.1960181Z !AIVDM,1,1,,,352l5Nh01crs@S`H>eSQ:Q3H0000,0*3D
2026-05-31T13:27:46.1960181Z $IIHDG,331.4,,,14.0,W*00
2026-05-31T13:27:46.2442734Z $GPRMC,132744,A,4230.0910,N,07050.4986,W,0.2,208.0,310526,14.1,W,D*2A
2026-05-31T13:27:46.2442734Z $GPVTG,208.0,T,222.1,M,0.2,N,0.4,K,A*2C
2026-05-31T13:27:46.2922383Z $GPZDA,132744,31,05,2026,04,00*4A
2026-05-31T13:27:46.2922383Z !AIVDM,1,1,,,B52oU<@15nft7L65NP:R3wP00000,0*36
2026-05-31T13:27:46.3400752Z $IIHDG,331.4,,,14.0,W*00
2026-05-31T13:27:46.3905526Z $IIHDG,331.3,,,14.0,W*07
2026-05-31T13:27:46.4384215Z $GPAAM,,,,N,*38
2026-05-31T13:27:46.4384215Z $GPAPB,,,,,,,,,,,,,,,N*26
2026-05-31T13:27:46.4845954Z $GPBOD,,T,,M,,*47
2026-05-31T13:27:46.5321872Z $IIHDG,331.3,,,14.0,W*07
2026-05-31T13:27:46.5321872Z $GPRMB,,,,,,,,,,,,,,N*04
2026-05-31T13:27:46.5321872Z $GPXTE,,,,,N,N*5E
2026-05-31T13:27:46.5813397Z $SDDBT,27.6,f,8.4,M,4.6,F*3B
2026-05-31T13:27:46.6297140Z $SDDPT,8.4,0.0,*77
2026-05-31T13:27:46.6327233Z $IIHDG,331.2,,,14.0,W*06
2026-05-31T13:27:46.6327233Z $SDMTW,14.8,C*09
2026-05-31T13:27:46.6941729Z $IIHDG,331.2,,,14.0,W*06
2026-05-31T13:27:46.7410515Z $SDVLW,,N,,N,,N,,N*5A
2026-05-31T13:27:46.7410515Z !AIVDM,1,1,,,35Ngd70OSnJs@jHH=mSciqGL0000,0*39
2026-05-31T13:27:46.7410515Z $SDVHW,317.1,T,331.2,M,0.0,N,0.0,K*45
2026-05-31T13:27:46.7915902Z $IIHDG,331.2,,,14.0,W*06
2026-05-31T13:27:46.8548284Z !AIVDM,1,1,,,15MeF10P00JrjtPH@0c9o?wL0000,0*23
2026-05-31T13:27:46.9010177Z $WIMWD,315.1,T,329.2,M,4.1,N,2.1,M*50
2026-05-31T13:27:46.9010177Z $WIMWV,357.9,R,4.7,N,A*28
2026-05-31T13:27:46.9053700Z $WIMWV,358.0,T,4.1,N,A*2E
2026-05-31T13:27:46.9053700Z $IIHDG,331.1,,,14.0,W*05
2026-05-31T13:27:46.9502852Z !AIVDM,1,1,,,18IPTf001Nrs@O`H>`vQdQIB0000,0*5B
2026-05-31T13:27:46.9970808Z $IIHDG,331.1,,,14.0,W*05
2026-05-31T13:27:47.0456200Z $IIXDR,C,13.1,C,AIRTEMP,A,1.4,D,HEEL,A,0.0,D,TRIM,P,1.016,B,BARO,A,-0.2,D,RUDDER*36
2026-05-31T13:27:47.0456200Z $GNGGA,132745,4230.0911,N,07050.4987,W,2,00,0.50,8,M,-32.6,M,,*4E
2026-05-31T13:27:47.0941956Z $GPGLC,9960,,,13928.95,A,25847.49,A,44324.31,A,60280.08,A,,*7A
2026-05-31T13:27:47.1433687Z $IIHDG,331.0,,,14.0,W*04
2026-05-31T13:27:47.1433687Z $GPGLL,4230.0910,N,07050.4985,W,132745,A,D*59
2026-05-31T13:27:47.1925335Z $GNGSA,A,3,,,,,,,,,,,,,0.70,0.50,0.50*1B
2026-05-31T13:27:47.1925335Z $GNGSV,3,1,11,01,12,054,,03,37,058,,06,61,249,,11,21,239,*69
2026-05-31T13:27:47.1925335Z $GNGSV,3,2,11,12,08,320,,14,39,166,,17,67,066,,19,68,323,*61
2026-05-31T13:27:47.1925335Z $GNGSV,3,3,11,22,58,174,,24,13,284,,44,23,237,*55
2026-05-31T13:27:47.1925335Z !AIVDM,1,1,,,15NO=iP003JrowhH>WW<eogL0000,0*76
2026-05-31T13:27:47.2401414Z $IIHDG,331.0,,,14.0,W*04
2026-05-31T13:27:47.2401414Z $GPRMC,132745,A,4230.0910,N,07050.4985,W,0.2,210.0,310526,14.1,W,D*21
2026-05-31T13:27:47.2871612Z $GPVTG,210.0,T,224.1,M,0.2,N,0.4,K,A*23
2026-05-31T13:27:47.2871612Z $GPZDA,132745,31,05,2026,04,00*4B
2026-05-31T13:27:47.3350717Z $IIHDG,330.9,,,14.0,W*0C
2026-05-31T13:27:47.3990657Z $IIHDG,330.8,,,14.0,W*0D
2026-05-31T13:27:47.4473693Z $GPAAM,,,,N,*38
2026-05-31T13:27:47.4473693Z $GPAPB,,,,,,,,,,,,,,,N*26
2026-05-31T13:27:47.4956435Z $GPBOD,,T,,M,,*47
2026-05-31T13:27:47.5454521Z $IIHDG,330.7,,,14.0,W*02
2026-05-31T13:27:47.5454521Z !AIVDM,1,1,,,352l5Nh01crs@T@H>ebQ;i3J0000,0*10
2026-05-31T13:27:47.5454521Z $GPRMB,,,,,,,,,,,,,,N*04
2026-05-31T13:27:47.5474690Z $GPXTE,,,,,N,N*5E
2026-05-31T13:27:47.5943215Z $SDDBT,27.6,f,8.4,M,4.6,F*3B
2026-05-31T13:27:47.6394338Z $SDDPT,8.4,0.0,*77
2026-05-31T13:27:47.6394338Z $IIHDG,330.7,,,14.0,W*02
2026-05-31T13:27:47.6394338Z $SDMTW,14.8,C*09
2026-05-31T13:27:47.7031502Z $IIHDG,330.6,,,14.0,W*03
2026-05-31T13:27:47.7514950Z !AIVDM,1,1,,,15N9sFP001rrsoPH@`f9oToN0000,0*21
2026-05-31T13:27:47.7514950Z $SDVLW,,N,,N,,N,,N*5A
2026-05-31T13:27:47.7514950Z !AIVDM,1,1,,,15NK=p003rrsiAhH=Mm4ASAL0000,0*55
2026-05-31T13:27:47.7514950Z $SDVHW,316.4,T,330.5,M,0.0,N,0.0,K*47
2026-05-31T13:27:47.7996430Z $IIHDG,330.5,,,14.0,W*00
2026-05-31T13:27:47.8641196Z $WIMWD,316.8,T,330.9,M,3.8,N,2.0,M*56
2026-05-31T13:27:47.9287637Z $WIMWV,0.1,R,4.4,N,A*22
2026-05-31T13:27:47.9287637Z $WIMWV,0.3,T,3.8,N,A*2D
2026-05-31T13:27:47.9287637Z $IIHDG,330.4,,,14.0,W*01
2026-05-31T13:27:47.9767342Z !AIVDM,1,1,,,152Wpn<01GrsJu`H?k`2j2?H2000,0*5F
2026-05-31T13:27:48.0246947Z $IIXDR,C,13.1,C,AIRTEMP,A,2.6,D,HEEL,A,-0.1,D,TRIM,P,1.015,B,BARO,A,-0.3,D,RUDDER*19
2026-05-31T13:27:48.0246947Z $IIHDG,330.4,,,14.0,W*01
2026-05-31T13:27:48.0730003Z $GNGGA,132746,4230.0911,N,07050.4986,W,2,00,0.50,8,M,-32.6,M,,*4C
2026-05-31T13:27:48.0730003Z !AIVDM,1,1,,,35NwCQPOPtrs>g`HBfLb6H?L0000,0*06
2026-05-31T13:27:48.1212204Z $GPGLC,9960,,,13928.95,A,25847.49,A,44324.31,A,60280.08,A,,*7A
2026-05-31T13:27:48.1212204Z $IIHDG,330.3,,,14.0,W*06
2026-05-31T13:27:48.1687319Z $GPGLL,4230.0911,N,07050.4985,W,132746,A,D*5B
2026-05-31T13:27:48.1687319Z $GNGSA,A,3,,,,,,,,,,,,,0.70,0.50,0.50*1B
2026-05-31T13:27:48.1687319Z $GNGSV,3,1,11,01,12,054,,03,37,058,,06,61,249,,11,21,239,*69
2026-05-31T13:27:48.1687319Z $GNGSV,3,2,11,12,08,320,,14,39,166,,17,67,066,,19,68,323,*61
2026-05-31T13:27:48.1687319Z $GNGSV,3,3,11,22,58,174,,24,13,284,,44,23,237,*55
2026-05-31T13:27:48.2168497Z $IIHDG,330.3,,,14.0,W*06
2026-05-31T13:27:48.2168497Z $GPRMC,132746,A,4230.0911,N,07050.4986,W,0.2,210.0,310526,14.1,W,D*20
2026-05-31T13:27:48.2648352Z $GPVTG,210.0,T,224.1,M,0.2,N,0.3,K,A*24
2026-05-31T13:27:48.3126310Z $GPZDA,132746,31,05,2026,04,00*48
2026-05-31T13:27:48.3126310Z $IIHDG,330.2,,,14.0,W*07
2026-05-31T13:27:48.3969162Z $GPAAM,,,,N,*38
2026-05-31T13:27:48.4565503Z $IIHDG,330.2,,,14.0,W*07
2026-05-31T13:27:48.4565503Z $GPAPB,,,,,,,,,,,,,,,N*26
2026-05-31T13:27:48.4565503Z $GPBOD,,T,,M,,*47
2026-05-31T13:27:48.5045639Z $IIHDG,330.1,,,14.0,W*04
2026-05-31T13:27:48.5686010Z $GPRMB,,,,,,,,,,,,,,N*04
2026-05-31T13:27:48.5686010Z $GPXTE,,,,,N,N*5E
2026-05-31T13:27:48.6169540Z $SDDBT,27.6,f,8.4,M,4.6,F*3B
2026-05-31T13:27:48.6169540Z $SDDPT,8.4,0.0,*77
2026-05-31T13:27:48.6169540Z $IIHDG,330.0,,,14.0,W*05
2026-05-31T13:27:48.6656013Z $SDMTW,14.8,C*09
2026-05-31T13:27:48.7145026Z $SDVLW,,N,,N,,N,,N*5A
2026-05-31T13:27:48.7614027Z $IIHDG,330.0,,,14.0,W*05
2026-05-31T13:27:48.7614027Z $SDVHW,315.8,T,329.9,M,0.0,N,0.0,K*4C
2026-05-31T13:27:48.8104193Z !AIVDM,1,1,,,35Ngd70OSoJs@ePH=mn;n9IP0000,0*17
2026-05-31T13:27:48.8580469Z $IIHDG,329.9,,,14.0,W*04
2026-05-31T13:27:48.9061495Z $WIMWD,319.2,T,333.3,M,3.6,N,1.9,M*5E
2026-05-31T13:27:48.9061495Z $WIMWV,3.0,R,4.1,N,A*25
2026-05-31T13:27:48.9061495Z $WIMWV,3.3,T,3.6,N,A*20
2026-05-31T13:27:48.9061495Z !AIVDM,1,1,,,15NQsE?P00rtNWhHH3c<3?wN2000,0*09
2026-05-31T13:27:48.9541040Z $IIHDG,329.8,,,14.0,W*05
2026-05-31T13:27:49.0021863Z $IIXDR,C,13.1,C,AIRTEMP,A,3.4,D,HEEL,A,-0.2,D,TRIM,P,1.016,B,BARO,A,-0.3,D,RUDDER*1A
2026-05-31T13:27:49.0503896Z $IIHDG,329.7,,,14.0,W*0A
2026-05-31T13:27:49.0503896Z $GNGGA,132747,4230.0912,N,07050.4987,W,2,00,0.50,8,M,-32.6,M,,*4F
2026-05-31T13:27:49.1068033Z !AIVDM,1,1,,,352l5NhPQcrs@UPH>enQ;i1N0000,0*0B
2026-05-31T13:27:49.1068033Z $GPGLC,9960,,,13928.95,A,25847.49,A,44324.31,A,60280.08,A,,*7A
2026-05-31T13:27:49.1651230Z $IIHDG,329.6,,,14.0,W*0B
2026-05-31T13:27:49.1651230Z $GPGLL,4230.0912,N,07050.4986,W,132747,A,D*5A
2026-05-31T13:27:49.1671466Z $GNGSA,A,3,,,,,,,,,,,,,0.70,0.50,0.50*1B
2026-05-31T13:27:49.1671466Z $GNGSV,3,1,11,01,12,054,,03,37,058,,06,61,249,,11,21,239,*69
2026-05-31T13:27:49.1671466Z $GNGSV,3,2,11,12,08,320,,14,39,166,,17,67,066,,19,68,323,*61
2026-05-31T13:27:49.1671466Z $GNGSV,3,3,11,22,58,174,,24,13,284,,44,23,237,*55
2026-05-31T13:27:49.2113501Z $GPRMC,132747,A,4230.0912,N,07050.4986,W,0.2,210.0,310526,14.1,W,D*22
2026-05-31T13:27:49.2589619Z $IIHDG,329.5,,,14.0,W*08
2026-05-31T13:27:49.2589619Z $GPVTG,210.0,T,224.1,M,0.2,N,0.3,K,A*24
2026-05-31T13:27:49.3070598Z $GPZDA,132747,31,05,2026,04,00*49
2026-05-31T13:27:49.3552520Z $IIHDG,329.4,,,14.0,W*09
2026-05-31T13:27:49.4029937Z $GPAAM,,,,N,*38
2026-05-31T13:27:49.4508908Z $IIHDG,329.4,,,14.0,W*09
2026-05-31T13:27:49.4508908Z $GPAPB,,,,,,,,,,,,,,,N*26
2026-05-31T13:27:49.4996840Z $GPBOD,,T,,M,,*47
2026-05-31T13:27:49.5476264Z $GPRMB,,,,,,,,,,,,,,N*04
2026-05-31T13:27:49.5476264Z $GPXTE,,,,,N,N*5E
2026-05-31T13:27:49.5476264Z $IIHDG,329.3,,,14.0,W*0E
2026-05-31T13:27:49.5958205Z $SDDBT,27.9,f,8.5,M,4.6,F*35
2026-05-31T13:27:49.5958205Z $SDDPT,8.5,0.0,*76
2026-05-31T13:27:49.6439690Z $SDMTW,14.8,C*09
2026-05-31T13:27:49.6439690Z $IIHDG,329.2,,,14.0,W*0F
2026-05-31T13:27:49.7076978Z $SDVLW,,N,,N,,N,,N*5A
2026-05-31T13:27:49.7556234Z $IIHDG,329.1,,,14.0,W*0C
2026-05-31T13:27:49.7556234Z $SDVHW,315.0,T,329.1,M,0.0,N,0.0,K*4C
2026-05-31T13:27:49.8199511Z $IIHDG,329.1,,,14.0,W*0C
2026-05-31T13:27:49.8684406Z !AIVDM,1,1,,,35NO=iP003JrowhH>WWe0ogR0000,0*66
2026-05-31T13:27:49.9166794Z $WIMWD,319.9,T,334.0,M,3.6,N,1.9,M*51
2026-05-31T13:27:49.9166794Z $WIMWV,4.8,R,3.9,N,A*25
2026-05-31T13:27:49.9166794Z $WIMWV,5.0,T,3.6,N,A*25
2026-05-31T13:27:49.9661260Z $IIHDG,329.0,,,14.0,W*0D
2026-05-31T13:27:50.0141978Z $IIXDR,C,13.1,C,AIRTEMP,A,2.7,D,HEEL,A,-0.2,D,TRIM,P,1.015,B,BARO,A,-0.4,D,RUDDER*1C
2026-05-31T13:27:50.0641450Z $IIHDG,329.0,,,14.0,W*0D
2026-05-31T13:27:50.0641450Z $GNGGA,132748,4230.0912,N,07050.4987,W,2,00,0.50,8,M,-32.6,M,,*40
2026-05-31T13:27:50.1258100Z !AIVDM,1,1,,,15NK=p003trsiGPH=MaTB3AP0000,0*7E
2026-05-31T13:27:50.1268132Z $GPGLC,9960,,,13928.95,A,25847.49,A,44324.31,A,60280.08,A,,*7A
2026-05-31T13:27:50.1734428Z $GPGLL,4230.0912,N,07050.4986,W,132748,A,D*55
2026-05-31T13:27:50.1734428Z $IIHDG,328.8,,,14.0,W*04
2026-05-31T13:27:50.1734428Z $GNGSA,A,3,,,,,,,,,,,,,0.70,0.50,0.50*1B
2026-05-31T13:27:50.1734428Z $GNGSV,3,1,11,01,12,054,,03,37,058,,06,61,249,,11,21,239,*69
2026-05-31T13:27:50.1734428Z $GNGSV,3,2,11,12,08,320,,14,39,166,,17,67,066,,19,68,323,*61
2026-05-31T13:27:50.1734428Z $GNGSV,3,3,11,22,58,174,,24,13,284,,44,23,237,*55
2026-05-31T13:27:50.2210127Z !AIVDM,1,1,,,E>k`vt<r0h@@@@@@@@@@@@@@@@@=MwTH<E=u@00000000?,4*12
2026-05-31T13:27:50.2210127Z $GPRMC,132748,A,4230.0912,N,07050.4986,W,0.1,210.0,310526,14.1,W,D*2E
2026-05-31T13:27:50.2846566Z $IIHDG,328.8,,,14.0,W*04
2026-05-31T13:27:50.2846566Z $GPVTG,210.0,T,224.1,M,0.1,N,0.3,K,A*27
2026-05-31T13:27:50.2846566Z $GPZDA,132748,31,05,2026,04,00*46
2026-05-31T13:27:50.3325478Z $IIHDG,328.7,,,14.0,W*0B
2026-05-31T13:27:50.4020307Z $GPAAM,,,,N,*38
2026-05-31T13:27:50.4599739Z $GPAPB,,,,,,,,,,,,,,,N*26
2026-05-31T13:27:50.4599739Z $IIHDG,328.7,,,14.0,W*0B
2026-05-31T13:27:50.4599739Z $GPBOD,,T,,M,,*47
2026-05-31T13:27:50.5084627Z $GPRMB,,,,,,,,,,,,,,N*04
2026-05-31T13:27:50.5730310Z $GPXTE,,,,,N,N*5E
2026-05-31T13:27:50.5730310Z $IIHDG,328.6,,,14.0,W*0A
2026-05-31T13:27:50.5730310Z $SDDBT,27.6,f,8.4,M,4.6,F*3B
2026-05-31T13:27:50.6211062Z $SDDPT,8.4,0.0,*77
2026-05-31T13:27:50.6211062Z $SDMTW,14.8,C*09
2026-05-31T13:27:50.6690858Z $IIHDG,328.5,,,14.0,W*09
2026-05-31T13:27:50.7167917Z $SDVLW,,N,,N,,N,,N*5A
2026-05-31T13:27:50.7649106Z $IIHDG,328.4,,,14.0,W*08
2026-05-31T13:27:50.7649106Z $SDVHW,314.4,T,328.4,M,0.0,N,0.0,K*4D
2026-05-31T13:27:50.8300193Z $IIHDG,328.4,,,14.0,W*08
2026-05-31T13:27:50.8780306Z $WIMWD,320.0,T,334.1,M,3.7,N,1.9,M*52
2026-05-31T13:27:50.9265283Z $WIMWV,5.4,R,3.8,N,A*29
2026-05-31T13:27:50.9265283Z $WIMWV,5.4,T,3.7,N,A*20
2026-05-31T13:27:50.9744001Z $IIHDG,328.3,,,14.0,W*0F
2026-05-31T13:27:51.0224938Z $IIXDR,C,13.1,C,AIRTEMP,A,1.9,D,HEEL,A,0.1,D,TRIM,P,1.016,B,BARO,A,-0.3,D,RUDDER*3B
2026-05-31T13:27:51.0708412Z !AIVDM,1,1,,,B52oU<@15Fft3R65NKbR3wP00000,0*47
2026-05-31T13:27:51.0708412Z $IIHDG,328.2,,,14.0,W*0E
2026-05-31T13:27:51.0708412Z $GNGGA,132749,4230.0913,N,07050.4988,W,2,00,0.50,8,M,-32.6,M,,*4F
2026-05-31T13:27:51.1188005Z $GPGLC,9960,,,13928.95,A,25847.49,A,44324.31,A,60280.08,A,,*7A
2026-05-31T13:27:51.1671279Z $GPGLL,4230.0911,N,07050.4985,W,132749,A,D*54
2026-05-31T13:27:51.1671279Z $IIHDG,328.1,,,14.0,W*0D
2026-05-31T13:27:51.1671279Z $GNGSA,A,3,,,,,,,,,,,,,0.70,0.50,0.50*1B
2026-05-31T13:27:51.1671279Z $GNGSV,3,1,11,01,12,054,,03,37,058,,06,61,249,,11,21,239,*69
2026-05-31T13:27:51.1671279Z $GNGSV,3,2,11,12,08,320,,14,39,166,,17,67,066,,19,68,323,*61
2026-05-31T13:27:51.1671279Z $GNGSV,3,3,11,22,58,174,,24,13,284,,44,23,237,*55
2026-05-31T13:27:51.2155506Z $GPRMC,132749,A,4230.0911,N,07050.4986,W,0.1,210.0,310526,14.1,W,D*2C
2026-05-31T13:27:51.2714557Z $IIHDG,328.1,,,14.0,W*0D
2026-05-31T13:27:51.2714557Z $GPVTG,210.0,T,224.1,M,0.1,N,0.3,K,A*27
2026-05-31T13:27:51.2714557Z !AIVDM,1,1,,,18I<UK000=rt@1`HC3I1eii80000,0*02
2026-05-31T13:27:51.2714557Z $GPZDA,132749,31,05,2026,04,00*47
2026-05-31T13:27:51.3192101Z !AIVDM,1,1,,,34`a2<5000rrmG@H>agbNpGR0000,0*39
2026-05-31T13:27:51.3675737Z $IIHDG,328.0,,,14.0,W*0C
2026-05-31T13:27:51.4332469Z $GPAAM,,,,N,*38
2026-05-31T13:27:51.4381424Z $GPAPB,,,,,,,,,,,,,,,N*26
2026-05-31T13:27:51.4806458Z $IIHDG,328.0,,,14.0,W*0C
2026-05-31T13:27:51.4806458Z $GPBOD,,T,,M,,*47
2026-05-31T13:27:51.5289637Z $GPRMB,,,,,,,,,,,,,,N*04
2026-05-31T13:27:51.5289637Z $GPXTE,,,,,N,N*5E
2026-05-31T13:27:51.5768460Z $IIHDG,328.0,,,14.0,W*0C
2026-05-31T13:27:51.5768460Z $SDDBT,27.6,f,8.4,M,4.6,F*3B
2026-05-31T13:27:51.6254498Z $SDDPT,8.4,0.0,*77
2026-05-31T13:27:51.6254498Z !AIVDM,1,1,,,1;KMsk@P00Jrh48H?W>006WT0000,0*14
2026-05-31T13:27:51.6254498Z $SDMTW,14.8,C*09
2026-05-31T13:27:51.6738592Z $IIHDG,327.9,,,14.0,W*0A
2026-05-31T13:27:51.7218331Z $SDVLW,,N,,N,,N,,N*5A
2026-05-31T13:27:51.7697774Z $SDVHW,313.8,T,327.9,M,0.0,N,0.0,K*44
2026-05-31T13:27:51.7697774Z $IIHDG,327.9,,,14.0,W*0A
2026-05-31T13:27:51.8657231Z $IIHDG,327.8,,,14.0,W*0B
2026-05-31T13:27:51.9139885Z $WIMWD,318.1,T,332.2,M,3.9,N,2.0,M*59
2026-05-31T13:27:51.9139885Z $WIMWV,4.0,R,3.8,N,A*2C
2026-05-31T13:27:51.9139885Z $WIMWV,4.0,T,3.9,N,A*2B
2026-05-31T13:27:51.9622513Z $IIHDG,327.7,,,14.0,W*04
2026-05-31T13:27:52.0257645Z $IIXDR,C,13.1,C,AIRTEMP,A,2.1,D,HEEL,A,0.2,D,TRIM,P,1.015,B,BARO,A,-0.4,D,RUDDER*37
2026-05-31T13:27:52.0742311Z $GNGGA,132750,4230.0912,N,07050.4987,W,2,01,0.50,8,M,-32.6,M,,*48
2026-05-31T13:27:52.0742311Z !AIVDM,1,1,,,15NO=g;P00JrjqhH@10dbOwT2000,0*79
2026-05-31T13:27:52.0742311Z $IIHDG,327.7,,,14.0,W*04
2026-05-31T13:27:52.1222044Z $GPGLC,9960,,,13928.95,A,25847.49,A,44324.31,A,60280.08,A,,*7A
2026-05-31T13:27:52.1695414Z $GPGLL,4230.0912,N,07050.4986,W,132750,A,D*5C
2026-05-31T13:27:52.1695414Z $GNGSA,A,3,44,,,,,,,,,,,,0.70,0.50,0.50*1B
2026-05-31T13:27:52.1695414Z $GNGSV,3,1,11,01,12,054,,03,37,058,,06,61,249,,11,21,239,*69
2026-05-31T13:27:52.1695414Z $GNGSV,3,2,11,12,08,320,,14,39,166,,17,67,066,,19,68,323,*61
2026-05-31T13:27:52.1695414Z $GNGSV,3,3,11,22,58,174,,24,13,284,,44,23,237,36*50
2026-05-31T13:27:52.2179304Z $IIHDG,327.6,,,14.0,W*05
2026-05-31T13:27:52.2179304Z $GPRMC,132750,A,4230.0912,N,07050.4986,W,0.1,210.0,310526,14.1,W,D*27
2026-05-31T13:27:52.2661207Z $GPVTG,210.0,T,224.1,M,0.1,N,0.3,K,A*27
2026-05-31T13:27:52.3142154Z $GPZDA,132750,31,05,2026,04,00*4F
2026-05-31T13:27:52.3142154Z $IIHDG,327.6,,,14.0,W*05
2026-05-31T13:27:52.3142154Z !AIVDM,1,1,,,15NO=nPP00Jrnv0H>WmSf?wT0000,0*44
2026-05-31T13:27:52.3779815Z $IIHDG,327.5,,,14.0,W*06
2026-05-31T13:27:52.4276822Z $GPAAM,,,,N,*38
2026-05-31T13:27:52.4739467Z $GPAPB,,,,,,,,,,,,,,,N*26
2026-05-31T13:27:52.4739467Z !AIVDM,1,1,,,352l5NhPQcrs@W`H>f;1<A1T0000,0*3A
2026-05-31T13:27:52.4739467Z $GPBOD,,T,,M,,*47
2026-05-31T13:27:52.5249371Z $IIHDG,327.4,,,14.0,W*07
2026-05-31T13:27:52.5249371Z !AIVDM,1,1,,,15Ngd70OSsJs@T8H=nNcuqO`0000,0*4E
2026-05-31T13:27:52.5249371Z $GPRMB,,,,,,,,,,,,,,N*04
2026-05-31T13:27:52.5698180Z $GPXTE,,,,,N,N*5E
2026-05-31T13:27:52.5698180Z !AIVDM,1,1,,,352l5Nh01crs@W`H>f;1<A1T0000,0*3A
2026-05-31T13:27:52.6177772Z $SDDBT,27.6,f,8.4,M,4.6,F*3B
2026-05-31T13:27:52.6177772Z $IIHDG,327.4,,,14.0,W*07
2026-05-31T13:27:52.6177772Z $SDDPT,8.4,0.0,*77
2026-05-31T13:27:52.6658280Z $SDMTW,14.8,C*09
2026-05-31T13:27:52.6658280Z !AIVDM,1,1,,,B52oqR@006g0L665hF3Q3wP00000,0*5E
2026-05-31T13:27:52.7140612Z $IIHDG,327.3,,,14.0,W*00
2026-05-31T13:27:52.7140612Z $SDVLW,,N,,N,,N,,N*5A
2026-05-31T13:27:52.7625937Z $SDVHW,313.2,T,327.3,M,0.0,N,0.0,K*44
2026-05-31T13:27:52.8109364Z $IIHDG,327.3,,,14.0,W*00
2026-05-31T13:27:52.8588657Z $WIMWD,317.3,T,331.3,M,4.1,N,2.1,M*58
2026-05-31T13:27:52.9228633Z $WIMWV,3.9,R,3.9,N,A*23
2026-05-31T13:27:52.9228633Z $WIMWV,4.0,T,4.1,N,A*24
2026-05-31T13:27:52.9228633Z $IIHDG,327.2,,,14.0,W*01
2026-05-31T13:27:52.9871271Z $IIHDG,327.2,,,14.0,W*01
2026-05-31T13:27:53.0349581Z $IIXDR,C,13.1,C,AIRTEMP,A,2.9,D,HEEL,A,0.4,D,TRIM,P,1.016,B,BARO,A,-0.2,D,RUDDER*3C
2026-05-31T13:27:53.0825887Z $GNGGA,132751,4230.0913,N,07050.4987,W,2,00,0.50,8,M,-32.6,M,,*49
2026-05-31T13:27:53.1306584Z $GPGLC,9960,,,13928.95,A,25847.49,A,44324.31,A,60280.08,A,,*7A
2026-05-31T13:27:53.1306584Z $IIHDG,327.1,,,14.0,W*02
2026-05-31T13:27:53.1306584Z $GPGLL,4230.0913,N,07050.4986,W,132751,A,D*5C
2026-05-31T13:27:53.1785399Z $GNGSA,A,3,,,,,,,,,,,,,0.70,0.50,0.50*1B
2026-05-31T13:27:53.1785399Z $GNGSV,3,1,10,01,12,054,,03,37,058,,06,61,249,,11,21,239,*68
2026-05-31T13:27:53.1785399Z $GNGSV,3,2,10,12,08,320,,14,39,166,,17,67,066,,19,68,323,*60
2026-05-31T13:27:53.1785399Z $GNGSV,3,3,10,22,58,174,,24,13,284,*63
2026-05-31T13:27:53.2263278Z $IIHDG,327.1,,,14.0,W*02
2026-05-31T13:27:53.2263278Z $GPRMC,132751,A,4230.0913,N,07050.4986,W,0.1,210.0,310526,14.1,W,D*27
2026-05-31T13:27:53.2741930Z $GPVTG,210.0,T,224.1,M,0.1,N,0.3,K,A*27
2026-05-31T13:27:53.2741930Z !AIVDM,1,1,,,ENk`sl>`@@@@@@@@@@@@@@@@@@@=OTgH<LwsP00000000?,4*70
2026-05-31T13:27:53.2741930Z $GPZDA,132751,31,05,2026,04,00*4E
2026-05-31T13:27:53.3222313Z $IIHDG,327.0,,,14.0,W*03
2026-05-31T13:27:53.3861310Z $IIHDG,327.0,,,14.0,W*03
2026-05-31T13:27:53.4503077Z $GPAAM,,,,N,*38
2026-05-31T13:27:53.4503077Z $GPAPB,,,,,,,,,,,,,,,N*26
2026-05-31T13:27:53.4987390Z $GPBOD,,T,,M,,*47
2026-05-31T13:27:53.4987390Z $IIHDG,327.0,,,14.0,W*03
2026-05-31T13:27:53.5474075Z $GPRMB,,,,,,,,,,,,,,N*04
2026-05-31T13:27:53.5474075Z $GPXTE,,,,,N,N*5E
2026-05-31T13:27:53.5953518Z $SDDBT,27.6,f,8.4,M,4.6,F*3B
2026-05-31T13:27:53.5953518Z $SDDPT,8.4,0.0,*77
2026-05-31T13:27:53.6442970Z $IIHDG,326.9,,,14.0,W*0B
2026-05-31T13:27:53.6442970Z $SDMTW,14.8,C*09
2026-05-31T13:27:53.6914844Z !AIVDM,1,1,,,35NO=iPPP4JrowPH>W`droeb0000,0*1F
2026-05-31T13:27:53.7393251Z $IIHDG,326.9,,,14.0,W*0B
2026-05-31T13:27:53.7393251Z $SDVLW,,N,,N,,N,,N*5A
2026-05-31T13:27:53.7872120Z $SDVHW,312.7,T,326.8,M,0.0,N,0.0,K*4A
2026-05-31T13:27:53.8354520Z $IIHDG,326.8,,,14.0,W*0A
2026-05-31T13:27:53.8833063Z $WIMWD,317.3,T,331.4,M,4.3,N,2.2,M*5E
2026-05-31T13:27:53.9311471Z $WIMWV,4.8,R,4.0,N,A*2B
2026-05-31T13:27:53.9311471Z $WIMWV,4.8,T,4.3,N,A*2E
2026-05-31T13:27:53.9311471Z $IIHDG,326.7,,,14.0,W*05
2026-05-31T13:27:53.9955823Z $IIXDR,C,13.1,C,AIRTEMP,A,2.8,D,HEEL,A,0.1,D,TRIM,P,1.015,B,BARO,A,-0.4,D,RUDDER*3D
2026-05-31T13:27:54.0435338Z $IIHDG,326.6,,,14.0,W*04
2026-05-31T13:27:54.0919565Z $GNGGA,132752,4230.0914,N,07050.4988,W,2,01,0.50,8,M,-32.6,M,,*43
2026-05-31T13:27:54.0919565Z $GPGLC,9960,,,13928.95,A,25847.49,A,44324.31,A,60280.08,A,,*7A
2026-05-31T13:27:54.1402507Z $IIHDG,326.6,,,14.0,W*04
2026-05-31T13:27:54.1402507Z $GPGLL,4230.0914,N,07050.4986,W,132752,A,D*58
2026-05-31T13:27:54.1882592Z $GNGSA,A,3,44,,,,,,,,,,,,0.70,0.50,0.50*1B
2026-05-31T13:27:54.1882592Z $GNGSV,3,1,11,01,12,054,,03,37,058,,06,61,249,,11,21,239,*69
2026-05-31T13:27:54.1882592Z $GNGSV,3,2,11,12,08,320,,14,39,166,,17,67,066,,19,68,323,*61
2026-05-31T13:27:54.1882592Z $GNGSV,3,3,11,22,58,174,,24,13,284,,44,23,237,40*51
2026-05-31T13:27:54.2362971Z $IIHDG,326.5,,,14.0,W*07
2026-05-31T13:27:54.2362971Z $GPRMC,132752,A,4230.0914,N,07050.4986,W,0.2,210.0,310526,14.1,W,D*20
2026-05-31T13:27:54.2845773Z $GPVTG,210.0,T,224.1,M,0.2,N,0.3,K,A*24
2026-05-31T13:27:54.2845773Z $GPZDA,132752,31,05,2026,04,00*4D
2026-05-31T13:27:54.3324784Z $IIHDG,326.5,,,14.0,W*07
2026-05-31T13:27:54.3959320Z $GPAAM,,,,N,*38
2026-05-31T13:27:54.4597806Z $IIHDG,326.4,,,14.0,W*06
2026-05-31T13:27:54.4597806Z $GPAPB,,,,,,,,,,,,,,,N*26
2026-05-31T13:27:54.4597806Z $GPBOD,,T,,M,,*47
2026-05-31T13:27:54.5081193Z !AIVDM,1,1,,,15O=hk5tiBJsGKHH>igQM1?D0000,0*2B
2026-05-31T13:27:54.5558756Z $IIHDG,326.3,,,14.0,W*01
2026-05-31T13:27:54.5558756Z $GPRMB,,,,,,,,,,,,,,N*04
2026-05-31T13:27:54.5558756Z $GPXTE,,,,,N,N*5E
2026-05-31T13:27:54.5558756Z !AIVDM,1,1,,,15NKP50000rrsQ`H@W5TLAqd0000,0*67
2026-05-31T13:27:54.6036176Z $SDDBT,27.6,f,8.4,M,4.6,F*3B
2026-05-31T13:27:54.6036176Z $SDDPT,8.4,0.0,*77
2026-05-31T13:27:54.6519415Z $IIHDG,326.2,,,14.0,W*00
2026-05-31T13:27:54.6519415Z $SDMTW,14.8,C*09
2026-05-31T13:27:54.7065112Z $SDVLW,,N,,N,,N,,N*5A
2026-05-31T13:27:54.7631616Z $IIHDG,326.2,,,14.0,W*00
2026-05-31T13:27:54.7631616Z $SDVHW,312.1,T,326.1,M,0.0,N,0.0,K*45
2026-05-31T13:27:54.8152285Z $IIHDG,326.1,,,14.0,W*03
2026-05-31T13:27:54.8755016Z $WIMWD,317.3,T,331.4,M,4.8,N,2.5,M*52
2026-05-31T13:27:54.9235247Z $WIMWV,5.1,R,4.2,N,A*21
2026-05-31T13:27:54.9235247Z $WIMWV,5.1,T,4.8,N,A*2D
2026-05-31T13:27:54.9235247Z $IIHDG,326.1,,,14.0,W*03
2026-05-31T13:27:55.0035920Z $IIXDR,C,13.1,C,AIRTEMP,A,2.1,D,HEEL,A,0.0,D,TRIM,P,1.016,B,BARO,A,-0.2,D,RUDDER*30
2026-05-31T13:27:55.0512937Z $IIHDG,326.0,,,14.0,W*02
2026-05-31T13:27:55.0989703Z $GNGGA,132753,4230.0915,N,07050.4988,W,2,01,0.50,8,M,-32.6,M,,*43
2026-05-31T13:27:55.0989703Z $GPGLC,9960,,,13928.95,A,25847.49,A,44324.31,A,60280.08,A,,*7A
2026-05-31T13:27:55.1474370Z $IIHDG,326.0,,,14.0,W*02
2026-05-31T13:27:55.1474370Z $GPGLL,4230.0915,N,07050.4986,W,132753,A,D*58
2026-05-31T13:27:55.1958682Z $GNGSA,A,3,44,,,,,,,,,,,,0.70,0.50,0.50*1B
2026-05-31T13:27:55.1958682Z $GNGSV,3,1,11,01,12,054,,03,37,058,,06,61,249,,11,21,239,*69
2026-05-31T13:27:55.1958682Z $GNGSV,3,2,11,12,08,320,,14,39,166,,17,67,066,,19,68,323,*61
2026-05-31T13:27:55.1958682Z $GNGSV,3,3,11,22,58,174,,24,13,284,,44,23,237,40*51
2026-05-31T13:27:55.2434257Z $GPRMC,132753,A,4230.0915,N,07050.4986,W,0.2,210.0,310526,14.1,W,D*20
2026-05-31T13:27:55.2434257Z $IIHDG,326.0,,,14.0,W*02
2026-05-31T13:27:55.2913180Z $GPVTG,210.0,T,224.1,M,0.2,N,0.3,K,A*24
2026-05-31T13:27:55.2939459Z $GPZDA,132753,31,05,2026,04,00*4C
2026-05-31T13:27:55.3388988Z $IIHDG,325.9,,,14.0,W*08
2026-05-31T13:27:55.4026768Z $GPAAM,,,,N,*38
2026-05-31T13:27:55.4511632Z $IIHDG,325.9,,,14.0,W*08
2026-05-31T13:27:55.4511632Z $GPAPB,,,,,,,,,,,,,,,N*26
2026-05-31T13:27:55.4991874Z $GPBOD,,T,,M,,*47
2026-05-31T13:27:55.4991874Z !AIVDM,1,1,,,15NwCQPOPVrs>cpHBfKbR`kb0000,0*03
2026-05-31T13:27:55.5470868Z $GPRMB,,,,,,,,,,,,,,N*04
2026-05-31T13:27:55.5470868Z $IIHDG,325.9,,,14.0,W*08
2026-05-31T13:27:55.5470868Z $GPXTE,,,,,N,N*5E
2026-05-31T13:27:55.5946330Z $SDDBT,27.6,f,8.4,M,4.6,F*3B
2026-05-31T13:27:55.6433691Z $SDDPT,8.4,0.0,*77
2026-05-31T13:27:55.6433691Z $SDMTW,14.8,C*09
2026-05-31T13:27:55.6433691Z $IIHDG,325.8,,,14.0,W*09
2026-05-31T13:27:55.6918017Z !AIVDM,1,1,,,15NO=dPOP0JroU8H>Wt:H5Qf0000,0*5B
2026-05-31T13:27:55.7401538Z $SDVLW,,N,,N,,N,,N*5A
2026-05-31T13:27:55.7401538Z $IIHDG,325.8,,,14.0,W*09
2026-05-31T13:27:55.7882916Z $SDVHW,311.7,T,325.7,M,0.0,N,0.0,K*45
2026-05-31T13:27:55.7882916Z !AIVDM,1,1,,,19NSfbh000rrnuHH>W9SS8G`0000,0*7A
2026-05-31T13:27:55.8359095Z $IIHDG,325.7,,,14.0,W*06
2026-05-31T13:27:55.8837448Z !AIVDM,1,1,,,B52oU<@15nfswH65NFrQCwP00000,0*58
2026-05-31T13:27:55.8837448Z $WIMWD,316.6,T,330.6,M,5.2,N,2.7,M*5C
2026-05-31T13:27:55.9334673Z $WIMWV,4.9,R,4.6,N,A*2C
2026-05-31T13:27:55.9334673Z $WIMWV,4.9,T,5.2,N,A*2F
2026-05-31T13:27:55.9334673Z !AIVDM,1,1,,,352l5NhOQdrs@aHH>fMQ;Q3b0000,0*09
2026-05-31T13:27:55.9334673Z $IIHDG,325.7,,,14.0,W*06
2026-05-31T13:27:55.9968488Z $IIXDR,C,13.1,C,AIRTEMP,A,2.1,D,HEEL,A,0.0,D,TRIM,P,1.015,B,BARO,A,-0.3,D,RUDDER*32
2026-05-31T13:27:56.0464295Z $IIHDG,325.6,,,14.0,W*07
2026-05-31T13:27:56.0936743Z $GNGGA,132754,4230.0916,N,07050.4987,W,2,01,0.50,8,M,-32.6,M,,*48
2026-05-31T13:27:56.0936743Z !AIVDM,1,1,,,352l5NhOQdrs@apH>fTQ;Q3d0000,0*2E
2026-05-31T13:27:56.0936743Z !AIVDM,1,1,,,15NK=p003rrsi`8H=M7T@3Ad0000,0*57
2026-05-31T13:27:56.0978109Z $GPGLC,9960,,,13928.94,A,25847.49,A,44324.31,A,60280.08,A,,*7B
2026-05-31T13:27:56.1438113Z $GPGLL,4230.0916,N,07050.4986,W,132754,A,D*5C
2026-05-31T13:27:56.1438113Z $IIHDG,325.5,,,14.0,W*04
2026-05-31T13:27:56.1898171Z $GNGSA,A,3,44,,,,,,,,,,,,0.70,0.50,0.50*1B
2026-05-31T13:27:56.1898171Z $GNGSV,3,1,11,01,12,054,,03,37,058,,06,61,249,,11,21,239,*69
2026-05-31T13:27:56.1898171Z $GNGSV,3,2,11,12,08,320,,14,39,166,,17,67,066,,19,68,323,*61
2026-05-31T13:27:56.1898171Z $GNGSV,3,3,11,22,58,174,,24,13,284,,44,23,237,40*51
2026-05-31T13:27:56.2538629Z $GPRMC,132754,A,4230.0916,N,07050.4986,W,0.2,210.0,310526,14.1,W,D*24
2026-05-31T13:27:56.2538629Z $IIHDG,325.4,,,14.0,W*05
2026-05-31T13:27:56.2538629Z $GPVTG,210.0,T,224.1,M,0.2,N,0.3,K,A*24
2026-05-31T13:27:56.3177264Z $GPZDA,132754,31,05,2026,04,00*4B
2026-05-31T13:27:56.3177264Z !AIVDM,1,1,,,15N9sFP000rrso@H@`f9oTof0000,0*18
2026-05-31T13:27:56.3651289Z $IIHDG,325.3,,,14.0,W*02
2026-05-31T13:27:56.4131888Z $GPAAM,,,,N,*38
2026-05-31T13:27:56.4616870Z $IIHDG,325.2,,,14.0,W*03
2026-05-31T13:27:56.4616870Z $GPAPB,,,,,,,,,,,,,,,N*26
2026-05-31T13:27:56.4616870Z $GPBOD,,T,,M,,*47
2026-05-31T13:27:56.5219572Z $GPRMB,,,,,,,,,,,,,,N*04
2026-05-31T13:27:56.5740186Z $GPXTE,,,,,N,N*5E
2026-05-31T13:27:56.5740186Z $IIHDG,325.1,,,14.0,W*00
2026-05-31T13:27:56.6224008Z $SDDBT,27.6,f,8.4,M,4.6,F*3B
2026-05-31T13:27:56.6224008Z $SDDPT,8.4,0.0,*77
2026-05-31T13:27:56.6224008Z !AIVDM,1,1,,,15MeF10P00JrjthH@0c9tOwh0000,0*54
2026-05-31T13:27:56.6224008Z $SDMTW,14.8,C*09
2026-05-31T13:27:56.6706535Z $IIHDG,325.0,,,14.0,W*01
2026-05-31T13:27:56.7348402Z !AIVDM,1,1,,,35Ngd70OSuJs@JhH=o;<7qWh0000,0*7D
2026-05-31T13:27:56.7348402Z $SDVLW,,N,,N,,N,,N*5A
2026-05-31T13:27:56.7827724Z $SDVHW,310.8,T,324.9,M,0.0,N,0.0,K*44
2026-05-31T13:27:56.7827724Z $IIHDG,324.9,,,14.0,W*09
2026-05-31T13:27:56.8786853Z $IIHDG,324.8,,,14.0,W*08
2026-05-31T13:27:56.9334081Z $WIMWD,316.8,T,330.8,M,5.6,N,2.9,M*56
2026-05-31T13:27:56.9334081Z $WIMWV,5.9,R,4.9,N,A*22
2026-05-31T13:27:56.9334081Z $WIMWV,5.7,T,5.6,N,A*24
2026-05-31T13:27:56.9752643Z !AIVDM,1,1,,,B52Spg@006fpF<65N4@03wP00000,0*51
2026-05-31T13:27:57.0232280Z $IIHDG,324.7,,,14.0,W*07
2026-05-31T13:27:57.0232280Z $IIXDR,C,13.1,C,AIRTEMP,A,2.9,D,HEEL,A,0.0,D,TRIM,P,1.016,B,BARO,A,-0.2,D,RUDDER*38
2026-05-31T13:27:57.0720555Z $GNGGA,132755,4230.0917,N,07050.4987,W,2,00,0.50,8,M,-32.6,M,,*49
2026-05-31T13:27:57.1195561Z $IIHDG,324.6,,,14.0,W*06
2026-05-31T13:27:57.1195561Z $GPGLC,9960,,,13928.94,A,25847.49,A,44324.31,A,60280.08,A,,*7B
2026-05-31T13:27:57.1195561Z !AIVDM,1,1,,,18IPTf001Nrs@VHH>aT1f1KV0000,0*5D
2026-05-31T13:27:57.1677540Z $GPGLL,4230.0917,N,07050.4986,W,132755,A,D*5C
2026-05-31T13:27:57.1677540Z $GNGSA,A,3,,,,,,,,,,,,,0.70,0.50,0.50*1B
2026-05-31T13:27:57.1677540Z $GNGSV,3,1,11,01,12,054,,03,37,058,,06,61,249,,11,21,239,*69
2026-05-31T13:27:57.1677540Z $GNGSV,3,2,11,12,08,320,,14,39,166,,17,67,066,,19,68,323,*61
2026-05-31T13:27:57.1677540Z $GNGSV,3,3,11,22,58,174,,24,13,284,,44,23,237,*55
2026-05-31T13:27:57.2159027Z $IIHDG,324.6,,,14.0,W*06
2026-05-31T13:27:57.2640426Z $GPRMC,132755,A,4230.0917,N,07050.4986,W,0.2,210.0,310526,14.1,W,D*24
2026-05-31T13:27:57.2640426Z $GPVTG,210.0,T,224.1,M,0.2,N,0.3,K,A*24
2026-05-31T13:27:57.2640426Z !AIVDM,1,1,,,E>k`vt<r0h@@@@@@@@@@@@@@@@@=MwTH<E=u@00000000?,4*12
2026-05-31T13:27:57.3115935Z $GPZDA,132755,31,05,2026,04,00*4A
2026-05-31T13:27:57.3115935Z $IIHDG,324.5,,,14.0,W*05
2026-05-31T13:27:57.3754560Z $IIHDG,324.5,,,14.0,W*05
2026-05-31T13:27:57.4397599Z $GPAAM,,,,N,*38
2026-05-31T13:27:57.4397599Z $GPAPB,,,,,,,,,,,,,,,N*26
2026-05-31T13:27:57.4875894Z $GPBOD,,T,,M,,*47
2026-05-31T13:27:57.4875894Z $IIHDG,324.4,,,14.0,W*04
2026-05-31T13:27:57.5359849Z $GPRMB,,,,,,,,,,,,,,N*04
2026-05-31T13:27:57.5359849Z $GPXTE,,,,,N,N*5E
2026-05-31T13:27:57.5842098Z $SDDBT,27.6,f,8.4,M,4.6,F*3B
2026-05-31T13:27:57.6324016Z $IIHDG,324.3,,,14.0,W*03
2026-05-31T13:27:57.6324016Z $SDDPT,8.4,0.0,*77
2026-05-31T13:27:57.6324016Z $SDMTW,14.8,C*09
2026-05-31T13:27:57.6809866Z $IIHDG,324.3,,,14.0,W*03
2026-05-31T13:27:57.7294173Z $SDVLW,,N,,N,,N,,N*5A
2026-05-31T13:27:57.7787777Z $SDVHW,310.2,T,324.2,M,0.0,N,0.0,K*45
2026-05-31T13:27:57.8262288Z $IIHDG,324.2,,,14.0,W*02
2026-05-31T13:27:57.8734285Z $WIMWD,316.7,T,330.7,M,5.4,N,2.8,M*55
2026-05-31T13:27:57.9376237Z $IIHDG,324.2,,,14.0,W*02
2026-05-31T13:27:57.9376237Z $WIMWV,6.5,R,5.2,N,A*27
2026-05-31T13:27:57.9376237Z $WIMWV,6.4,T,5.4,N,A*26
2026-05-31T13:27:57.9857724Z $IIHDG,324.1,,,14.0,W*01
2026-05-31T13:27:58.0338659Z $IIXDR,C,13.1,C,AIRTEMP,A,2.6,D,HEEL,A,0.0,D,TRIM,P,1.015,B,BARO,A,-0.3,D,RUDDER*35
2026-05-31T13:27:58.0816554Z $GNGGA,132756,4230.0917,N,07050.4986,W,2,01,0.50,9,M,-32.6,M,,*4B
2026-05-31T13:27:58.1292191Z $GPGLC,9960,,,13928.94,A,25847.50,A,44324.31,A,60280.08,A,,*73
2026-05-31T13:27:58.1292191Z $IIHDG,324.1,,,14.0,W*01
2026-05-31T13:27:58.1773005Z $GPGLL,4230.0917,N,07050.4986,W,132756,A,D*5F
2026-05-31T13:27:58.1773005Z $GNGSA,A,3,11,,,,,,,,,,,,0.70,0.50,0.60*18
2026-05-31T13:27:58.1773005Z $GNGSV,3,1,11,01,12,054,,03,37,058,,06,61,249,,11,21,239,38*62
2026-05-31T13:27:58.1773005Z $GNGSV,3,2,11,12,08,320,,14,39,166,,17,67,066,,19,68,323,*61
2026-05-31T13:27:58.1773005Z $GNGSV,3,3,11,22,58,174,,24,13,284,,44,23,237,*55
2026-05-31T13:27:58.2272056Z $IIHDG,324.0,,,14.0,W*00
2026-05-31T13:27:58.2272056Z $GPRMC,132756,A,4230.0917,N,07050.4986,W,0.2,210.0,310526,14.1,W,D*27
2026-05-31T13:27:58.2732895Z $GPVTG,210.0,T,224.1,M,0.2,N,0.3,K,A*24
2026-05-31T13:27:58.2732895Z $GPZDA,132756,31,05,2026,04,00*49
2026-05-31T13:27:58.3215382Z $IIHDG,324.0,,,14.0,W*00
2026-05-31T13:27:58.4017385Z $IIHDG,323.9,,,14.0,W*0E
2026-05-31T13:27:58.4498078Z $GPAAM,,,,N,*38
2026-05-31T13:27:58.4498078Z $GPAPB,,,,,,,,,,,,,,,N*26
2026-05-31T13:27:58.4982603Z $GPBOD,,T,,M,,*47
2026-05-31T13:27:58.5461155Z $IIHDG,323.9,,,14.0,W*0E
2026-05-31T13:27:58.5461155Z $GPRMB,,,,,,,,,,,,,,N*04
2026-05-31T13:27:58.5620660Z $GPXTE,,,,,N,N*5E
2026-05-31T13:27:58.5939158Z $SDDBT,27.6,f,8.4,M,4.6,F*3B
2026-05-31T13:27:58.6419644Z $SDDPT,8.4,0.0,*77
2026-05-31T13:27:58.6419644Z $IIHDG,323.8,,,14.0,W*0F
2026-05-31T13:27:58.6419644Z !AIVDM,1,1,,,152Wpn<01IrsK8PH?ktRkjAf2000,0*50
2026-05-31T13:27:58.6419644Z $SDMTW,14.8,C*09
2026-05-31T13:27:58.7057627Z $IIHDG,323.8,,,14.0,W*0F
2026-05-31T13:27:58.7541441Z $SDVLW,,N,,N,,N,,N*5A
2026-05-31T13:27:58.7541441Z $SDVHW,309.7,T,323.7,M,0.0,N,0.0,K*4A
2026-05-31T13:27:58.8018958Z $IIHDG,323.7,,,14.0,W*00
2026-05-31T13:27:58.8824672Z $WIMWD,315.7,T,329.8,M,4.9,N,2.5,M*50
2026-05-31T13:27:58.9310438Z $WIMWV,5.9,R,5.2,N,A*28
2026-05-31T13:27:58.9310438Z $WIMWV,6.0,T,4.9,N,A*2E
2026-05-31T13:27:58.9310438Z $IIHDG,323.7,,,14.0,W*00
2026-05-31T13:27:58.9959225Z $IIXDR,C,13.1,C,AIRTEMP,A,1.3,D,HEEL,A,-0.2,D,TRIM,P,1.016,B,BARO,A,-0.3,D,RUDDER*1F
2026-05-31T13:27:59.0601677Z $IIHDG,323.7,,,14.0,W*00
2026-05-31T13:27:59.0601677Z $GNGGA,132757,4230.0918,N,07050.4986,W,2,00,0.50,8,M,-32.6,M,,*45
2026-05-31T13:27:59.1081156Z $GPGLC,9960,,,13928.94,A,25847.50,A,44324.31,A,60280.08,A,,*73
2026-05-31T13:27:59.1559502Z $IIHDG,323.6,,,14.0,W*01
2026-05-31T13:27:59.1559502Z $GPGLL,4230.0918,N,07050.4986,W,132757,A,D*51
2026-05-31T13:27:59.2040146Z $GNGSA,A,3,,,,,,,,,,,,,0.70,0.50,0.50*1B
2026-05-31T13:27:59.2040146Z $GNGSV,3,1,10,01,12,054,,03,37,058,,06,61,249,,11,21,239,*68
2026-05-31T13:27:59.2040146Z $GNGSV,3,2,10,12,08,320,,14,39,166,,17,67,066,,19,68,323,*60
2026-05-31T13:27:59.2040146Z $GNGSV,3,3,10,22,58,174,,24,13,284,*63
2026-05-31T13:27:59.2517388Z $IIHDG,323.6,,,14.0,W*01
2026-05-31T13:27:59.2517388Z $GPRMC,132757,A,4230.0918,N,07050.4986,W,0.2,210.0,310526,14.1,W,D*29
2026-05-31T13:27:59.2517388Z $GPVTG,210.0,T,224.1,M,0.2,N,0.3,K,A*24
2026-05-31T13:27:59.3001273Z $GPZDA,132757,31,05,2026,04,00*48
2026-05-31T13:27:59.3490122Z !AIVDM,1,1,,,15NQsE?P00rtNWhHH3af4?wl2000,0*74
2026-05-31T13:27:59.3490122Z $IIHDG,323.6,,,14.0,W*01
2026-05-31T13:27:59.3965329Z $GPAAM,,,,N,*38
2026-05-31T13:27:59.4610012Z $IIHDG,323.5,,,14.0,W*02
2026-05-31T13:27:59.4610012Z $GPAPB,,,,,,,,,,,,,,,N*26
2026-05-31T13:27:59.4610012Z $GPBOD,,T,,M,,*47
2026-05-31T13:27:59.5096344Z $IIHDG,323.5,,,14.0,W*02
2026-05-31T13:27:59.5576492Z $GPRMB,,,,,,,,,,,,,,N*04
2026-05-31T13:27:59.5576492Z $GPXTE,,,,,N,N*5E
2026-05-31T13:27:59.6061118Z $SDDBT,27.6,f,8.4,M,4.6,F*3B
2026-05-31T13:27:59.6061118Z $SDDPT,8.4,0.0,*77
2026-05-31T13:27:59.6540125Z $IIHDG,323.4,,,14.0,W*03
2026-05-31T13:27:59.6540125Z $SDMTW,14.8,C*09
2026-05-31T13:27:59.7029379Z !AIVDM,1,1,,,15N:gRP000rrhaHH?CJ:dGkn0000,0*61
2026-05-31T13:27:59.7500011Z $SDVLW,,N,,N,,N,,N*5A
2026-05-31T13:27:59.7500011Z $IIHDG,323.4,,,14.0,W*03
2026-05-31T13:27:59.7500011Z $SDVHW,309.3,T,323.3,M,0.0,N,0.0,K*4A
2026-05-31T13:27:59.8144409Z $IIHDG,323.3,,,14.0,W*04
2026-05-31T13:27:59.8789927Z !AIVDM,1,1,,,15N1c70000JrmvhH?GE0T5el0000,0*2E
2026-05-31T13:27:59.9285270Z $WIMWD,314.8,T,328.8,M,4.7,N,2.4,M*50
2026-05-31T13:27:59.9285270Z $WIMWV,5.5,R,5.0,N,A*26
2026-05-31T13:27:59.9285270Z $WIMWV,5.5,T,4.7,N,A*26
2026-05-31T13:27:59.9285270Z $IIHDG,323.3,,,14.0,W*04
2026-05-31T13:27:59.9760856Z !AIVDM,1,1,,,352l5NhOQdrs@d0H>fp1<Q5j0000,0*20
2026-05-31T13:28:00.0252370Z $IIXDR,C,13.1,C,AIRTEMP,A,1.6,D,HEEL,A,0.3,D,TRIM,P,1.015,B,BARO,A,-0.2,D,RUDDER*34
2026-05-31T13:28:00.0252370Z $IIHDG,323.2,,,14.0,W*05
2026-05-31T13:28:00.0709636Z $GNGGA,132758,4230.0919,N,07050.4986,W,2,00,0.50,8,M,-32.6,M,,*4B
2026-05-31T13:28:00.1187372Z $GPGLC,9960,,,13928.94,A,25847.50,A,44324.31,A,60280.08,A,,*73
2026-05-31T13:28:00.1187372Z $IIHDG,323.1,,,14.0,W*06
2026-05-31T13:28:00.1667198Z $GPGLL,4230.0919,N,07050.4986,W,132758,A,D*5F
2026-05-31T13:28:00.2152247Z $GNGSA,A,3,,,,,,,,,,,,,0.70,0.50,0.50*1B
2026-05-31T13:28:00.2152247Z $GNGSV,3,1,11,01,12,054,,03,37,058,,06,61,249,,11,21,239,*69
2026-05-31T13:28:00.2152247Z $GNGSV,3,2,11,12,08,320,,14,39,166,,17,67,066,,19,68,323,*61
2026-05-31T13:28:00.2152247Z $GNGSV,3,3,11,22,58,174,,24,13,284,,44,23,237,*55
2026-05-31T13:28:00.2633588Z $IIHDG,323.1,,,14.0,W*06
2026-05-31T13:28:00.2633588Z $GPRMC,132758,A,4230.0919,N,07050.4987,W,0.1,210.0,310526,14.1,W,D*25
2026-05-31T13:28:00.2633588Z $GPVTG,210.0,T,224.1,M,0.1,N,0.3,K,A*27
2026-05-31T13:28:00.2633588Z !AIVDM,2,1,8,,55NO=g01djI5L@O;7P0P58thB06r18DTp5DE:01J2`8:000Ow:0Slm3k`888,0*00
2026-05-31T13:28:00.2633588Z !AIVDM,2,2,9,,88888888803,2*67
2026-05-31T13:28:00.3118140Z $GPZDA,132758,31,05,2026,04,00*47
2026-05-31T13:28:00.3601535Z $IIHDG,323.0,,,14.0,W*07
2026-05-31T13:28:00.4096554Z !AIVDM,1,1,,,B5OBSoP006fe?063mBsQ3wP00000,0*67
2026-05-31T13:28:00.4096554Z $GPAAM,,,,N,*38
2026-05-31T13:28:00.4568155Z $IIHDG,322.9,,,14.0,W*0F
2026-05-31T13:28:00.4568155Z !AIVDM,1,1,,,35NO=iPPP6Jrow0H>Wb<?oT00000,0*09
2026-05-31T13:28:00.4568155Z $GPAPB,,,,,,,,,,,,,,,N*26
2026-05-31T13:28:00.4568155Z $GPBOD,,T,,M,,*47
2026-05-31T13:28:00.5050858Z $IIHDG,322.9,,,14.0,W*0F
2026-05-31T13:28:00.5690154Z $GPRMB,,,,,,,,,,,,,,N*04
2026-05-31T13:28:00.5690154Z $GPXTE,,,,,N,N*5E
2026-05-31T13:28:00.6173420Z $SDDBT,27.6,f,8.4,M,4.6,F*3B
2026-05-31T13:28:00.6173420Z $SDDPT,8.4,0.0,*77
2026-05-31T13:28:00.6653387Z $IIHDG,322.8,,,14.0,W*0E
2026-05-31T13:28:00.6653387Z $SDMTW,14.8,C*09
2026-05-31T13:28:00.7133713Z $SDVLW,,N,,N,,N,,N*5A
2026-05-31T13:28:00.7616152Z $IIHDG,322.8,,,14.0,W*0E
2026-05-31T13:28:00.7616152Z $SDVHW,308.6,T,322.7,M,0.0,N,0.0,K*4B
2026-05-31T13:28:00.8101360Z $IIHDG,322.7,,,14.0,W*01
2026-05-31T13:28:00.8739576Z $WIMWD,314.3,T,328.4,M,4.4,N,2.3,M*53
2026-05-31T13:28:00.9379643Z $WIMWV,5.5,R,4.9,N,A*2E
2026-05-31T13:28:00.9379643Z $WIMWV,5.6,T,4.4,N,A*26
2026-05-31T13:28:00.9379643Z $IIHDG,322.6,,,14.0,W*00
2026-05-31T13:28:01.0017960Z $IIXDR,C,13.1,C,AIRTEMP,A,3.4,D,HEEL,A,0.1,D,TRIM,P,1.016,B,BARO,A,-0.1,D,RUDDER*36
2026-05-31T13:28:01.0502810Z $IIHDG,322.6,,,14.0,W*00
2026-05-31T13:28:01.0983143Z $GNGGA,132759,4230.0918,N,07050.4986,W,2,00,0.50,8,M,-32.6,M,,*4B
2026-05-31T13:28:01.0983143Z !AIVDM,1,1,,,18I<UK00h=rt@2pHC3O1fiiL0000,0*38
2026-05-31T13:28:01.0983143Z $GPGLC,9960,,,13928.94,A,25847.50,A,44324.31,A,60280.08,A,,*73
2026-05-31T13:28:01.1467531Z $IIHDG,322.5,,,14.0,W*03
2026-05-31T13:28:01.1467531Z $GPGLL,4230.0918,N,07050.4986,W,132759,A,D*5F
2026-05-31T13:28:01.1947716Z $GNGSA,A,3,,,,,,,,,,,,,0.70,0.50,0.50*1B
2026-05-31T13:28:01.1947716Z $GNGSV,3,1,11,01,12,054,,03,37,058,,06,61,249,,11,21,239,*69
2026-05-31T13:28:01.1947716Z $GNGSV,3,2,11,12,08,320,,14,39,166,,17,67,066,,19,68,323,*61
2026-05-31T13:28:01.1947716Z $GNGSV,3,3,11,22,58,174,,24,13,284,,44,23,237,*55
2026-05-31T13:28:01.2431011Z $GPRMC,132759,A,4230.0919,N,07050.4986,W,0.1,210.0,310526,14.1,W,D*25
2026-05-31T13:28:01.2431011Z $IIHDG,322.4,,,14.0,W*02
2026-05-31T13:28:01.2431011Z !AIVDM,1,1,,,ENk`sl>`@@@@@@@@@@@@@@@@@@@=OTgH<LwsP00000000?,4*70
2026-05-31T13:28:01.3099156Z $GPVTG,210.0,T,224.1,M,0.1,N,0.2,K,A*26
2026-05-31T13:28:01.3099156Z $GPZDA,132759,31,05,2026,04,00*46
2026-05-31T13:28:01.3623401Z $IIHDG,322.3,,,14.0,W*05
2026-05-31T13:28:01.4101467Z $GPAAM,,,,N,*38
2026-05-31T13:28:01.4582350Z $IIHDG,322.2,,,14.0,W*04
2026-05-31T13:28:01.4582350Z $GPAPB,,,,,,,,,,,,,,,N*26
2026-05-31T13:28:01.4582350Z $GPBOD,,T,,M,,*47
2026-05-31T13:28:01.5223883Z $GPRMB,,,,,,,,,,,,,,N*04
2026-05-31T13:28:01.5894228Z $IIHDG,322.2,,,14.0,W*04
2026-05-31T13:28:01.5894228Z $GPXTE,,,,,N,N*5E
2026-05-31T13:28:01.6342920Z $SDDBT,27.6,f,8.4,M,4.6,F*3B
2026-05-31T13:28:01.6342920Z $SDDPT,8.4,0.0,*77
2026-05-31T13:28:01.6342920Z $SDMTW,14.8,C*09
2026-05-31T13:28:01.6824559Z $IIHDG,322.1,,,14.0,W*07
2026-05-31T13:28:01.7419899Z $SDVLW,,N,,N,,N,,N*5A
2026-05-31T13:28:01.7961608Z $SDVHW,308.0,T,322.1,M,0.0,N,0.0,K*4B
2026-05-31T13:28:01.7961608Z $IIHDG,322.1,,,14.0,W*07
2026-05-31T13:28:01.8404528Z !AIVDM,1,1,,,B52oU<@15VfsrP65NB2RkwP00000,0*12
2026-05-31T13:28:01.8883359Z $IIHDG,322.1,,,14.0,W*07
2026-05-31T13:28:01.8883359Z $WIMWD,313.9,T,327.9,M,4.2,N,2.2,M*5B
2026-05-31T13:28:01.9371637Z $WIMWV,5.7,R,4.6,N,A*23
2026-05-31T13:28:01.9371637Z $WIMWV,5.7,T,4.2,N,A*21
2026-05-31T13:28:01.9853700Z $IIHDG,322.1,,,14.0,W*07
2026-05-31T13:28:02.0333855Z $IIXDR,C,13.1,C,AIRTEMP,A,3.9,D,HEEL,A,-0.1,D,TRIM,P,1.015,B,BARO,A,-0.4,D,RUDDER*10
2026-05-31T13:28:02.0805234Z !AIVDM,1,1,,,35NwCQPOPMrs>a@HBfMbvIH00000,0*52
2026-05-31T13:28:02.0805234Z $GNGGA,132800,4230.0919,N,07050.4986,W,2,00,0.50,8,M,-32.6,M,,*49
2026-05-31T13:28:02.0805234Z $IIHDG,322.1,,,14.0,W*07
2026-05-31T13:28:02.1290582Z $GPGLC,9960,,,13928.94,A,25847.50,A,44324.31,A,60280.08,A,,*73
2026-05-31T13:28:02.1765203Z $GPGLL,4230.0919,N,07050.4986,W,132800,A,D*5D
2026-05-31T13:28:02.1765203Z $IIHDG,322.1,,,14.0,W*07
2026-05-31T13:28:02.1765203Z $GNGSA,A,3,,,,,,,,,,,,,0.70,0.50,0.50*1B
2026-05-31T13:28:02.1765203Z $GNGSV,3,1,11,01,12,054,,03,37,058,,06,61,249,,11,21,239,*69
2026-05-31T13:28:02.1765203Z $GNGSV,3,2,11,12,08,320,,14,39,166,,17,67,066,,19,68,323,*61
2026-05-31T13:28:02.1765203Z $GNGSV,3,3,11,22,58,174,,24,13,284,,44,23,237,*55
2026-05-31T13:28:02.2240754Z $GPRMC,132800,A,4230.0919,N,07050.4987,W,0.1,210.0,310526,14.1,W,D*27
2026-05-31T13:28:02.2724949Z $GPVTG,210.0,T,224.1,M,0.1,N,0.2,K,A*26
2026-05-31T13:28:02.2724949Z $IIHDG,322.0,,,14.0,W*06
2026-05-31T13:28:02.3214611Z $GPZDA,132800,31,05,2026,04,00*45
2026-05-31T13:28:02.3702079Z $IIHDG,322.0,,,14.0,W*06
2026-05-31T13:28:02.4146234Z $GPAAM,,,,N,*38
2026-05-31T13:28:02.4632931Z $GPAPB,,,,,,,,,,,,,,,N*26
2026-05-31T13:28:02.4632931Z $GPBOD,,T,,M,,*47
2026-05-31T13:28:02.5106579Z $IIHDG,322.0,,,14.0,W*06
2026-05-31T13:28:02.5581438Z $GPRMB,,,,,,,,,,,,,,N*04
2026-05-31T13:28:02.5581438Z $GPXTE,,,,,N,N*5E
2026-05-31T13:28:02.6063102Z $IIHDG,322.0,,,14.0,W*06
2026-05-31T13:28:02.6063102Z $SDDBT,27.6,f,8.4,M,4.6,F*3B
2026-05-31T13:28:02.6063102Z $SDDPT,8.4,0.0,*77
2026-05-31T13:28:02.6545120Z $SDMTW,14.8,C*09
2026-05-31T13:28:02.7025553Z !AIVDM,1,1,,,15NQUM4P00rrks`H>tq>4?v22000,0*78
2026-05-31T13:28:02.7025553Z $IIHDG,322.0,,,14.0,W*06
2026-05-31T13:28:02.7505835Z $SDVLW,,N,,N,,N,,N*5A
2026-05-31T13:28:02.8003480Z $SDVHW,307.9,T,322.0,M,0.0,N,0.0,K*4C
2026-05-31T13:28:02.8003480Z $IIHDG,322.0,,,14.0,W*06
2026-05-31T13:28:02.8784367Z $IIHDG,321.9,,,14.0,W*0C
2026-05-31T13:28:02.9255081Z $WIMWD,312.7,T,326.7,M,4.8,N,2.5,M*56
2026-05-31T13:28:02.9255081Z $WIMWV,4.4,R,4.5,N,A*22
2026-05-31T13:28:02.9255081Z $WIMWV,4.1,T,4.8,N,A*2C
2026-05-31T13:28:02.9736693Z !AIVDM,1,1,,,352l5NhOQcrs@f0H>g;1>i600000,0*0C
2026-05-31T13:28:03.0218445Z $IIHDG,321.9,,,14.0,W*0C
2026-05-31T13:28:03.0218445Z !AIVDM,1,1,,,15MnF7<00EJrrQhH>ge<Cqb40000,0*17
2026-05-31T13:28:03.0218445Z $IIXDR,C,13.1,C,AIRTEMP,A,2.4,D,HEEL,A,0.3,D,TRIM,P,1.016,B,BARO,A,-0.3,D,RUDDER*37
2026-05-31T13:28:03.0693843Z !AIVDM,1,1,,,15NO=g;P00JrjqhH@11<bOv22000,0*47
2026-05-31T13:28:03.0693843Z $GNGGA,132801,4230.0919,N,07050.4988,W,2,00,0.50,8,M,-32.6,M,,*46
2026-05-31T13:28:03.1179469Z $IIHDG,321.9,,,14.0,W*0C
2026-05-31T13:28:03.1179469Z $GPGLC,9960,,,13928.94,A,25847.50,A,44324.31,A,60280.08,A,,*73
2026-05-31T13:28:03.1683718Z $GPGLL,4230.0919,N,07050.4986,W,132801,A,D*5C
2026-05-31T13:28:03.2120388Z $GNGSA,A,3,,,,,,,,,,,,,0.70,0.50,0.50*1B
2026-05-31T13:28:03.2120388Z $GNGSV,3,1,11,01,12,054,,03,37,058,,06,61,249,,11,21,239,*69
2026-05-31T13:28:03.2120388Z $GNGSV,3,2,11,12,08,320,,14,39,166,,17,67,067,,19,68,323,*60
2026-05-31T13:28:03.2120388Z $GNGSV,3,3,11,22,58,174,,24,13,284,,44,23,237,*55
2026-05-31T13:28:03.2120388Z $IIHDG,321.8,,,14.0,W*0D
2026-05-31T13:28:03.2595687Z $GPRMC,132801,A,4230.0919,N,07050.4986,W,0.1,210.0,310526,14.1,W,D*27
2026-05-31T13:28:03.2595687Z $GPVTG,210.0,T,224.1,M,0.1,N,0.2,K,A*26
2026-05-31T13:28:03.3073332Z $GPZDA,132801,31,05,2026,04,00*44
2026-05-31T13:28:03.3073332Z $IIHDG,321.7,,,14.0,W*02
2026-05-31T13:28:03.3873277Z $IIHDG,321.7,,,14.0,W*02
2026-05-31T13:28:03.4511624Z $GPAAM,,,,N,*38
2026-05-31T13:28:03.4511624Z $GPAPB,,,,,,,,,,,,,,,N*26
2026-05-31T13:28:03.5080139Z $GPBOD,,T,,M,,*47
2026-05-31T13:28:03.5080139Z $IIHDG,321.6,,,14.0,W*03
2026-05-31T13:28:03.5617650Z $GPRMB,,,,,,,,,,,,,,N*04
2026-05-31T13:28:03.5617650Z $GPXTE,,,,,N,N*5E
2026-05-31T13:28:03.6101484Z $SDDBT,27.6,f,8.4,M,4.6,F*3B
2026-05-31T13:28:03.6101484Z $IIHDG,321.5,,,14.0,W*00
2026-05-31T13:28:03.6101484Z $SDDPT,8.4,0.0,*77
2026-05-31T13:28:03.6611339Z $SDMTW,14.8,C*09
2026-05-31T13:28:03.7048959Z !AIVDM,1,1,,,35NO=iPPP6JrovhH>WbcpWR60000,0*78
2026-05-31T13:28:03.7048959Z $IIHDG,321.5,,,14.0,W*00
2026-05-31T13:28:03.7048959Z !AIVDM,1,1,,,15NO=nPP00Jrnv@H>WkT;gv40000,0*51
2026-05-31T13:28:03.7528328Z $SDVLW,,N,,N,,N,,N*5A
2026-05-31T13:28:03.7574019Z $SDVHW,307.4,T,321.4,M,0.0,N,0.0,K*46
2026-05-31T13:28:03.8005039Z $IIHDG,321.4,,,14.0,W*01
2026-05-31T13:28:03.8891666Z $WIMWD,309.3,T,323.4,M,5.3,N,2.7,M*56
2026-05-31T13:28:03.9465851Z $WIMWV,2.4,R,4.7,N,A*26
2026-05-31T13:28:03.9465851Z $WIMWV,2.1,T,5.3,N,A*20
2026-05-31T13:28:03.9465851Z $IIHDG,321.4,,,14.0,W*01
2026-05-31T13:28:03.9924184Z $IIHDG,321.3,,,14.0,W*06
2026-05-31T13:28:04.0450616Z $IIXDR,C,13.1,C,AIRTEMP,A,1.7,D,HEEL,A,0.3,D,TRIM,P,1.015,B,BARO,A,-0.1,D,RUDDER*36
2026-05-31T13:28:04.0890611Z $GNGGA,132802,4230.0919,N,07050.4988,W,2,00,0.50,8,M,-32.6,M,,*45
2026-05-31T13:28:04.1407695Z $GPGLC,9960,,,13928.94,A,25847.50,A,44324.31,A,60280.08,A,,*73
2026-05-31T13:28:04.1407695Z $IIHDG,321.3,,,14.0,W*06
2026-05-31T13:28:04.1407695Z $GPGLL,4230.0919,N,07050.4986,W,132802,A,D*5F
2026-05-31T13:28:04.1849210Z $GNGSA,A,3,,,,,,,,,,,,,0.70,0.50,0.50*1B
2026-05-31T13:28:04.1849210Z $GNGSV,3,1,11,01,12,054,,03,37,058,,06,61,249,,11,21,239,*69
2026-05-31T13:28:04.1849210Z $GNGSV,3,2,11,12,08,320,,14,39,166,,17,67,067,,19,68,323,*60
2026-05-31T13:28:04.1849210Z $GNGSV,3,3,11,22,58,174,,24,13,284,,44,23,237,*55
2026-05-31T13:28:04.2329602Z $IIHDG,321.3,,,14.0,W*06
2026-05-31T13:28:04.2329602Z $GPRMC,132802,A,4230.0919,N,07050.4986,W,0.1,210.0,310526,14.1,W,D*24
2026-05-31T13:28:04.2816413Z $GPVTG,210.0,T,224.1,M,0.1,N,0.2,K,A*26
2026-05-31T13:28:04.2816413Z $GPZDA,132802,31,05,2026,04,00*47
2026-05-31T13:28:04.3302061Z $IIHDG,321.2,,,14.0,W*07
2026-05-31T13:28:04.3946124Z $IIHDG,321.2,,,14.0,W*07
2026-05-31T13:28:04.4437710Z $GPAAM,,,,N,*38
2026-05-31T13:28:04.4437710Z $GPAPB,,,,,,,,,,,,,,,N*26
2026-05-31T13:28:04.4907305Z $GPBOD,,T,,M,,*47
2026-05-31T13:28:04.5399082Z $IIHDG,321.1,,,14.0,W*04
2026-05-31T13:28:04.5399082Z $GPRMB,,,,,,,,,,,,,,N*04
2026-05-31T13:28:04.5884191Z $GPXTE,,,,,N,N*5E
2026-05-31T13:28:04.5884191Z !AIVDM,1,1,,,35NwCQPOPLrs>`PHBfNc=IR40000,0*15
2026-05-31T13:28:04.6344290Z $SDDBT,27.6,f,8.4,M,4.6,F*3B
2026-05-31T13:28:04.6344290Z $SDDPT,8.4,0.0,*77
2026-05-31T13:28:04.6344290Z $IIHDG,321.1,,,14.0,W*04
2026-05-31T13:28:04.6344290Z $SDMTW,14.8,C*09
2026-05-31T13:28:04.6981793Z $IIHDG,321.0,,,14.0,W*05
2026-05-31T13:28:04.7458860Z !AIVDM,1,1,,,15O=hk50iAJsGRPH>jV1L1=d0000,0*1C
2026-05-31T13:28:04.7458860Z $SDVLW,,N,,N,,N,,N*5A
2026-05-31T13:28:04.7939893Z $SDVHW,306.9,T,321.0,M,0.0,N,0.0,K*4E
2026-05-31T13:28:04.8419192Z $IIHDG,321.0,,,14.0,W*05
2026-05-31T13:28:04.8905036Z !AIVDM,1,1,,,19NSfbh000rrnu@H>W9SS8F20000,0*21
2026-05-31T13:28:04.8905036Z $WIMWD,306.8,T,320.9,M,5.6,N,2.9,M*57
2026-05-31T13:28:04.9384813Z $WIMWV,359.8,R,5.1,N,A*20
2026-05-31T13:28:04.9384813Z $WIMWV,359.8,T,5.6,N,A*21
2026-05-31T13:28:04.9384813Z $IIHDG,320.9,,,14.0,W*0D
2026-05-31T13:28:05.0011047Z $IIHDG,320.8,,,14.0,W*0C
2026-05-31T13:28:05.0495598Z $IIXDR,C,13.1,C,AIRTEMP,A,2.0,D,HEEL,A,0.0,D,TRIM,P,1.016,B,BARO,A,-0.3,D,RUDDER*30
2026-05-31T13:28:05.0969890Z $GNGGA,132803,4230.0919,N,07050.4986,W,2,00,0.50,9,M,-32.6,M,,*4B
2026-05-31T13:28:05.0969890Z $GPGLC,9960,,,13928.94,A,25847.50,A,44324.31,A,60280.08,A,,*73
2026-05-31T13:28:05.1471433Z $IIHDG,320.8,,,14.0,W*0C
2026-05-31T13:28:05.1471433Z $GPGLL,4230.0919,N,07050.4986,W,132803,A,D*5E
2026-05-31T13:28:05.1928667Z $GNGSA,A,3,,,,,,,,,,,,,0.70,0.50,0.60*18
2026-05-31T13:28:05.1928667Z $GNGSV,3,1,11,01,12,054,,03,37,058,,06,61,249,,11,21,239,*69
2026-05-31T13:28:05.1928667Z $GNGSV,3,2,11,12,08,320,,14,39,166,,17,67,067,,19,68,323,*60
2026-05-31T13:28:05.1928667Z $GNGSV,3,3,11,22,58,174,,24,13,284,,44,23,237,*55
2026-05-31T13:28:05.2397480Z $IIHDG,320.7,,,14.0,W*03
2026-05-31T13:28:05.2397480Z $GPRMC,132803,A,4230.0919,N,07050.4986,W,0.1,210.0,310526,14.1,W,D*25
2026-05-31T13:28:05.2397480Z !AIVDM,1,1,,,E>k`vt<r0h@@@@@@@@@@@@@@@@@=MwTH<E=u@00000000?,4*12
2026-05-31T13:28:05.2877719Z $GPVTG,210.0,T,224.1,M,0.1,N,0.2,K,A*26
2026-05-31T13:28:05.2904809Z $GPZDA,132803,31,05,2026,04,00*46
2026-05-31T13:28:05.3415333Z $IIHDG,320.6,,,14.0,W*02
2026-05-31T13:28:05.3831577Z !AIVDM,1,1,,,15NO=dP000JroU8H>Wv:H5T80000,0*1D
2026-05-31T13:28:05.4313702Z $IIHDG,320.6,,,14.0,W*02
2026-05-31T13:28:05.4313702Z $GPAAM,,,,N,*38
2026-05-31T13:28:05.4792871Z $GPAPB,,,,,,,,,,,,,,,N*26
2026-05-31T13:28:05.4792871Z !AIVDM,1,1,,,352l5NhOQcrs@h8H>gN1?Q660000,0*40
2026-05-31T13:28:05.4792871Z $GPBOD,,T,,M,,*47
2026-05-31T13:28:05.5271642Z $IIHDG,320.5,,,14.0,W*01
2026-05-31T13:28:05.5750268Z $GPRMB,,,,,,,,,,,,,,N*04
2026-05-31T13:28:05.5750268Z $GPXTE,,,,,N,N*5E
2026-05-31T13:28:05.6235199Z $SDDBT,27.6,f,8.4,M,4.6,F*3B
2026-05-31T13:28:05.6235199Z $SDDPT,8.4,0.0,*77
2026-05-31T13:28:05.6235199Z $IIHDG,320.4,,,14.0,W*00
2026-05-31T13:28:05.6235199Z $SDMTW,14.8,C*09
2026-05-31T13:28:05.6721217Z !AIVDM,1,1,,,15NKP50000rrsQPH@W5TLAp:0000,0*08
2026-05-31T13:28:05.7197763Z $SDVLW,,N,,N,,N,,N*5A
2026-05-31T13:28:05.7197763Z $IIHDG,320.3,,,14.0,W*07
2026-05-31T13:28:05.7674340Z $SDVHW,306.2,T,320.3,M,0.0,N,0.0,K*47
2026-05-31T13:28:05.8152981Z $IIHDG,320.3,,,14.0,W*07
2026-05-31T13:28:05.8795290Z $WIMWD,305.6,T,319.7,M,5.6,N,2.9,M*5E
2026-05-31T13:28:05.9435106Z $WIMWV,359.2,R,5.3,N,A*28
2026-05-31T13:28:05.9435106Z $WIMWV,359.1,T,5.6,N,A*28
2026-05-31T13:28:05.9435106Z $IIHDG,320.2,,,14.0,W*06
2026-05-31T13:28:05.9912993Z !AIVDM,1,1,,,153>KLP000rrh:8H?V`8E6P80000,0*01
2026-05-31T13:28:06.0408517Z $IIXDR,C,13.1,C,AIRTEMP,A,2.3,D,HEEL,A,0.2,D,TRIM,P,1.015,B,BARO,A,-0.2,D,RUDDER*33
2026-05-31T13:28:06.0408517Z $IIHDG,320.2,,,14.0,W*06
2026-05-31T13:28:06.0877164Z $GNGGA,132804,4230.0919,N,07050.4986,W,2,00,0.50,8,M,-32.6,M,,*4D
2026-05-31T13:28:06.1354894Z $GPGLC,9960,,,13928.94,A,25847.50,A,44324.31,A,60280.08,A,,*73
2026-05-31T13:28:06.1354894Z $IIHDG,320.1,,,14.0,W*05
2026-05-31T13:28:06.1834814Z $GPGLL,4230.0919,N,07050.4986,W,132804,A,D*59
2026-05-31T13:28:06.1834814Z !AIVDM,1,1,,,B52oU<@16nfsoB65N>RQWwP00000,0*05
2026-05-31T13:28:06.1834814Z $GNGSA,A,3,,,,,,,,,,,,,0.70,0.50,0.50*1B
2026-05-31T13:28:06.1834814Z $GNGSV,3,1,11,01,12,054,,03,37,058,,06,61,249,,11,21,239,*69
2026-05-31T13:28:06.1834814Z $GNGSV,3,2,11,12,08,320,,14,39,166,,17,67,067,,19,68,323,*60
2026-05-31T13:28:06.1834814Z $GNGSV,3,3,11,22,58,174,,24,13,284,,44,23,237,*55
2026-05-31T13:28:06.1834814Z !AIVDM,1,1,,,E>k`vt<r0h@@@@@@@@@@@@@@@@@=MwTH<E=u@00000000?,4*12
2026-05-31T13:28:06.2318330Z $GPRMC,132804,A,4230.0919,N,07050.4986,W,0.1,210.0,310526,14.1,W,D*22
2026-05-31T13:28:06.2318330Z $IIHDG,320.0,,,14.0,W*04
2026-05-31T13:28:06.2799981Z $GPVTG,210.0,T,224.1,M,0.1,N,0.2,K,A*26
2026-05-31T13:28:06.3283206Z $GPZDA,132804,31,05,2026,04,00*41
2026-05-31T13:28:06.3774279Z $IIHDG,320.0,,,14.0,W*04
2026-05-31T13:28:06.4245130Z $GPAAM,,,,N,*38
2026-05-31T13:28:06.4729184Z $IIHDG,319.9,,,14.0,W*07
2026-05-31T13:28:06.4729184Z $GPAPB,,,,,,,,,,,,,,,N*26
2026-05-31T13:28:06.4729184Z $GPBOD,,T,,M,,*47
2026-05-31T13:28:06.5365521Z $IIHDG,319.9,,,14.0,W*07
2026-05-31T13:28:06.5845568Z $GPRMB,,,,,,,,,,,,,,N*04
2026-05-31T13:28:06.5845568Z $GPXTE,,,,,N,N*5E
2026-05-31T13:28:06.6357560Z $SDDBT,27.6,f,8.4,M,4.6,F*3B
2026-05-31T13:28:06.6357560Z $SDDPT,8.4,0.0,*77
2026-05-31T13:28:06.6357560Z $SDMTW,14.8,C*09
2026-05-31T13:28:06.6787864Z $IIHDG,319.9,,,14.0,W*07
2026-05-31T13:28:06.7256397Z $SDVLW,,N,,N,,N,,N*5A
2026-05-31T13:28:06.7744454Z $IIHDG,319.8,,,14.0,W*06
2026-05-31T13:28:06.7744454Z $SDVHW,305.8,T,319.8,M,0.0,N,0.0,K*4F
2026-05-31T13:28:06.8555824Z $IIHDG,319.8,,,14.0,W*06
2026-05-31T13:28:06.9004912Z $WIMWD,304.5,T,318.6,M,5.2,N,2.7,M*56
2026-05-31T13:28:06.9004912Z $WIMWV,358.7,R,5.3,N,A*2C
2026-05-31T13:28:06.9004912Z $WIMWV,358.6,T,5.2,N,A*2A
2026-05-31T13:28:06.9477477Z !AIVDM,1,1,,,18IPTf001Nrs@f@H>b>QhAH20000,0*75
2026-05-31T13:28:06.9959117Z $IIHDG,319.7,,,14.0,W*09
2026-05-31T13:28:07.0429980Z $IIXDR,C,13.1,C,AIRTEMP,A,3.1,D,HEEL,A,-0.1,D,TRIM,P,1.016,B,BARO,A,-0.3,D,RUDDER*1C
2026-05-31T13:28:07.0945742Z $IIHDG,319.7,,,14.0,W*09
2026-05-31T13:28:07.0945742Z $GNGGA,132805,4230.0919,N,07050.4986,W,2,00,0.50,8,M,-32.6,M,,*4C
2026-05-31T13:28:07.1377346Z $GPGLC,9960,,,13928.94,A,25847.50,A,44324.31,A,60280.08,A,,*73
2026-05-31T13:28:07.1377346Z $GPGLL,4230.0919,N,07050.4986,W,132805,A,D*58
2026-05-31T13:28:07.1856704Z !AIVDM,1,1,,,152Wpn<01IrsKA`H?l=2nj@82000,0*6D
2026-05-31T13:28:07.1856704Z $IIHDG,319.6,,,14.0,W*08
2026-05-31T13:28:07.1856704Z $GNGSA,A,3,,,,,,,,,,,,,0.70,0.50,0.50*1B
2026-05-31T13:28:07.1856704Z $GNGSV,3,1,11,01,12,054,,03,37,058,,06,61,249,,11,21,239,*69
2026-05-31T13:28:07.1856704Z $GNGSV,3,2,11,12,08,320,,14,39,166,,17,67,067,,19,68,323,*60
2026-05-31T13:28:07.1856704Z $GNGSV,3,3,11,22,58,174,,24,13,284,,44,23,237,*55
2026-05-31T13:28:07.2339727Z $GPRMC,132805,A,4230.0919,N,07050.4986,W,0.1,210.0,310526,14.1,W,D*23
2026-05-31T13:28:07.2339727Z !AIVDM,1,1,,,15NO=iPPP8JrovPH>Wc;T7P<0000,0*59
2026-05-31T13:28:07.2811978Z $GPVTG,210.0,T,224.1,M,0.1,N,0.2,K,A*26
2026-05-31T13:28:07.2811978Z $IIHDG,319.6,,,14.0,W*08
2026-05-31T13:28:07.2811978Z $GPZDA,132805,31,05,2026,04,00*40
2026-05-31T13:28:07.3543213Z $IIHDG,319.5,,,14.0,W*0B
2026-05-31T13:28:07.4151984Z $GPAAM,,,,N,*38
2026-05-31T13:28:07.4555338Z $GPAPB,,,,,,,,,,,,,,,N*26
2026-05-31T13:28:07.5045056Z $IIHDG,319.5,,,14.0,W*0B
2026-05-31T13:28:07.5045056Z $GPBOD,,T,,M,,*47
2026-05-31T13:28:07.5532839Z $GPRMB,,,,,,,,,,,,,,N*04
2026-05-31T13:28:07.5980155Z !AIVDM,1,1,,,15MeF10P00Jrjt`H@0c9cgv>0000,0*34
2026-05-31T13:28:07.5980155Z $GPXTE,,,,,N,N*5E
2026-05-31T13:28:07.5980155Z $IIHDG,319.4,,,14.0,W*0A
2026-05-31T13:28:07.5980155Z $SDDBT,27.6,f,8.4,M,4.6,F*3B
2026-05-31T13:28:07.6461392Z $SDDPT,8.4,0.0,*77
2026-05-31T13:28:07.6461392Z $SDMTW,14.8,C*09
2026-05-31T13:28:07.6936328Z $IIHDG,319.4,,,14.0,W*0A
2026-05-31T13:28:07.7420249Z $SDVLW,,N,,N,,N,,N*5A
2026-05-31T13:28:07.7420249Z !AIVDM,1,1,,,15N9sFP001rrso@H@`f9vDn>0000,0*49
2026-05-31T13:28:07.7896822Z $SDVHW,305.3,T,319.4,M,0.0,N,0.0,K*48
2026-05-31T13:28:07.7896822Z $IIHDG,319.4,,,14.0,W*0A
2026-05-31T13:28:07.8635629Z $IIHDG,319.3,,,14.0,W*0D
2026-05-31T13:28:07.9174501Z $WIMWD,304.6,T,318.6,M,5.0,N,2.6,M*56
2026-05-31T13:28:07.9174501Z $WIMWV,359.2,R,5.3,N,A*28
2026-05-31T13:28:07.9174501Z $WIMWV,359.2,T,5.0,N,A*2D
2026-05-31T13:28:07.9656090Z $IIHDG,319.3,,,14.0,W*0D
2026-05-31T13:28:08.0141438Z $IIXDR,C,13.1,C,AIRTEMP,A,3.2,D,HEEL,A,-0.1,D,TRIM,P,1.015,B,BARO,A,-0.3,D,RUDDER*1C
2026-05-31T13:28:08.0661529Z $GNGGA,132806,4230.0919,N,07050.4986,W,2,00,0.50,8,M,-32.6,M,,*4F
2026-05-31T13:28:08.1101528Z $IIHDG,319.3,,,14.0,W*0D
2026-05-31T13:28:08.1101528Z $GPGLC,9960,,,13928.94,A,25847.50,A,44324.31,A,60280.08,A,,*73
2026-05-31T13:28:08.1101528Z !AIVDM,1,1,,,15NK=p003vrsj9`H=L44C3B<0000,0*6B
2026-05-31T13:28:08.1595426Z $GPGLL,4230.0919,N,07050.4986,W,132806,A,D*5B
2026-05-31T13:28:08.2066680Z $IIHDG,319.3,,,14.0,W*0D
2026-05-31T13:28:08.2066680Z $GNGSA,A,3,,,,,,,,,,,,,0.70,0.50,0.50*1B
2026-05-31T13:28:08.2066680Z $GNGSV,3,1,11,01,12,054,,03,37,058,,06,61,249,,11,21,239,*69
2026-05-31T13:28:08.2066680Z $GNGSV,3,2,11,12,08,320,,14,39,166,,17,67,067,,19,68,323,*60
2026-05-31T13:28:08.2066680Z $GNGSV,3,3,11,22,58,174,,24,13,284,,44,23,237,*55
2026-05-31T13:28:08.2066680Z !AIVDM,1,1,,,15Ngd7003wJs@0pH=qPdDab>0000,0*2D
2026-05-31T13:28:08.2567330Z $GPRMC,132806,A,4230.0920,N,07050.4986,W,0.1,210.0,310526,14.1,W,D*2A
2026-05-31T13:28:08.2567330Z $GPVTG,210.0,T,224.1,M,0.1,N,0.2,K,A*26
2026-05-31T13:28:08.3033486Z $IIHDG,319.3,,,14.0,W*0D
2026-05-31T13:28:08.3033486Z $GPZDA,132806,31,05,2026,04,00*43
2026-05-31T13:28:08.3678078Z $IIHDG,319.2,,,14.0,W*0C
2026-05-31T13:28:08.4174462Z $GPAAM,,,,N,*38
2026-05-31T13:28:08.4643750Z $GPAPB,,,,,,,,,,,,,,,N*26
2026-05-31T13:28:08.4643750Z $GPBOD,,T,,M,,*47
2026-05-31T13:28:08.5121199Z $IIHDG,319.2,,,14.0,W*0C
2026-05-31T13:28:08.5601793Z $GPRMB,,,,,,,,,,,,,,N*04
2026-05-31T13:28:08.5601793Z $GPXTE,,,,,N,N*5E
2026-05-31T13:28:08.6080913Z $IIHDG,319.2,,,14.0,W*0C
2026-05-31T13:28:08.6080913Z $SDDBT,27.6,f,8.4,M,4.6,F*3B
2026-05-31T13:28:08.6080913Z $SDDPT,8.4,0.0,*77
2026-05-31T13:28:08.6577650Z $SDMTW,14.8,C*09
2026-05-31T13:28:08.7038559Z $IIHDG,319.2,,,14.0,W*0C
2026-05-31T13:28:08.7511703Z $SDVLW,,N,,N,,N,,N*5A
2026-05-31T13:28:08.8023950Z $SDVHW,305.1,T,319.1,M,0.0,N,0.0,K*4F
2026-05-31T13:28:08.8023950Z $IIHDG,319.1,,,14.0,W*0F
2026-05-31T13:28:08.8573097Z !AIVDM,1,1,,,B52amA@006fpR:65BW;Q3wP00000,0*3F
2026-05-31T13:28:08.9106911Z $IIHDG,319.1,,,14.0,W*0F
2026-05-31T13:28:08.9106911Z !AIVDM,1,1,,,35NwCQPOPNrs>W@HBfS;b9h<0000,0*68
2026-05-31T13:28:08.9106911Z $WIMWD,304.0,T,318.1,M,4.7,N,2.4,M*53
2026-05-31T13:28:08.9106911Z $WIMWV,358.9,R,5.1,N,A*20
2026-05-31T13:28:08.9106911Z $WIMWV,358.9,T,4.7,N,A*21
2026-05-31T13:28:08.9583519Z !AIVDM,1,1,,,15NQsE?P00rtNW`HH3`<2gv>2000,0*2A
2026-05-31T13:28:09.0060604Z $IIHDG,319.0,,,14.0,W*0E
2026-05-31T13:28:09.0544101Z $IIXDR,C,13.1,C,AIRTEMP,A,2.3,D,HEEL,A,0.5,D,TRIM,P,1.016,B,BARO,A,-0.3,D,RUDDER*36
2026-05-31T13:28:09.1022407Z !AIVDM,1,1,,,352l5NhPQcrs@jpH>go1AA2>0000,0*56
2026-05-31T13:28:09.1022407Z $GNGGA,132807,4230.0920,N,07050.4986,W,2,00,0.50,8,M,-32.6,M,,*44
2026-05-31T13:28:09.1022407Z $IIHDG,319.0,,,14.0,W*0E
2026-05-31T13:28:09.1022407Z $GPGLC,9960,,,13928.94,A,25847.50,A,44324.31,A,60280.08,A,,*73
2026-05-31T13:28:09.1498036Z $GPGLL,4230.0920,N,07050.4986,W,132807,A,D*50
2026-05-31T13:28:09.1982525Z $GNGSA,A,3,,,,,,,,,,,,,0.70,0.50,0.50*1B
2026-05-31T13:28:09.1982525Z $GNGSV,3,1,11,01,12,054,,03,37,058,,06,61,249,,11,21,239,*69
2026-05-31T13:28:09.1982525Z $GNGSV,3,2,11,12,08,320,,14,39,166,,17,67,067,,19,68,323,*60
2026-05-31T13:28:09.2021002Z $GNGSV,3,3,11,22,58,174,,24,13,284,,44,23,237,*55
2026-05-31T13:28:09.2467218Z $IIHDG,318.9,,,14.0,W*06
2026-05-31T13:28:09.2467218Z $GPRMC,132807,A,4230.0920,N,07050.4986,W,0.1,210.0,310526,14.1,W,D*2B
2026-05-31T13:28:09.2938015Z $GPVTG,210.0,T,224.1,M,0.1,N,0.2,K,A*26
2026-05-31T13:28:09.2938015Z !AIVDM,1,1,,,ENk`sl>`@@@@@@@@@@@@@@@@@@@=OTgH<LwsP00000000?,4*70
2026-05-31T13:28:09.2972658Z !AIVDM,1,1,,,15N:gRP000rrhaHH?CIbi7j@0000,0*68
2026-05-31T13:28:09.2972658Z $GPZDA,132807,31,05,2026,04,00*42
2026-05-31T13:28:09.3421757Z $IIHDG,318.9,,,14.0,W*06
2026-05-31T13:28:09.4061027Z $IIHDG,318.8,,,14.0,W*07
2026-05-31T13:28:09.4540373Z $GPAAM,,,,N,*38
2026-05-31T13:28:09.4540373Z $GPAPB,,,,,,,,,,,,,,,N*26
2026-05-31T13:28:09.5018682Z $GPBOD,,T,,M,,*47
2026-05-31T13:28:09.5494234Z $IIHDG,318.7,,,14.0,W*08
2026-05-31T13:28:09.5520231Z $GPRMB,,,,,,,,,,,,,,N*04
2026-05-31T13:28:09.5969948Z $GPXTE,,,,,N,N*5E
2026-05-31T13:28:09.5969948Z $SDDBT,27.6,f,8.4,M,4.6,F*3B
2026-05-31T13:28:09.6448683Z $SDDPT,8.4,0.0,*77
2026-05-31T13:28:09.6448683Z $IIHDG,318.6,,,14.0,W*09
2026-05-31T13:28:09.6448683Z $SDMTW,14.8,C*09
2026-05-31T13:28:09.7080740Z $IIHDG,318.6,,,14.0,W*09
2026-05-31T13:28:09.7582856Z $SDVLW,,N,,N,,N,,N*5A
2026-05-31T13:28:09.8045320Z $SDVHW,304.4,T,318.5,M,0.0,N,0.0,K*4E
2026-05-31T13:28:09.8519518Z $IIHDG,318.5,,,14.0,W*0A
2026-05-31T13:28:09.9001122Z $WIMWD,302.5,T,316.6,M,4.4,N,2.3,M*5D
2026-05-31T13:28:09.9001122Z $WIMWV,357.7,R,4.9,N,A*28
2026-05-31T13:28:09.9001122Z $WIMWV,358.0,T,4.4,N,A*2B
2026-05-31T13:28:09.9495727Z $IIHDG,318.4,,,14.0,W*0B
2026-05-31T13:28:10.0118175Z $IIXDR,C,13.1,C,AIRTEMP,A,1.8,D,HEEL,A,0.3,D,TRIM,P,1.015,B,BARO,A,-0.1,D,RUDDER*39
2026-05-31T13:28:10.0604742Z $IIHDG,318.4,,,14.0,W*0B
2026-05-31T13:28:10.1080122Z $GNGGA,132808,4230.0920,N,07050.4985,W,2,00,0.50,8,M,-32.6,M,,*48
2026-05-31T13:28:10.1080122Z $GPGLC,9960,,,13928.94,A,25847.50,A,44324.31,A,60280.08,A,,*73
2026-05-31T13:28:10.1574808Z $IIHDG,318.4,,,14.0,W*0B
2026-05-31T13:28:10.1574808Z $GPGLL,4230.0920,N,07050.4986,W,132808,A,D*5F
2026-05-31T13:28:10.2033727Z $GNGSA,A,3,,,,,,,,,,,,,0.70,0.50,0.50*1B
2026-05-31T13:28:10.2033727Z $GNGSV,3,1,11,01,12,054,,03,37,058,,06,61,249,,11,21,239,*69
2026-05-31T13:28:10.2033727Z $GNGSV,3,2,11,12,08,320,,14,39,166,,17,67,067,,19,68,323,*60
2026-05-31T13:28:10.2033727Z $GNGSV,3,3,11,22,58,174,,24,13,284,,44,23,237,*55
2026-05-31T13:28:10.2033727Z !AIVDM,1,1,,,ENk`sl>`@@@@@@@@@@@@@@@@@@@=OTgH<LwsP00000000?,4*70
2026-05-31T13:28:10.2510739Z $IIHDG,318.3,,,14.0,W*0C
2026-05-31T13:28:10.2510739Z $GPRMC,132808,A,4230.0920,N,07050.4986,W,0.1,210.0,310526,14.1,W,D*24
2026-05-31T13:28:10.3004403Z $GPVTG,210.0,T,224.1,M,0.1,N,0.2,K,A*26
2026-05-31T13:28:10.3004403Z !AIVDM,1,1,,,18I<UK000>rt@3hHC3UQa1if0000,0*75
2026-05-31T13:28:10.3004403Z $GPZDA,132808,31,05,2026,04,00*4D
2026-05-31T13:28:10.3457174Z $IIHDG,318.3,,,14.0,W*0C
2026-05-31T13:28:10.3927831Z !AIVDM,1,1,,,352l5NhPQcrs@kPH>guQB10@0000,0*02
2026-05-31T13:28:10.4404262Z $GPAAM,,,,N,*38
2026-05-31T13:28:10.4404262Z $IIHDG,318.3,,,14.0,W*0C
2026-05-31T13:28:10.4884982Z $GPAPB,,,,,,,,,,,,,,,N*26
2026-05-31T13:28:10.4884982Z $GPBOD,,T,,M,,*47
2026-05-31T13:28:10.5375538Z $IIHDG,318.2,,,14.0,W*0D
2026-05-31T13:28:10.5861324Z $GPRMB,,,,,,,,,,,,,,N*04
2026-05-31T13:28:10.5861324Z $GPXTE,,,,,N,N*5E
2026-05-31T13:28:10.6318200Z $SDDBT,27.6,f,8.4,M,4.6,F*3B
2026-05-31T13:28:10.6318200Z $SDDPT,8.4,0.0,*77
2026-05-31T13:28:10.6318200Z $IIHDG,318.2,,,14.0,W*0D
2026-05-31T13:28:10.6966714Z $SDMTW,14.8,C*09
2026-05-31T13:28:10.6966714Z !AIVDM,1,1,,,B5Mn8Q000>fdwP63gFATGwP00000,0*10
2026-05-31T13:28:10.7436972Z $SDVLW,,N,,N,,N,,N*5A
2026-05-31T13:28:10.7436972Z $IIHDG,318.1,,,14.0,W*0E
2026-05-31T13:28:10.7916864Z $SDVHW,304.1,T,318.1,M,0.0,N,0.0,K*4F
2026-05-31T13:28:10.8391107Z $IIHDG,318.1,,,14.0,W*0E
2026-05-31T13:28:10.8875458Z $WIMWD,300.7,T,314.8,M,4.7,N,2.4,M*55
2026-05-31T13:28:10.9344586Z $WIMWV,356.5,R,4.8,N,A*2A
2026-05-31T13:28:10.9344586Z $WIMWV,356.6,T,4.7,N,A*20
2026-05-31T13:28:10.9344586Z $IIHDG,318.0,,,14.0,W*0F
2026-05-31T13:28:10.9982995Z $IIXDR,C,13.1,C,AIRTEMP,A,2.7,D,HEEL,A,0.2,D,TRIM,P,1.016,B,BARO,A,-0.3,D,RUDDER*35
2026-05-31T13:28:11.0657952Z $IIHDG,318.0,,,14.0,W*0F
2026-05-31T13:28:11.1105794Z $GNGGA,132809,4230.0920,N,07050.4987,W,2,02,0.50,9,M,-32.6,M,,*48
2026-05-31T13:28:11.1105794Z $GPGLC,9960,,,13928.94,A,25847.50,A,44324.31,A,60280.08,A,,*73
2026-05-31T13:28:11.1628523Z $IIHDG,318.0,,,14.0,W*0F
2026-05-31T13:28:11.1628523Z $GPGLL,4230.0920,N,07050.4985,W,132809,A,D*5D
2026-05-31T13:28:11.2086011Z $GNGSA,A,3,12,24,,,,,,,,,,,0.70,0.50,0.60*1D
2026-05-31T13:28:11.2086011Z $GNGSV,3,1,11,01,12,054,,03,37,058,,06,61,249,,11,21,239,*69
2026-05-31T13:28:11.2086011Z $GNGSV,3,2,11,12,08,320,34,14,39,166,,17,67,067,,19,68,323,*67
2026-05-31T13:28:11.2086011Z $GNGSV,3,3,11,22,58,174,,24,13,284,37,44,23,237,*51
2026-05-31T13:28:11.2548561Z $GPRMC,132809,A,4230.0920,N,07050.4986,W,0.1,210.0,310526,14.1,W,D*25
2026-05-31T13:28:11.2548561Z $IIHDG,317.9,,,14.0,W*09
2026-05-31T13:28:11.3101774Z $GPVTG,210.0,T,224.1,M,0.1,N,0.2,K,A*26
2026-05-31T13:28:11.3101774Z $GPZDA,132809,31,05,2026,04,00*4C
2026-05-31T13:28:11.3562000Z $IIHDG,317.9,,,14.0,W*09
2026-05-31T13:28:11.4085831Z $GPAAM,,,,N,*38
2026-05-31T13:28:11.4678358Z $IIHDG,317.8,,,14.0,W*08
2026-05-31T13:28:11.4678358Z $GPAPB,,,,,,,,,,,,,,,N*26
2026-05-31T13:28:11.4678358Z $GPBOD,,T,,M,,*47
2026-05-31T13:28:11.5315095Z $IIHDG,317.8,,,14.0,W*08
2026-05-31T13:28:11.5966823Z $GPRMB,,,,,,,,,,,,,,N*04
2026-05-31T13:28:11.5966823Z !AIVDM,1,1,,,1;KMsk@P00Jrh48H?W>56nVD0000,0*5E
2026-05-31T13:28:11.5966823Z $GPXTE,,,,,N,N*5E
2026-05-31T13:28:11.6428655Z $SDDBT,27.6,f,8.4,M,4.6,F*3B
2026-05-31T13:28:11.6428655Z $SDDPT,8.4,0.0,*77
2026-05-31T13:28:11.6933528Z $IIHDG,317.8,,,14.0,W*08
2026-05-31T13:28:11.6933528Z $SDMTW,14.8,C*09
2026-05-31T13:28:11.7380920Z !AIVDM,1,1,,,15OGwBPP0pJrlG8H?7=4lwvD0000,0*55
2026-05-31T13:28:11.7380920Z $SDVLW,,N,,N,,N,,N*5A
2026-05-31T13:28:11.7380920Z !AIVDM,1,1,,,B52oU<@146fsk@65N9:Q;wP00000,0*5A
2026-05-31T13:28:11.7858231Z $SDVHW,303.7,T,317.7,M,0.0,N,0.0,K*47
2026-05-31T13:28:11.7858231Z $IIHDG,317.7,,,14.0,W*07
2026-05-31T13:28:11.8337184Z !AIVDM,1,1,,,15NK=p0PSprsjDhH=KdTEk@D0000,0*0B
2026-05-31T13:28:11.8834110Z $IIHDG,317.7,,,14.0,W*07
2026-05-31T13:28:11.9295248Z $WIMWD,300.5,T,314.6,M,5.3,N,2.7,M*5F
2026-05-31T13:28:11.9295248Z $WIMWV,356.8,R,4.9,N,A*26
2026-05-31T13:28:11.9295248Z $WIMWV,356.8,T,5.3,N,A*2B
2026-05-31T13:28:11.9770274Z !AIVDM,1,1,,,15NQUM4P00rrks`H>tpf4?vD2000,0*57
2026-05-31T13:28:11.9770274Z $IIHDG,317.7,,,14.0,W*07
2026-05-31T13:28:12.0248172Z $IIXDR,C,13.1,C,AIRTEMP,A,3.2,D,HEEL,A,0.4,D,TRIM,P,1.015,B,BARO,A,-0.3,D,RUDDER*34
2026-05-31T13:28:12.0735266Z $GNGGA,132810,4230.0920,N,07050.4985,W,2,00,0.50,8,M,-32.6,M,,*41
2026-05-31T13:28:12.1195182Z $IIHDG,317.6,,,14.0,W*06
2026-05-31T13:28:12.1195182Z $GPGLC,9960,,,13928.94,A,25847.50,A,44324.31,A,60280.08,A,,*73
2026-05-31T13:28:12.1672534Z $GPGLL,4230.0920,N,07050.4985,W,132810,A,D*55
2026-05-31T13:28:12.2158836Z $IIHDG,317.6,,,14.0,W*06
2026-05-31T13:28:12.2158836Z $GNGSA,A,3,,,,,,,,,,,,,0.70,0.50,0.60*18
2026-05-31T13:28:12.2158836Z $GNGSV,3,1,11,01,12,054,,03,37,058,,06,61,249,,11,21,239,*69
2026-05-31T13:28:12.2158836Z $GNGSV,3,2,11,12,08,320,,14,39,166,,17,67,067,,19,68,323,*60
2026-05-31T13:28:12.2158836Z $GNGSV,3,3,11,22,58,174,,24,13,284,,44,23,237,*55
2026-05-31T13:28:12.2644119Z $GPRMC,132810,A,4230.0920,N,07050.4985,W,0.1,210.0,310526,14.1,W,D*2E
2026-05-31T13:28:12.2644119Z $GPVTG,210.0,T,224.1,M,0.1,N,0.2,K,A*26
2026-05-31T13:28:12.3104729Z $IIHDG,317.6,,,14.0,W*06
2026-05-31T13:28:12.3104729Z $GPZDA,132810,31,05,2026,04,00*44
2026-05-31T13:28:12.3740782Z $IIHDG,317.6,,,14.0,W*06
2026-05-31T13:28:12.4224558Z $GPAAM,,,,N,*38
2026-05-31T13:28:12.4702977Z $GPAPB,,,,,,,,,,,,,,,N*26
2026-05-31T13:28:12.4702977Z $GPBOD,,T,,M,,*47
2026-05-31T13:28:12.5182118Z $IIHDG,317.6,,,14.0,W*06
2026-05-31T13:28:12.5691778Z $GPRMB,,,,,,,,,,,,,,N*04
2026-05-31T13:28:12.5691778Z $GPXTE,,,,,N,N*5E
2026-05-31T13:28:12.6157708Z $IIHDG,317.6,,,14.0,W*06
2026-05-31T13:28:12.6157708Z $SDDBT,27.6,f,8.4,M,4.6,F*3B
2026-05-31T13:28:12.6157708Z $SDDPT,8.4,0.0,*77
2026-05-31T13:28:12.6178936Z !AIVDM,1,1,,,B5OElb00<6fr?D65G<HE<;P00000,0*63
2026-05-31T13:28:12.6619611Z !AIVDM,1,1,,,35Ngd70OT3Js?p`H=rDdG9fH0000,0*62
2026-05-31T13:28:12.7114574Z $SDMTW,14.8,C*09
2026-05-31T13:28:12.7114574Z $IIHDG,317.6,,,14.0,W*06
2026-05-31T13:28:12.7114574Z !AIVDM,1,1,,,35NwCQPOPMrs>UpHBfVcnqpD0000,0*20
2026-05-31T13:28:12.7573151Z $SDVLW,,N,,N,,N,,N*5A
2026-05-31T13:28:12.8053368Z $SDVHW,303.5,T,317.6,M,0.0,N,0.0,K*44
2026-05-31T13:28:12.8053368Z $IIHDG,317.6,,,14.0,W*06
2026-05-31T13:28:12.8053368Z !AIVDM,1,1,,,35NO=iPPP7Jrov0H>WccAoFH0000,0*43
2026-05-31T13:28:12.8692551Z $IIHDG,317.5,,,14.0,W*05
2026-05-31T13:28:12.9329540Z $WIMWD,299.6,T,313.6,M,5.5,N,2.8,M*53
2026-05-31T13:28:12.9329540Z $WIMWV,355.9,R,5.1,N,A*2D
2026-05-31T13:28:12.9329540Z $WIMWV,356.1,T,5.5,N,A*24
2026-05-31T13:28:12.9818328Z $IIHDG,317.5,,,14.0,W*05
2026-05-31T13:28:13.0284993Z $IIXDR,C,13.1,C,AIRTEMP,A,2.6,D,HEEL,A,0.1,D,TRIM,P,1.016,B,BARO,A,-0.2,D,RUDDER*36
2026-05-31T13:28:13.0775452Z $GNGGA,132811,4230.0920,N,07050.4985,W,2,00,0.50,8,M,-32.6,M,,*40
2026-05-31T13:28:13.1254073Z $IIHDG,317.5,,,14.0,W*05
2026-05-31T13:28:13.1254073Z $GPGLC,9960,,,13928.94,A,25847.50,A,44324.31,A,60280.08,A,,*73
2026-05-31T13:28:13.1722288Z $GPGLL,4230.0920,N,07050.4985,W,132811,A,D*54
2026-05-31T13:28:13.2203615Z $IIHDG,317.5,,,14.0,W*05
2026-05-31T13:28:13.2203615Z $GNGSA,A,3,,,,,,,,,,,,,0.70,0.50,0.50*1B
2026-05-31T13:28:13.2203615Z $GNGSV,3,1,11,01,12,054,,03,37,058,,06,61,249,,11,21,239,*69
2026-05-31T13:28:13.2203615Z $GNGSV,3,2,11,12,08,320,,14,39,166,,17,67,067,,19,68,323,*60
2026-05-31T13:28:13.2203615Z $GNGSV,3,3,11,22,58,174,,24,13,284,,44,23,237,*55
2026-05-31T13:28:13.2678361Z !AIVDM,1,1,,,E>k`vt<r0h@@@@@@@@@@@@@@@@@=MwTH<E=u@00000000?,4*12
2026-05-31T13:28:13.2678361Z $GPRMC,132811,A,4230.0920,N,07050.4985,W,0.1,210.0,310526,14.1,W,D*2F
2026-05-31T13:28:13.2678361Z $GPVTG,210.0,T,224.1,M,0.1,N,0.2,K,A*26
2026-05-31T13:28:13.3153953Z $IIHDG,317.4,,,14.0,W*04
2026-05-31T13:28:13.3153953Z $GPZDA,132811,31,05,2026,04,00*45
2026-05-31T13:28:13.3631383Z !AIVDM,1,1,,,352l5NhPQbrs@mPH>h@Q@@vF0000,0*0C
2026-05-31T13:28:13.4196034Z $IIHDG,317.4,,,14.0,W*04
2026-05-31T13:28:13.4196034Z !AIVDM,1,1,,,15MnF7<00EJrrOpH>go<BI`J0000,0*5E
2026-05-31T13:28:13.4743469Z $GPAAM,,,,N,*38
2026-05-31T13:28:13.4743469Z $GPAPB,,,,,,,,,,,,,,,N*26
2026-05-31T13:28:13.4743469Z $GPBOD,,T,,M,,*47
2026-05-31T13:28:13.5222843Z $IIHDG,317.4,,,14.0,W*04
2026-05-31T13:28:13.5702652Z $GPRMB,,,,,,,,,,,,,,N*04
2026-05-31T13:28:13.5702652Z $GPXTE,,,,,N,N*5E
2026-05-31T13:28:13.6184165Z $IIHDG,317.4,,,14.0,W*04
2026-05-31T13:28:13.6184165Z $SDDBT,28.1,f,8.5,M,4.6,F*32
2026-05-31T13:28:13.6184165Z $SDDPT,8.6,0.0,*75
2026-05-31T13:28:13.6688362Z $SDMTW,14.8,C*09
2026-05-31T13:28:13.7140610Z $IIHDG,317.4,,,14.0,W*04
2026-05-31T13:28:13.7615583Z $SDVLW,,N,,N,,N,,N*5A
2026-05-31T13:28:13.7615583Z !AIVDM,1,1,,,15NO=g;P00JrjqpH@10dbOvF2000,0*72
2026-05-31T13:28:13.8095703Z $SDVHW,303.3,T,317.4,M,0.0,N,0.0,K*40
2026-05-31T13:28:13.8095703Z $IIHDG,317.4,,,14.0,W*04
2026-05-31T13:28:13.8894723Z $IIHDG,317.3,,,14.0,W*03
2026-05-31T13:28:13.9363205Z $WIMWD,298.5,T,312.6,M,6.0,N,3.1,M*5E
2026-05-31T13:28:13.9363205Z $WIMWV,355.0,R,5.4,N,A*21
2026-05-31T13:28:13.9395561Z $WIMWV,354.9,T,6.0,N,A*28
2026-05-31T13:28:13.9902211Z $IIHDG,317.3,,,14.0,W*03
2026-05-31T13:28:14.0310694Z $IIXDR,C,13.1,C,AIRTEMP,A,3.1,D,HEEL,A,0.1,D,TRIM,P,1.015,B,BARO,A,-0.2,D,RUDDER*33
2026-05-31T13:28:14.0788922Z $GNGGA,132812,4230.0921,N,07050.4986,W,2,00,0.50,8,M,-32.6,M,,*41
2026-05-31T13:28:14.1268039Z $IIHDG,317.3,,,14.0,W*03
2026-05-31T13:28:14.1268039Z $GPGLC,9960,,,13928.94,A,25847.50,A,44324.31,A,60280.08,A,,*73
2026-05-31T13:28:14.1750334Z $GPGLL,4230.0921,N,07050.4985,W,132812,A,D*56
2026-05-31T13:28:14.2220492Z !AIVDM,1,1,,,E>k`vt<r0h@@@@@@@@@@@@@@@@@=MwTH<E=u@00000000?,4*12
2026-05-31T13:28:14.2220492Z $GNGSA,A,3,,,,,,,,,,,,,0.70,0.50,0.50*1B
2026-05-31T13:28:14.2220492Z $GNGSV,3,1,11,01,12,054,,03,37,058,,06,61,249,,11,21,239,*69
2026-05-31T13:28:14.2220492Z $GNGSV,3,2,11,12,08,320,,14,39,166,,17,67,067,,19,68,323,*60
2026-05-31T13:28:14.2220492Z $GNGSV,3,3,11,22,58,174,,24,13,284,,44,23,237,*55
2026-05-31T13:28:14.2220492Z $IIHDG,317.3,,,14.0,W*03
2026-05-31T13:28:14.2220492Z !AIVDM,1,1,,,15O=hk5u1AJsGW@H>k;1MA840000,0*5C
2026-05-31T13:28:14.2701918Z $GPRMC,132812,A,4230.0921,N,07050.4985,W,0.1,210.0,310526,14.1,W,D*2D
2026-05-31T13:28:14.2701918Z $GPVTG,210.0,T,224.1,M,0.1,N,0.1,K,A*25
2026-05-31T13:28:14.3175579Z $GPZDA,132812,31,05,2026,04,00*46
2026-05-31T13:28:14.3175579Z $IIHDG,317.3,,,14.0,W*03
2026-05-31T13:28:14.4072757Z $IIHDG,317.2,,,14.0,W*02
2026-05-31T13:28:14.4637083Z $GPAAM,,,,N,*38
2026-05-31T13:28:14.4637083Z $GPAPB,,,,,,,,,,,,,,,N*26
2026-05-31T13:28:14.5093227Z $GPBOD,,T,,M,,*47
2026-05-31T13:28:14.5093227Z $IIHDG,317.2,,,14.0,W*02
2026-05-31T13:28:14.5570534Z $GPRMB,,,,,,,,,,,,,,N*04
2026-05-31T13:28:14.6066155Z $GPXTE,,,,,N,N*5E
2026-05-31T13:28:14.6066155Z $SDDBT,27.7,f,8.4,M,4.6,F*3A
2026-05-31T13:28:14.6523308Z $SDDPT,8.5,0.0,*76
2026-05-31T13:28:14.6523308Z $IIHDG,317.2,,,14.0,W*02
2026-05-31T13:28:14.6999909Z $SDMTW,14.8,C*09
2026-05-31T13:28:14.6999909Z !AIVDM,1,1,,,15NO=dP000JroUHH>Wt:H5`L0000,0*2F
2026-05-31T13:28:14.7513930Z $IIHDG,317.2,,,14.0,W*02
2026-05-31T13:28:14.7513930Z $SDVLW,,N,,N,,N,,N*5A
2026-05-31T13:28:14.7962459Z $SDVHW,303.1,T,317.2,M,0.0,N,0.0,K*44
2026-05-31T13:28:14.8427943Z $IIHDG,317.2,,,14.0,W*02
2026-05-31T13:28:14.8919590Z !AIVDM,1,1,,,19NSfbh000rrnu@H>W:3S8FF0000,0*36
2026-05-31T13:28:14.8919590Z $WIMWD,297.7,T,311.7,M,6.5,N,3.3,M*56
2026-05-31T13:28:14.9379915Z $WIMWV,354.5,R,5.7,N,A*26
2026-05-31T13:28:14.9379915Z $WIMWV,354.5,T,6.5,N,A*21
2026-05-31T13:28:14.9379915Z $IIHDG,317.2,,,14.0,W*02
2026-05-31T13:28:15.0126396Z $IIXDR,C,13.1,C,AIRTEMP,A,3.6,D,HEEL,A,-0.1,D,TRIM,P,1.016,B,BARO,A,-0.4,D,RUDDER*1C
2026-05-31T13:28:15.0655899Z $IIHDG,317.2,,,14.0,W*02
2026-05-31T13:28:15.1141223Z $GNGGA,132813,4230.0920,N,07050.4986,W,2,00,0.50,8,M,-32.6,M,,*41
2026-05-31T13:28:15.1141223Z $GPGLC,9960,,,13928.94,A,25847.50,A,44324.31,A,60280.08,A,,*73
2026-05-31T13:28:15.1170843Z !AIVDM,1,1,,,15Ngd70OT4Js?jPH=rtdHIhL0000,0*08
2026-05-31T13:28:15.1622798Z $IIHDG,317.2,,,14.0,W*02
2026-05-31T13:28:15.1622798Z $GPGLL,4230.0921,N,07050.4984,W,132813,A,D*56
2026-05-31T13:28:15.2121764Z $GNGSA,A,3,,,,,,,,,,,,,0.70,0.50,0.50*1B
2026-05-31T13:28:15.2121764Z $GNGSV,3,1,11,01,12,054,,03,37,058,,06,61,249,,11,21,239,*69
2026-05-31T13:28:15.2121764Z $GNGSV,3,2,11,12,08,320,,14,39,166,,17,67,067,,19,68,323,*60
2026-05-31T13:28:15.2131412Z $GNGSV,3,3,11,22,58,174,,24,13,284,,44,23,237,*55
2026-05-31T13:28:15.2579904Z $IIHDG,317.2,,,14.0,W*02
2026-05-31T13:28:15.2579904Z $GPRMC,132813,A,4230.0921,N,07050.4985,W,0.1,210.0,310526,14.1,W,D*2C
2026-05-31T13:28:15.2579904Z $GPVTG,210.0,T,224.1,M,0.1,N,0.1,K,A*25
2026-05-31T13:28:15.3061542Z $GPZDA,132813,31,05,2026,04,00*47
2026-05-31T13:28:15.3544234Z $IIHDG,317.2,,,14.0,W*02
2026-05-31T13:28:15.4028636Z $GPAAM,,,,N,*38
2026-05-31T13:28:15.4656617Z $IIHDG,317.2,,,14.0,W*02
2026-05-31T13:28:15.4656617Z $GPAPB,,,,,,,,,,,,,,,N*26
2026-05-31T13:28:15.5138457Z $GPBOD,,T,,M,,*47
2026-05-31T13:28:15.5618407Z $IIHDG,317.1,,,14.0,W*01
2026-05-31T13:28:15.5618407Z $GPRMB,,,,,,,,,,,,,,N*04
2026-05-31T13:28:15.6256269Z $GPXTE,,,,,N,N*5E
2026-05-31T13:28:15.6256269Z $SDDBT,27.6,f,8.4,M,4.6,F*3B
2026-05-31T13:28:15.6256269Z $SDDPT,8.4,0.0,*77
2026-05-31T13:28:15.6256269Z $IIHDG,317.1,,,14.0,W*01
2026-05-31T13:28:15.6892447Z !AIVDM,1,1,,,15NKP50000rrsQ8H@W5TLApN0000,0*14
2026-05-31T13:28:15.6892447Z $SDMTW,14.8,C*09
2026-05-31T13:28:15.7368135Z $IIHDG,317.1,,,14.0,W*01
2026-05-31T13:28:15.7368135Z $SDVLW,,N,,N,,N,,N*5A
2026-05-31T13:28:15.7856240Z $SDVHW,303.0,T,317.1,M,0.0,N,0.0,K*46
2026-05-31T13:28:15.8325014Z !AIVDM,1,1,,,15NwCQPOPKrs>U8HBfc;qJ0J0000,0*6B
2026-05-31T13:28:15.8325014Z $IIHDG,317.1,,,14.0,W*01
2026-05-31T13:28:15.8803356Z $WIMWD,297.5,T,311.5,M,6.4,N,3.3,M*57
2026-05-31T13:28:15.9435354Z $WIMWV,354.5,R,6.0,N,A*22
2026-05-31T13:28:15.9435354Z $WIMWV,354.5,T,6.4,N,A*20
2026-05-31T13:28:15.9435354Z $IIHDG,317.1,,,14.0,W*01
2026-05-31T13:28:16.0069722Z $IIXDR,C,13.1,C,AIRTEMP,A,2.5,D,HEEL,A,0.2,D,TRIM,P,1.015,B,BARO,A,-0.4,D,RUDDER*33
2026-05-31T13:28:16.0700194Z $IIHDG,317.1,,,14.0,W*01
2026-05-31T13:28:16.0700194Z $GNGGA,132814,4230.0922,N,07050.4985,W,2,00,0.50,8,M,-32.6,M,,*47
2026-05-31T13:28:16.1170214Z $GPGLC,9960,,,13928.94,A,25847.50,A,44324.31,A,60280.08,A,,*73
2026-05-31T13:28:16.1679965Z $IIHDG,317.1,,,14.0,W*01
2026-05-31T13:28:16.1679965Z !AIVDM,1,1,,,B52oU<@13VfsgL65N3jP3wP00000,0*6E
2026-05-31T13:28:16.1679965Z $GPGLL,4230.0922,N,07050.4985,W,132814,A,D*53
2026-05-31T13:28:16.2135719Z $GNGSA,A,3,,,,,,,,,,,,,0.70,0.50,0.50*1B
2026-05-31T13:28:16.2135719Z $GNGSV,3,1,11,01,12,054,,03,37,058,,06,61,249,,11,21,239,*69
2026-05-31T13:28:16.2135719Z $GNGSV,3,2,11,12,08,320,,14,39,166,,17,67,067,,19,68,323,*60
2026-05-31T13:28:16.2135719Z $GNGSV,3,3,11,22,58,174,,24,13,284,,44,23,237,*55
2026-05-31T13:28:16.2601933Z $IIHDG,317.1,,,14.0,W*01
2026-05-31T13:28:16.2601933Z $GPRMC,132814,A,4230.0922,N,07050.4985,W,0.1,210.0,310526,14.1,W,D*28
2026-05-31T13:28:16.2601933Z $GPVTG,210.0,T,224.1,M,0.1,N,0.1,K,A*25
2026-05-31T13:28:16.3066905Z $GPZDA,132814,31,05,2026,04,00*40
2026-05-31T13:28:16.3066905Z !AIVDM,1,1,,,18IPTf001Nrs@mPH>blQj1DF0000,0*36
2026-05-31T13:28:16.3548956Z $IIHDG,317.1,,,14.0,W*01
2026-05-31T13:28:16.3548956Z !AIVDM,1,1,,,152l5NhPQbrs@o@H>hSQ=@tL0000,0*7A
2026-05-31T13:28:16.4160101Z $GPAAM,,,,N,*38
2026-05-31T13:28:16.4658455Z $IIHDG,317.1,,,14.0,W*01
2026-05-31T13:28:16.4658455Z $GPAPB,,,,,,,,,,,,,,,N*26
2026-05-31T13:28:16.5137672Z $GPBOD,,T,,M,,*47
2026-05-31T13:28:16.5618381Z $IIHDG,317.1,,,14.0,W*01
2026-05-31T13:28:16.5618381Z $GPRMB,,,,,,,,,,,,,,N*04
2026-05-31T13:28:16.6095104Z $GPXTE,,,,,N,N*5E
2026-05-31T13:28:16.6095104Z $SDDBT,27.5,f,8.4,M,4.5,F*3B
2026-05-31T13:28:16.6095104Z $SDDPT,8.4,0.0,*77
2026-05-31T13:28:16.6577895Z $IIHDG,317.1,,,14.0,W*01
2026-05-31T13:28:16.7206023Z $SDMTW,14.8,C*09
2026-05-31T13:28:16.7673539Z $SDVLW,,N,,N,,N,,N*5A
2026-05-31T13:28:16.8154704Z $SDVHW,303.0,T,317.1,M,0.0,N,0.0,K*46
2026-05-31T13:28:16.8154704Z $IIHDG,317.1,,,14.0,W*01
2026-05-31T13:28:16.8628705Z $IIHDG,317.1,,,14.0,W*01
2026-05-31T13:28:16.9268244Z $WIMWD,296.5,T,310.6,M,6.4,N,3.3,M*54
2026-05-31T13:28:16.9268244Z $WIMWV,353.2,R,6.2,N,A*20
2026-05-31T13:28:16.9268244Z $WIMWV,353.7,T,6.4,N,A*25
2026-05-31T13:28:16.9770326Z $IIHDG,317.0,,,14.0,W*00
2026-05-31T13:28:17.0225335Z $IIXDR,C,13.1,C,AIRTEMP,A,1.1,D,HEEL,A,0.3,D,TRIM,P,1.016,B,BARO,A,-0.2,D,RUDDER*30
2026-05-31T13:28:17.0703454Z $GNGGA,132815,4230.0922,N,07050.4985,W,2,00,0.50,8,M,-32.6,M,,*46
2026-05-31T13:28:17.1187458Z $IIHDG,317.1,,,14.0,W*01
2026-05-31T13:28:17.1187458Z $GPGLC,9960,,,13928.94,A,25847.50,A,44324.31,A,60280.08,A,,*73
2026-05-31T13:28:17.1663583Z $GPGLL,4230.0922,N,07050.4985,W,132815,A,D*52
2026-05-31T13:28:17.2115888Z $IIHDG,317.0,,,14.0,W*00
2026-05-31T13:28:17.2115888Z $GNGSA,A,3,,,,,,,,,,,,,0.70,0.50,0.50*1B
2026-05-31T13:28:17.2115888Z $GNGSV,3,1,11,01,12,054,,03,37,058,,06,61,249,,11,21,239,*69
2026-05-31T13:28:17.2115888Z $GNGSV,3,2,11,12,08,320,,14,39,166,,17,67,067,,19,68,323,*60
2026-05-31T13:28:17.2115888Z $GNGSV,3,3,11,22,58,174,,24,13,284,,44,23,237,*55
2026-05-31T13:28:17.2593509Z $GPRMC,132815,A,4230.0922,N,07050.4985,W,0.1,210.0,310526,14.1,W,D*29
2026-05-31T13:28:17.2593509Z $GPVTG,210.0,T,224.1,M,0.1,N,0.2,K,A*26
2026-05-31T13:28:17.3075441Z $IIHDG,317.0,,,14.0,W*00
2026-05-31T13:28:17.3075441Z $GPZDA,132815,31,05,2026,04,00*41
2026-05-31T13:28:17.3823583Z $IIHDG,317.0,,,14.0,W*00
2026-05-31T13:28:17.4353614Z $GPAAM,,,,N,*38
2026-05-31T13:28:17.4831577Z $GPAPB,,,,,,,,,,,,,,,N*26
2026-05-31T13:28:17.4831577Z $GPBOD,,T,,M,,*47
2026-05-31T13:28:17.4874955Z $IIHDG,317.0,,,14.0,W*00
2026-05-31T13:28:17.5475080Z $GPRMB,,,,,,,,,,,,,,N*04
2026-05-31T13:28:17.5958904Z $GPXTE,,,,,N,N*5E
2026-05-31T13:28:17.5958904Z $IIHDG,317.0,,,14.0,W*00
2026-05-31T13:28:17.6441237Z $SDDBT,27.6,f,8.4,M,4.6,F*3B
2026-05-31T13:28:17.6441237Z $SDDPT,8.4,0.0,*77
2026-05-31T13:28:17.6915731Z $SDMTW,14.8,C*09
2026-05-31T13:28:17.6915731Z $IIHDG,317.0,,,14.0,W*00
2026-05-31T13:28:17.7394436Z $SDVLW,,N,,N,,N,,N*5A
2026-05-31T13:28:17.7894171Z $SDVHW,303.0,T,317.0,M,0.0,N,0.0,K*47
2026-05-31T13:28:17.7894171Z $IIHDG,317.0,,,14.0,W*00
2026-05-31T13:28:17.8848819Z $IIHDG,317.0,,,14.0,W*00
2026-05-31T13:28:17.9330432Z $WIMWD,295.8,T,309.8,M,6.6,N,3.4,M*59
2026-05-31T13:28:17.9330432Z $WIMWV,352.8,R,6.3,N,A*2A
2026-05-31T13:28:17.9330432Z $WIMWV,352.9,T,6.6,N,A*28
2026-05-31T13:28:17.9812130Z $IIHDG,317.0,,,14.0,W*00
2026-05-31T13:28:18.0295725Z $IIXDR,C,13.1,C,AIRTEMP,A,1.8,D,HEEL,A,0.1,D,TRIM,P,1.015,B,BARO,A,-0.2,D,RUDDER*38
2026-05-31T13:28:18.0800940Z $GNGGA,132816,4230.0923,N,07050.4984,W,2,00,0.50,8,M,-32.6,M,,*45
2026-05-31T13:28:18.1261669Z $IIHDG,317.0,,,14.0,W*00
2026-05-31T13:28:18.1261669Z $GPGLC,9960,,,13928.94,A,25847.50,A,44324.31,A,60280.08,A,,*73
2026-05-31T13:28:18.1746058Z $GPGLL,4230.0923,N,07050.4984,W,132816,A,D*51
2026-05-31T13:28:18.2215220Z !AIVDM,1,1,,,ENk`sl>`@@@@@@@@@@@@@@@@@@@=OTgH<LwsP00000000?,4*70
2026-05-31T13:28:18.2215220Z $GNGSA,A,3,,,,,,,,,,,,,0.70,0.50,0.50*1B
2026-05-31T13:28:18.2215220Z $GNGSV,3,1,11,01,12,054,,03,37,058,,06,61,249,,11,21,239,*69
2026-05-31T13:28:18.2215220Z $GNGSV,3,2,11,12,08,320,,14,39,166,,17,67,067,,19,68,323,*60
2026-05-31T13:28:18.2215220Z $GNGSV,3,3,11,22,58,174,,24,13,284,,44,23,237,*55
2026-05-31T13:28:18.2215220Z $IIHDG,317.0,,,14.0,W*00
2026-05-31T13:28:18.2690950Z $GPRMC,132816,A,4230.0923,N,07050.4984,W,0.1,210.0,310526,14.1,W,D*2A
2026-05-31T13:28:18.2690950Z $GPVTG,210.0,T,224.1,M,0.1,N,0.1,K,A*25
2026-05-31T13:28:18.3168506Z $GPZDA,132816,31,05,2026,04,00*42
2026-05-31T13:28:18.3193613Z $IIHDG,317.0,,,14.0,W*00
2026-05-31T13:28:18.3661952Z !AIVDM,1,1,,,B5Nc8PP00>fq0265L?H03wP00000,0*02
2026-05-31T13:28:18.4277871Z $IIHDG,317.0,,,14.0,W*00
2026-05-31T13:28:18.4761123Z $GPAAM,,,,N,*38
2026-05-31T13:28:18.4761123Z $GPAPB,,,,,,,,,,,,,,,N*26
2026-05-31T13:28:18.4761123Z $GPBOD,,T,,M,,*47
2026-05-31T13:28:18.5237047Z $IIHDG,317.0,,,14.0,W*00
2026-05-31T13:28:18.5751324Z $GPRMB,,,,,,,,,,,,,,N*04
2026-05-31T13:28:18.5751324Z $GPXTE,,,,,N,N*5E
2026-05-31T13:28:18.6199370Z $SDDBT,27.6,f,8.4,M,4.6,F*3B
2026-05-31T13:28:18.6199370Z $SDDPT,8.4,0.0,*77
2026-05-31T13:28:18.6199370Z $IIHDG,317.0,,,14.0,W*00
2026-05-31T13:28:18.6666881Z $SDMTW,14.8,C*09
2026-05-31T13:28:18.7142944Z $IIHDG,317.0,,,14.0,W*00
2026-05-31T13:28:18.7638015Z $SDVLW,,N,,N,,N,,N*5A
2026-05-31T13:28:18.8108172Z $SDVHW,302.9,T,317.0,M,0.0,N,0.0,K*4F
2026-05-31T13:28:18.8108172Z !AIVDM,1,1,,,152Wpn<01JrsKKhH?lO2qB@L2000,0*5D
2026-05-31T13:28:18.8605445Z $IIHDG,317.0,,,14.0,W*00
2026-05-31T13:28:18.9060803Z $WIMWD,297.3,T,311.4,M,7.0,N,3.6,M*50
2026-05-31T13:28:18.9060803Z $WIMWV,353.9,R,6.5,N,A*2C
2026-05-31T13:28:18.9060803Z $WIMWV,354.1,T,7.0,N,A*21
2026-05-31T13:28:18.9538795Z $IIHDG,316.9,,,14.0,W*08
2026-05-31T13:28:19.0173943Z $IIXDR,C,13.1,C,AIRTEMP,A,4.2,D,HEEL,A,0.6,D,TRIM,P,1.016,B,BARO,A,-0.4,D,RUDDER*35
2026-05-31T13:28:19.0652620Z $IIHDG,316.9,,,14.0,W*08
2026-05-31T13:28:19.1135488Z $GNGGA,132817,4230.0923,N,07050.4985,W,2,00,0.50,8,M,-32.6,M,,*45
2026-05-31T13:28:19.1135488Z !AIVDM,1,1,,,35N1c70000JrmvpH?GD9KU`R0000,0*78
2026-05-31T13:28:19.1135488Z $GPGLC,9960,,,13928.94,A,25847.50,A,44324.31,A,60280.08,A,,*73
2026-05-31T13:28:19.1614361Z $IIHDG,316.9,,,14.0,W*08
2026-05-31T13:28:19.1614361Z $GPGLL,4230.0923,N,07050.4985,W,132817,A,D*51
2026-05-31T13:28:19.2250543Z $GNGSA,A,3,,,,,,,,,,,,,0.70,0.50,0.50*1B
2026-05-31T13:28:19.2250543Z $GNGSV,3,1,11,01,12,054,,03,37,058,,06,61,249,,11,21,239,*69
2026-05-31T13:28:19.2250543Z $GNGSV,3,2,11,12,08,320,,14,39,166,,17,67,067,,19,68,323,*60
2026-05-31T13:28:19.2263708Z $GNGSV,3,3,11,22,58,174,,24,13,284,,44,23,237,*55
2026-05-31T13:28:19.2747731Z $IIHDG,316.9,,,14.0,W*08
2026-05-31T13:28:19.2747731Z $GPRMC,132817,A,4230.0923,N,07050.4985,W,0.1,210.0,310526,14.1,W,D*2A
2026-05-31T13:28:19.2767777Z $GPVTG,210.0,T,224.1,M,0.1,N,0.1,K,A*25
2026-05-31T13:28:19.3208303Z $GPZDA,132817,31,05,2026,04,00*43
2026-05-31T13:28:19.3682658Z $IIHDG,316.9,,,14.0,W*08
2026-05-31T13:28:19.4160444Z $GPAAM,,,,N,*38
2026-05-31T13:28:19.4639304Z $IIHDG,316.8,,,14.0,W*09
2026-05-31T13:28:19.4639304Z $GPAPB,,,,,,,,,,,,,,,N*26
2026-05-31T13:28:19.5121050Z $GPBOD,,T,,M,,*47
2026-05-31T13:28:19.5599237Z $IIHDG,316.8,,,14.0,W*09
2026-05-31T13:28:19.5599237Z $GPRMB,,,,,,,,,,,,,,N*04
2026-05-31T13:28:19.6089306Z $GPXTE,,,,,N,N*5E
2026-05-31T13:28:19.6089306Z $SDDBT,27.6,f,8.4,M,4.6,F*3B
2026-05-31T13:28:19.6547825Z $SDDPT,8.4,0.0,*77
2026-05-31T13:28:19.6547825Z $IIHDG,316.8,,,14.0,W*09
2026-05-31T13:28:19.7032883Z $SDMTW,14.8,C*09
2026-05-31T13:28:19.7032883Z !AIVDM,1,1,,,35NwCQPOPGrs>T@HBfg<<:4R0000,0*3E
2026-05-31T13:28:19.7510577Z $IIHDG,316.8,,,14.0,W*09
2026-05-31T13:28:19.7510577Z $SDVLW,,N,,N,,N,,N*5A
2026-05-31T13:28:19.7984548Z $SDVHW,302.8,T,316.8,M,0.0,N,0.0,K*47
2026-05-31T13:28:19.8461675Z !AIVDM,1,1,,,35NO=iPPP6JrouHH>WecS7@V0000,0*6D
2026-05-31T13:28:19.8461675Z $IIHDG,316.9,,,14.0,W*08
2026-05-31T13:28:19.9008167Z $WIMWD,298.8,T,312.9,M,6.8,N,3.5,M*50
2026-05-31T13:28:19.9433525Z $WIMWV,356.0,R,6.6,N,A*23
2026-05-31T13:28:19.9433525Z $WIMWV,355.8,T,6.8,N,A*20
2026-05-31T13:28:19.9433525Z $IIHDG,316.9,,,14.0,W*08
2026-05-31T13:28:19.9890536Z !AIVDM,1,1,,,15N:gRP000rrhaHH?CIbgGjV0000,0*00
2026-05-31T13:28:20.0368741Z $IIXDR,C,13.1,C,AIRTEMP,A,4.2,D,HEEL,A,0.0,D,TRIM,P,1.015,B,BARO,A,-0.3,D,RUDDER*37
2026-05-31T13:28:20.0368741Z $IIHDG,316.9,,,14.0,W*08
2026-05-31T13:28:20.0851266Z $GNGGA,132818,4230.0922,N,07050.4985,W,2,00,0.50,8,M,-32.6,M,,*4B
2026-05-31T13:28:20.1326702Z $GPGLC,9960,,,13928.94,A,25847.50,A,44324.31,A,60280.08,A,,*73
2026-05-31T13:28:20.1806239Z $IIHDG,317.0,,,14.0,W*00
2026-05-31T13:28:20.1806239Z $GPGLL,4230.0922,N,07050.4985,W,132818,A,D*5F
2026-05-31T13:28:20.2267675Z $GNGSA,A,3,,,,,,,,,,,,,0.70,0.50,0.60*18
2026-05-31T13:28:20.2267675Z $GNGSV,3,1,11,01,12,054,,03,37,058,,06,61,249,,11,21,239,*69
2026-05-31T13:28:20.2267675Z $GNGSV,3,2,11,12,08,320,,14,39,166,,17,67,067,,19,68,323,*60
2026-05-31T13:28:20.2267675Z $GNGSV,3,3,11,22,58,174,,24,13,284,,44,23,237,*55
2026-05-31T13:28:20.2748729Z $IIHDG,317.0,,,14.0,W*00
2026-05-31T13:28:20.2748729Z $GPRMC,132818,A,4230.0922,N,07050.4985,W,0.1,210.0,310526,14.1,W,D*24
2026-05-31T13:28:20.2748729Z $GPVTG,210.0,T,224.1,M,0.1,N,0.1,K,A*25
2026-05-31T13:28:20.3232304Z $GPZDA,132818,31,05,2026,04,00*4C
2026-05-31T13:28:20.3717468Z $IIHDG,317.1,,,14.0,W*01
2026-05-31T13:28:20.4197256Z $GPAAM,,,,N,*38
2026-05-31T13:28:20.4676209Z $IIHDG,317.2,,,14.0,W*02
2026-05-31T13:28:20.4676209Z $GPAPB,,,,,,,,,,,,,,,N*26
2026-05-31T13:28:20.5160845Z $GPBOD,,T,,M,,*47
2026-05-31T13:28:20.5657935Z $IIHDG,317.2,,,14.0,W*02
2026-05-31T13:28:20.5657935Z $GPRMB,,,,,,,,,,,,,,N*04
2026-05-31T13:28:20.6125055Z $GPXTE,,,,,N,N*5E
2026-05-31T13:28:20.6125055Z $SDDBT,27.6,f,8.4,M,4.6,F*3B
2026-05-31T13:28:20.6125055Z $SDDPT,8.4,0.0,*77
2026-05-31T13:28:20.6598928Z $IIHDG,317.3,,,14.0,W*03
2026-05-31T13:28:20.6669385Z !AIVDM,1,1,,,18I<UK00P>rt@4pHC3cQg1h<0000,0*61
2026-05-31T13:28:20.7076224Z $SDMTW,14.8,C*09
2026-05-31T13:28:20.7558937Z $SDVLW,,N,,N,,N,,N*5A
2026-05-31T13:28:20.7558937Z $IIHDG,317.4,,,14.0,W*04
2026-05-31T13:28:20.8040669Z $SDVHW,303.3,T,317.4,M,0.0,N,0.0,K*40
2026-05-31T13:28:20.8537386Z $IIHDG,317.4,,,14.0,W*04
2026-05-31T13:28:20.9009623Z $WIMWD,299.7,T,313.7,M,7.2,N,3.7,M*58
2026-05-31T13:28:20.9475881Z $WIMWV,356.3,R,6.8,N,A*2E
2026-05-31T13:28:20.9475881Z $WIMWV,356.3,T,7.2,N,A*23
2026-05-31T13:28:20.9475881Z $IIHDG,317.5,,,14.0,W*05
2026-05-31T13:28:21.0103880Z $IIXDR,C,13.1,C,AIRTEMP,A,1.5,D,HEEL,A,0.1,D,TRIM,P,1.016,B,BARO,A,-0.3,D,RUDDER*37
2026-05-31T13:28:21.0582890Z $IIHDG,317.5,,,14.0,W*05
2026-05-31T13:28:21.1059115Z $GNGGA,132819,4230.0922,N,07050.4984,W,2,00,0.50,8,M,-32.6,M,,*4B
2026-05-31T13:28:21.1059115Z $GPGLC,9960,,,13928.94,A,25847.50,A,44324.31,A,60280.08,A,,*73
2026-05-31T13:28:21.1540788Z $IIHDG,317.5,,,14.0,W*05
2026-05-31T13:28:21.1540788Z $GPGLL,4230.0922,N,07050.4984,W,132819,A,D*5F
2026-05-31T13:28:21.2018380Z $GNGSA,A,3,,,,,,,,,,,,,0.70,0.50,0.50*1B
2026-05-31T13:28:21.2018380Z $GNGSV,3,1,11,01,12,054,,03,37,058,,06,61,249,,11,21,239,*69
2026-05-31T13:28:21.2018380Z $GNGSV,3,2,11,12,08,320,,14,39,166,,17,67,067,,19,68,323,*60
2026-05-31T13:28:21.2018380Z $GNGSV,3,3,11,22,58,174,,24,13,284,,44,23,237,*55
2026-05-31T13:28:21.2516626Z $GPRMC,132819,A,4230.0922,N,07050.4984,W,0.1,210.0,310526,14.1,W,D*24
2026-05-31T13:28:21.2516626Z $IIHDG,317.5,,,14.0,W*05
2026-05-31T13:28:21.3060453Z !AIVDM,1,1,,,352l5NhPQbrs@r@H>i3Q80rV0000,0*6D
2026-05-31T13:28:21.3060453Z $GPVTG,210.0,T,224.1,M,0.1,N,0.1,K,A*25
2026-05-31T13:28:21.3060453Z $GPZDA,132819,31,05,2026,04,00*4D
2026-05-31T13:28:21.3552261Z $IIHDG,317.5,,,14.0,W*05
2026-05-31T13:28:21.4186575Z $GPAAM,,,,N,*38
2026-05-31T13:28:21.4658197Z !AIVDM,1,1,,,B52oU<@19VfscP65MurOGwP00000,0*4A
2026-05-31T13:28:21.4658197Z $IIHDG,317.5,,,14.0,W*05
2026-05-31T13:28:21.4658197Z $GPAPB,,,,,,,,,,,,,,,N*26
2026-05-31T13:28:21.5135672Z $GPBOD,,T,,M,,*47
2026-05-31T13:28:21.5135672Z !AIVDM,1,1,,,35NwCQPOPErs>ShHBfi<B:6V0000,0*65
2026-05-31T13:28:21.5619763Z $IIHDG,317.5,,,14.0,W*05
2026-05-31T13:28:21.5619763Z $GPRMB,,,,,,,,,,,,,,N*04
2026-05-31T13:28:21.6101947Z $GPXTE,,,,,N,N*5E
2026-05-31T13:28:21.6101947Z $SDDBT,27.6,f,8.4,M,4.6,F*3B
2026-05-31T13:28:21.6579587Z $SDDPT,8.4,0.0,*77
2026-05-31T13:28:21.7062030Z $IIHDG,317.5,,,14.0,W*05
2026-05-31T13:28:21.7062030Z $SDMTW,14.8,C*09
2026-05-31T13:28:21.7539775Z $SDVLW,,N,,N,,N,,N*5A
2026-05-31T13:28:21.8045417Z $IIHDG,317.5,,,14.0,W*05
2026-05-31T13:28:21.8045417Z $SDVHW,303.4,T,317.5,M,0.0,N,0.0,K*46
2026-05-31T13:28:21.8822281Z $IIHDG,317.4,,,14.0,W*04
2026-05-31T13:28:21.9299064Z $WIMWD,299.3,T,313.3,M,6.5,N,3.3,M*5A
2026-05-31T13:28:21.9299064Z $WIMWV,355.8,R,6.9,N,A*27
2026-05-31T13:28:21.9299064Z $WIMWV,355.8,T,6.5,N,A*2D
2026-05-31T13:28:21.9837487Z $IIHDG,317.4,,,14.0,W*04
2026-05-31T13:28:22.0274588Z $IIXDR,C,13.1,C,AIRTEMP,A,0.6,D,HEEL,A,0.6,D,TRIM,P,1.015,B,BARO,A,-0.2,D,RUDDER*30
2026-05-31T13:28:22.0733721Z $GNGGA,132820,4230.0923,N,07050.4984,W,2,00,0.50,8,M,-32.6,M,,*40
2026-05-31T13:28:22.1211064Z $IIHDG,317.4,,,14.0,W*04
2026-05-31T13:28:22.1211064Z $GPGLC,9960,,,13928.94,A,25847.50,A,44324.31,A,60280.08,A,,*73
2026-05-31T13:28:22.1717020Z $GPGLL,4230.0923,N,07050.4984,W,132820,A,D*54
2026-05-31T13:28:22.2164086Z !AIVDM,1,1,,,E>k`vt<r0h@@@@@@@@@@@@@@@@@=MwTH<E=u@00000000?,4*12
2026-05-31T13:28:22.2164086Z $IIHDG,317.3,,,14.0,W*03
2026-05-31T13:28:22.2164086Z $GNGSA,A,3,,,,,,,,,,,,,0.70,0.50,0.50*1B
2026-05-31T13:28:22.2164086Z $GNGSV,3,1,11,01,12,054,,03,37,058,,06,61,249,,11,21,239,*69
2026-05-31T13:28:22.2164086Z $GNGSV,3,2,11,12,08,320,,14,39,166,,17,67,067,,19,68,323,*60
2026-05-31T13:28:22.2164086Z $GNGSV,3,3,11,22,58,174,,24,13,284,,44,23,237,*55
2026-05-31T13:28:22.2164086Z !AIVDM,1,1,,,15MnF7<00EJrrNPH>gwdAI`b0000,0*14
2026-05-31T13:28:22.2643392Z $GPRMC,132820,A,4230.0923,N,07050.4984,W,0.0,210.0,310526,14.1,W,D*2E
2026-05-31T13:28:22.2643392Z !AIVDM,1,1,,,H52M=24T000000000000000P5220,0*6F
2026-05-31T13:28:22.2643392Z $GPVTG,210.0,T,224.1,M,0.0,N,0.0,K,A*25
2026-05-31T13:28:22.3125438Z $GPZDA,132820,31,05,2026,04,00*47
2026-05-31T13:28:22.3125438Z $IIHDG,317.3,,,14.0,W*03
2026-05-31T13:28:22.3760920Z !AIVDM,1,1,,,15OGwBPP0qJrlLhH?6nTo?v`0000,0*52
2026-05-31T13:28:22.4398601Z $IIHDG,317.3,,,14.0,W*03
2026-05-31T13:28:22.4398601Z $GPAAM,,,,N,*38
2026-05-31T13:28:22.4877223Z $GPAPB,,,,,,,,,,,,,,,N*26
2026-05-31T13:28:22.4877223Z $GPBOD,,T,,M,,*47
2026-05-31T13:28:22.4877223Z !AIVDM,1,1,,,15Ngd70044Js?TPH=tK<Kqjd0000,0*59
2026-05-31T13:28:22.5359150Z $IIHDG,317.3,,,14.0,W*03
2026-05-31T13:28:22.5359150Z !AIVDM,1,1,,,352l5Nh01crs@rhH>i;17Pt`0000,0*73
2026-05-31T13:28:22.5839207Z $GPRMB,,,,,,,,,,,,,,N*04
2026-05-31T13:28:22.5839207Z $GPXTE,,,,,N,N*5E
2026-05-31T13:28:22.6322051Z $IIHDG,317.3,,,14.0,W*03
2026-05-31T13:28:22.6322051Z $SDDBT,27.9,f,8.5,M,4.6,F*35
2026-05-31T13:28:22.6322051Z $SDDPT,8.5,0.0,*76
2026-05-31T13:28:22.6802859Z $SDMTW,14.8,C*09
2026-05-31T13:28:22.7276015Z $IIHDG,317.3,,,14.0,W*03
2026-05-31T13:28:22.7758120Z $SDVLW,,N,,N,,N,,N*5A
2026-05-31T13:28:22.8235383Z $SDVHW,303.3,T,317.4,M,0.0,N,0.0,K*40
2026-05-31T13:28:22.8235383Z $IIHDG,317.4,,,14.0,W*04
2026-05-31T13:28:22.8235383Z !AIVDM,1,1,,,35NO=iP006Jrou@H>Wg<2oBd0000,0*31
2026-05-31T13:28:22.8924254Z $WIMWD,301.1,T,315.2,M,6.2,N,3.2,M*59
2026-05-31T13:28:22.9351862Z $IIHDG,317.4,,,14.0,W*04
2026-05-31T13:28:22.9351862Z $WIMWV,357.6,R,6.6,N,A*24
2026-05-31T13:28:22.9351862Z $WIMWV,357.7,T,6.2,N,A*27
2026-05-31T13:28:22.9996967Z $IIHDG,317.4,,,14.0,W*04
2026-05-31T13:28:23.0490279Z $IIXDR,C,13.1,C,AIRTEMP,A,2.9,D,HEEL,A,0.2,D,TRIM,P,1.016,B,BARO,A,-0.1,D,RUDDER*39
2026-05-31T13:28:23.0944637Z $GNGGA,132821,4230.0922,N,07050.4984,W,2,00,0.50,8,M,-32.6,M,,*40
2026-05-31T13:28:23.0944637Z !AIVDM,1,1,,,15NP?:PP00rtQlhHHMjf4?vb2000,0*77
2026-05-31T13:28:23.0944637Z $IIHDG,317.4,,,14.0,W*04
2026-05-31T13:28:23.1422623Z $GPGLC,9960,,,13928.94,A,25847.50,A,44324.31,A,60280.08,A,,*73
2026-05-31T13:28:23.1915279Z $GPGLL,4230.0922,N,07050.4984,W,132821,A,D*54
2026-05-31T13:28:23.1915279Z $GNGSA,A,3,,,,,,,,,,,,,0.70,0.50,0.50*1B
2026-05-31T13:28:23.1915279Z $GNGSV,3,1,11,01,12,054,,03,37,058,,06,61,249,,11,21,239,*69
2026-05-31T13:28:23.1935403Z $GNGSV,3,2,11,12,08,320,,14,39,166,,17,67,067,,19,68,323,*60
2026-05-31T13:28:23.1935403Z $GNGSV,3,3,11,22,58,174,,24,13,284,,44,23,237,*55
2026-05-31T13:28:23.2387122Z $IIHDG,317.5,,,14.0,W*05
2026-05-31T13:28:23.2862198Z $GPRMC,132821,A,4230.0922,N,07050.4984,W,0.0,210.0,310526,14.1,W,D*2E
2026-05-31T13:28:23.2862198Z $GPVTG,210.0,T,224.1,M,0.0,N,0.0,K,A*25
2026-05-31T13:28:23.2862198Z $GPZDA,132821,31,05,2026,04,00*46
2026-05-31T13:28:23.3339075Z $IIHDG,317.5,,,14.0,W*05
2026-05-31T13:28:23.4136599Z $IIHDG,317.6,,,14.0,W*06
2026-05-31T13:28:23.4611831Z $GPAAM,,,,N,*38
2026-05-31T13:28:23.4611831Z $GPAPB,,,,,,,,,,,,,,,N*26
2026-05-31T13:28:23.4611831Z !AIVDM,1,1,,,H52TGr4U000000000000000h5050,0*70
2026-05-31T13:28:23.5093472Z $GPBOD,,T,,M,,*47
2026-05-31T13:28:23.5093472Z !AIVDM,1,1,,,15NNo2P0h0rroIHH?FRSwV4b0000,0*2F
2026-05-31T13:28:23.5569685Z $IIHDG,317.6,,,14.0,W*06
2026-05-31T13:28:23.5569685Z $GPRMB,,,,,,,,,,,,,,N*04
2026-05-31T13:28:23.6045799Z $GPXTE,,,,,N,N*5E
2026-05-31T13:28:23.6520576Z $SDDBT,28.0,f,8.5,M,4.6,F*33
2026-05-31T13:28:23.6520576Z $SDDPT,8.6,0.0,*75
2026-05-31T13:28:23.6520576Z $IIHDG,317.7,,,14.0,W*07
2026-05-31T13:28:23.7020622Z $SDMTW,14.8,C*09
2026-05-31T13:28:23.7495578Z $IIHDG,317.7,,,14.0,W*07
2026-05-31T13:28:23.7495578Z !AIVDM,1,1,,,15NO=g;P00Jrjq`H@11dbOvb2000,0*47
2026-05-31T13:28:23.7495578Z $SDVLW,,N,,N,,N,,N*5A
2026-05-31T13:28:23.7958039Z $SDVHW,303.7,T,317.7,M,0.0,N,0.0,K*47
2026-05-31T13:28:23.8433205Z $IIHDG,317.7,,,14.0,W*07
2026-05-31T13:28:23.8913332Z $WIMWD,303.4,T,317.5,M,7.3,N,3.8,M*51
2026-05-31T13:28:23.9411112Z $WIMWV,0.2,R,6.7,N,A*20
2026-05-31T13:28:23.9421445Z $WIMWV,0.7,T,7.3,N,A*26
2026-05-31T13:28:23.9421445Z $IIHDG,317.7,,,14.0,W*07
2026-05-31T13:28:24.0186136Z $IIXDR,C,13.1,C,AIRTEMP,A,4.8,D,HEEL,A,0.1,D,TRIM,P,1.015,B,BARO,A,-0.4,D,RUDDER*3B
2026-05-31T13:28:24.0674277Z $IIHDG,317.8,,,14.0,W*08
2026-05-31T13:28:24.1144432Z $GNGGA,132822,4230.0922,N,07050.4984,W,2,00,0.50,8,M,-32.6,M,,*43
2026-05-31T13:28:24.1144432Z $GPGLC,9960,,,13928.94,A,25847.50,A,44324.31,A,60280.08,A,,*73
2026-05-31T13:28:24.1624026Z $IIHDG,317.8,,,14.0,W*08
2026-05-31T13:28:24.1624026Z $GPGLL,4230.0922,N,07050.4984,W,132822,A,D*57
2026-05-31T13:28:24.2098699Z $GNGSA,A,3,,,,,,,,,,,,,0.70,0.50,0.50*1B
2026-05-31T13:28:24.2098699Z $GNGSV,3,1,11,01,12,054,,03,37,058,,06,61,249,,11,21,239,*69
2026-05-31T13:28:24.2098699Z $GNGSV,3,2,11,12,08,320,,14,39,166,,17,67,067,,19,68,323,*60
2026-05-31T13:28:24.2098699Z $GNGSV,3,3,11,22,58,174,,24,13,284,,44,23,237,*55
2026-05-31T13:28:24.2578776Z $IIHDG,317.8,,,14.0,W*08
2026-05-31T13:28:24.2578776Z $GPRMC,132822,A,4230.0921,N,07050.4984,W,0.0,210.0,310526,14.1,W,D*2E
2026-05-31T13:28:24.3083250Z $GPVTG,210.0,T,224.1,M,0.0,N,0.0,K,A*25
2026-05-31T13:28:24.3083250Z $GPZDA,132822,31,05,2026,04,00*45
2026-05-31T13:28:24.3541051Z $IIHDG,317.8,,,14.0,W*08
2026-05-31T13:28:24.4180272Z $GPAAM,,,,N,*38
2026-05-31T13:28:24.4682443Z $IIHDG,317.8,,,14.0,W*08
2026-05-31T13:28:24.4682443Z $GPAPB,,,,,,,,,,,,,,,N*26
2026-05-31T13:28:24.5137988Z $GPBOD,,T,,M,,*47
2026-05-31T13:28:24.5635789Z $IIHDG,317.8,,,14.0,W*08
2026-05-31T13:28:24.5635789Z $GPRMB,,,,,,,,,,,,,,N*04
2026-05-31T13:28:24.6097823Z $GPXTE,,,,,N,N*5E
2026-05-31T13:28:24.6097823Z !AIVDM,1,1,,,15O=hk5t1AJsGf8H>l2QGQ8L0000,0*18
2026-05-31T13:28:24.6097823Z $SDDBT,27.6,f,8.4,M,4.6,F*3B
2026-05-31T13:28:24.6582249Z $SDDPT,8.4,0.0,*77
2026-05-31T13:28:24.6582249Z $IIHDG,317.9,,,14.0,W*09
2026-05-31T13:28:24.7062093Z $SDMTW,14.8,C*09
2026-05-31T13:28:24.7542162Z $SDVLW,,N,,N,,N,,N*5A
2026-05-31T13:28:24.7542162Z $IIHDG,317.9,,,14.0,W*09
2026-05-31T13:28:24.8039015Z $SDVHW,303.8,T,317.9,M,0.0,N,0.0,K*46
2026-05-31T13:28:24.8499600Z !AIVDM,1,1,,,153>KLP000rrh:8H?VW8E6Pf0000,0*68
2026-05-31T13:28:24.8499600Z $IIHDG,317.9,,,14.0,W*09
2026-05-31T13:28:24.8987772Z $WIMWD,307.5,T,321.5,M,6.4,N,3.3,M*5C
2026-05-31T13:28:24.9459927Z $WIMWV,3.3,R,6.8,N,A*2D
2026-05-31T13:28:24.9459927Z $WIMWV,3.3,T,6.4,N,A*27
2026-05-31T13:28:24.9459927Z $IIHDG,317.9,,,14.0,W*09
2026-05-31T13:28:25.0109628Z $IIXDR,C,13.1,C,AIRTEMP,A,3.0,D,HEEL,A,-0.1,D,TRIM,P,1.016,B,BARO,A,-0.3,D,RUDDER*1D
2026-05-31T13:28:25.0743740Z $IIHDG,317.9,,,14.0,W*09
2026-05-31T13:28:25.1228333Z $GNGGA,132823,4230.0921,N,07050.4985,W,2,00,0.50,8,M,-32.6,M,,*40
2026-05-31T13:28:25.1228333Z $GPGLC,9960,,,13928.94,A,25847.50,A,44324.31,A,60280.08,A,,*73
2026-05-31T13:28:25.1712075Z $IIHDG,318.0,,,14.0,W*0F
2026-05-31T13:28:25.1712075Z $GPGLL,4230.0921,N,07050.4985,W,132823,A,D*54
2026-05-31T13:28:25.2184858Z $GNGSA,A,3,,,,,,,,,,,,,0.70,0.50,0.50*1B
2026-05-31T13:28:25.2184858Z $GNGSV,3,1,11,01,12,054,,03,37,058,,06,61,249,,11,21,239,*69
2026-05-31T13:28:25.2184858Z $GNGSV,3,2,11,12,08,320,,14,39,166,,17,67,067,,19,68,323,*60
2026-05-31T13:28:25.2184858Z $GNGSV,3,3,11,22,58,174,,24,13,284,,44,23,237,*55
2026-05-31T13:28:25.2662747Z $IIHDG,318.0,,,14.0,W*0F
2026-05-31T13:28:25.2662747Z $GPRMC,132823,A,4230.0921,N,07050.4985,W,0.0,210.0,310526,14.1,W,D*2E
2026-05-31T13:28:25.2662747Z $GPVTG,210.0,T,224.1,M,0.0,N,0.0,K,A*25
2026-05-31T13:28:25.3143196Z $GPZDA,132823,31,05,2026,04,00*44
2026-05-31T13:28:25.3620841Z $IIHDG,318.0,,,14.0,W*0F
2026-05-31T13:28:25.4102167Z $GPAAM,,,,N,*38
2026-05-31T13:28:25.4758352Z $IIHDG,318.0,,,14.0,W*0F
2026-05-31T13:28:25.4758352Z $GPAPB,,,,,,,,,,,,,,,N*26
2026-05-31T13:28:25.5221656Z $GPBOD,,T,,M,,*47
2026-05-31T13:28:25.5221656Z !AIVDM,1,1,,,15NO=dP000JroU`H>Wr:H5dj0000,0*23
2026-05-31T13:28:25.5701951Z $IIHDG,318.0,,,14.0,W*0F
2026-05-31T13:28:25.5701951Z $GPRMB,,,,,,,,,,,,,,N*04
2026-05-31T13:28:25.6216150Z $GPXTE,,,,,N,N*5E
2026-05-31T13:28:25.6216150Z $SDDBT,27.6,f,8.4,M,4.6,F*3B
2026-05-31T13:28:25.6216150Z $SDDPT,8.4,0.0,*77
2026-05-31T13:28:25.6683891Z $IIHDG,318.0,,,14.0,W*0F
2026-05-31T13:28:25.7155571Z $SDMTW,14.8,C*09
2026-05-31T13:28:25.7623956Z $SDVLW,,N,,N,,N,,N*5A
2026-05-31T13:28:25.7623956Z $IIHDG,318.0,,,14.0,W*0F
2026-05-31T13:28:25.8102326Z !AIVDM,1,1,,,15NKP50000rrsPpH@W64LApj0000,0*1A
2026-05-31T13:28:25.8102326Z $SDVHW,304.0,T,318.0,M,0.0,N,0.0,K*4F
2026-05-31T13:28:25.8102326Z !AIVDM,1,1,,,H52fqn0pv0<tTp<T@Dp<E<000000,0*62
2026-05-31T13:28:25.8582595Z $IIHDG,318.0,,,14.0,W*0F
2026-05-31T13:28:25.9132797Z $WIMWD,307.8,T,321.8,M,5.7,N,2.9,M*57
2026-05-31T13:28:25.9132797Z $WIMWV,3.6,R,6.4,N,A*24
2026-05-31T13:28:25.9132797Z $WIMWV,3.6,T,5.7,N,A*22
2026-05-31T13:28:25.9553201Z $IIHDG,318.0,,,14.0,W*0F
2026-05-31T13:28:26.0013497Z !AIVDM,1,1,,,19NSfbh000rrnu@H>W;SS8Fd0000,0*75
2026-05-31T13:28:26.0512823Z $IIXDR,C,13.1,C,AIRTEMP,A,0.3,D,HEEL,A,0.4,D,TRIM,P,1.015,B,BARO,A,-0.3,D,RUDDER*36
2026-05-31T13:28:26.0512823Z $IIHDG,318.1,,,14.0,W*0E
2026-05-31T13:28:26.0990475Z $GNGGA,132824,4230.0922,N,07050.4984,W,2,00,0.50,8,M,-32.6,M,,*45
2026-05-31T13:28:26.1477864Z $GPGLC,9960,,,13928.94,A,25847.50,A,44324.31,A,60280.08,A,,*73
2026-05-31T13:28:26.1477864Z $IIHDG,318.1,,,14.0,W*0E
2026-05-31T13:28:26.1928706Z $GPGLL,4230.0922,N,07050.4984,W,132824,A,D*51
2026-05-31T13:28:26.1928706Z !AIVDM,1,1,,,ENk`sl>`@@@@@@@@@@@@@@@@@@@=OTgH<LwsP00000000?,4*70
2026-05-31T13:28:26.1928706Z $GNGSA,A,3,,,,,,,,,,,,,0.70,0.50,0.50*1B
2026-05-31T13:28:26.1928706Z $GNGSV,3,1,11,01,11,054,,03,37,058,,06,61,249,,11,21,239,*6A
2026-05-31T13:28:26.1928706Z $GNGSV,3,2,11,12,08,320,,14,39,166,,17,67,067,,19,68,323,*60
2026-05-31T13:28:26.1928706Z $GNGSV,3,3,11,22,58,174,,24,13,284,,44,23,237,*55
2026-05-31T13:28:26.2409109Z $IIHDG,318.1,,,14.0,W*0E
2026-05-31T13:28:26.2895316Z $GPRMC,132824,A,4230.0922,N,07050.4984,W,0.0,210.0,310526,14.1,W,D*2B
2026-05-31T13:28:26.2895316Z $GPVTG,210.0,T,224.1,M,0.0,N,0.0,K,A*25
2026-05-31T13:28:26.2895316Z $GPZDA,132824,31,05,2026,04,00*43
2026-05-31T13:28:26.3376181Z !AIVDM,1,1,,,352l5Nh01ers@u@H>iV15Pth0000,0*3D
2026-05-31T13:28:26.3854082Z $IIHDG,318.1,,,14.0,W*0E
2026-05-31T13:28:26.4335105Z $GPAAM,,,,N,*38
2026-05-31T13:28:26.4808798Z $IIHDG,318.1,,,14.0,W*0E
2026-05-31T13:28:26.4808798Z $GPAPB,,,,,,,,,,,,,,,N*26
2026-05-31T13:28:26.4808798Z $GPBOD,,T,,M,,*47
2026-05-31T13:28:26.5289235Z !AIVDM,1,1,,,18IPTf0PQNrs@uhH>cQ1kQ@b0000,0*0B
2026-05-31T13:28:26.5770218Z !AIVDM,1,1,,,15Ngd70OT5Js?LHH=uB<M9ll0000,0*0F
2026-05-31T13:28:26.5770218Z $IIHDG,318.1,,,14.0,W*0E
2026-05-31T13:28:26.5770218Z $GPRMB,,,,,,,,,,,,,,N*04
2026-05-31T13:28:26.5770218Z $GPXTE,,,,,N,N*5E
2026-05-31T13:28:26.6254013Z $SDDBT,27.6,f,8.4,M,4.6,F*3B
2026-05-31T13:28:26.6254013Z $SDDPT,8.4,0.0,*77
2026-05-31T13:28:26.6846526Z $IIHDG,318.1,,,14.0,W*0E
2026-05-31T13:28:26.7373813Z $SDMTW,14.8,C*09
2026-05-31T13:28:26.7864984Z $SDVLW,,N,,N,,N,,N*5A
2026-05-31T13:28:26.8333474Z $SDVHW,304.0,T,318.1,M,0.0,N,0.0,K*4E
2026-05-31T13:28:26.8333474Z $IIHDG,318.1,,,14.0,W*0E
2026-05-31T13:28:26.8333474Z !AIVDM,1,1,,,B52oU<@1<VfsVH65MmBNkwP00000,0*67
2026-05-31T13:28:26.8333474Z !AIVDM,1,1,,,15N9sFP000rrso@H@`famDpl0000,0*47
2026-05-31T13:28:26.8813220Z $IIHDG,318.1,,,14.0,W*0E
2026-05-31T13:28:26.9459282Z $WIMWD,307.2,T,321.2,M,5.8,N,3.0,M*50
2026-05-31T13:28:26.9459282Z $WIMWV,3.1,R,6.1,N,A*26
2026-05-31T13:28:26.9459282Z $WIMWV,3.1,T,5.8,N,A*2A
2026-05-31T13:28:26.9918491Z $IIHDG,318.1,,,14.0,W*0E
2026-05-31T13:28:27.0402820Z $IIXDR,C,13.1,C,AIRTEMP,A,1.2,D,HEEL,A,0.5,D,TRIM,P,1.016,B,BARO,A,-0.2,D,RUDDER*35
2026-05-31T13:28:27.0879827Z $GNGGA,132825,4230.0923,N,07050.4984,W,2,00,0.50,8,M,-32.6,M,,*45
2026-05-31T13:28:27.1354084Z $IIHDG,318.0,,,14.0,W*0F
2026-05-31T13:28:27.1354084Z $GPGLC,9960,,,13928.94,A,25847.50,A,44324.31,A,60280.08,A,,*73
2026-05-31T13:28:27.1845992Z !AIVDM,1,1,,,15MeF10P00JrjtPH@0caBwvl0000,0*3F
2026-05-31T13:28:27.1845992Z $GPGLL,4230.0923,N,07050.4984,W,132825,A,D*51
2026-05-31T13:28:27.2330812Z $GNGSA,A,3,,,,,,,,,,,,,0.70,0.50,0.50*1B
2026-05-31T13:28:27.2330812Z $GNGSV,3,1,11,01,11,054,,03,37,058,,06,61,249,,11,21,239,*6A
2026-05-31T13:28:27.2330812Z $GNGSV,3,2,11,12,08,320,,14,39,166,,17,67,067,,19,68,323,*60
2026-05-31T13:28:27.2330812Z $GNGSV,3,3,11,22,58,174,,24,13,284,,44,23,237,*55
2026-05-31T13:28:27.2330812Z $IIHDG,318.0,,,14.0,W*0F
2026-05-31T13:28:27.2788223Z $GPRMC,132825,A,4230.0923,N,07050.4984,W,0.0,210.0,310526,14.1,W,D*2B
2026-05-31T13:28:27.2788223Z !AIVDM,1,1,,,352l5NhOQers@v0H>id15htj0000,0*59
2026-05-31T13:28:27.2788223Z $GPVTG,210.0,T,224.1,M,0.0,N,0.0,K,A*25
2026-05-31T13:28:27.3271727Z $GPZDA,132825,31,05,2026,04,00*42
2026-05-31T13:28:27.3271727Z $IIHDG,318.0,,,14.0,W*0F
2026-05-31T13:28:27.4062373Z $IIHDG,318.0,,,14.0,W*0F
2026-05-31T13:28:27.4539860Z $GPAAM,,,,N,*38
2026-05-31T13:28:27.5018466Z $GPAPB,,,,,,,,,,,,,,,N*26
2026-05-31T13:28:27.5042148Z $GPBOD,,T,,M,,*47
2026-05-31T13:28:27.5498375Z $IIHDG,318.0,,,14.0,W*0F
2026-05-31T13:28:27.5980097Z $GPRMB,,,,,,,,,,,,,,N*04
2026-05-31T13:28:27.5980097Z $GPXTE,,,,,N,N*5E
2026-05-31T13:28:27.6457173Z $SDDBT,27.6,f,8.4,M,4.6,F*3B
2026-05-31T13:28:27.6457173Z $IIHDG,318.0,,,14.0,W*0F
2026-05-31T13:28:27.6457173Z $SDDPT,8.4,0.0,*77
2026-05-31T13:28:27.6938085Z $SDMTW,14.8,C*09
2026-05-31T13:28:27.7419395Z $IIHDG,318.0,,,14.0,W*0F
2026-05-31T13:28:27.7898005Z $SDVLW,,N,,N,,N,,N*5A
2026-05-31T13:28:27.7898005Z $SDVHW,303.9,T,318.0,M,0.0,N,0.0,K*41
2026-05-31T13:28:27.8381341Z $IIHDG,318.0,,,14.0,W*0F
2026-05-31T13:28:27.8858140Z $WIMWD,309.1,T,323.2,M,6.7,N,3.5,M*56
2026-05-31T13:28:27.9490181Z $WIMWV,5.0,R,6.1,N,A*21
2026-05-31T13:28:27.9490181Z $WIMWV,5.1,T,6.7,N,A*20
2026-05-31T13:28:27.9490181Z $IIHDG,318.0,,,14.0,W*0F
2026-05-31T13:28:28.0121375Z $IIHDG,318.0,,,14.0,W*0F
2026-05-31T13:28:28.0600620Z $IIXDR,C,13.1,C,AIRTEMP,A,3.7,D,HEEL,A,0.4,D,TRIM,P,1.015,B,BARO,A,-0.4,D,RUDDER*36
2026-05-31T13:28:28.1088347Z $GNGGA,132826,4230.0922,N,07050.4983,W,2,01,0.50,8,M,-32.6,M,,*41
2026-05-31T13:28:28.1088347Z $GPGLC,9960,,,13928.94,A,25847.50,A,44324.31,A,60280.08,A,,*73
2026-05-31T13:28:28.1580038Z $IIHDG,318.0,,,14.0,W*0F
2026-05-31T13:28:28.2063372Z $GPGLL,4230.0922,N,07050.4983,W,132826,A,D*54
2026-05-31T13:28:28.2063372Z $GNGSA,A,3,12,,,,,,,,,,,,0.70,0.50,0.50*18
2026-05-31T13:28:28.2063372Z $GNGSV,3,1,11,01,11,054,,03,37,058,,06,61,249,,11,21,239,*6A
2026-05-31T13:28:28.2063372Z $GNGSV,3,2,11,12,08,320,36,14,39,166,,17,67,067,,19,68,323,*65
2026-05-31T13:28:28.2063372Z $GNGSV,3,3,11,22,58,174,,24,13,284,,44,23,237,*55
2026-05-31T13:28:28.2531063Z !AIVDM,1,1,,,152Wpn<01KrsKU0H?lg2pj@f2000,0*31
2026-05-31T13:28:28.2531063Z $IIHDG,318.0,,,14.0,W*0F
2026-05-31T13:28:28.2531063Z $GPRMC,132826,A,4230.0922,N,07050.4983,W,0.0,210.0,310526,14.1,W,D*2E
2026-05-31T13:28:28.3169808Z $GPVTG,210.0,T,224.1,M,0.0,N,0.0,K,A*25
2026-05-31T13:28:28.3169808Z $GPZDA,132826,31,05,2026,04,00*41
2026-05-31T13:28:28.3169808Z $IIHDG,318.0,,,14.0,W*0F
2026-05-31T13:28:28.4144983Z $IIHDG,318.1,,,14.0,W*0E
2026-05-31T13:28:28.4612655Z $GPAAM,,,,N,*38
2026-05-31T13:28:28.4612655Z !AIVDM,1,1,,,B52M=20006g0Q465h52P;wP00000,0*44
2026-05-31T13:28:28.5092603Z $GPAPB,,,,,,,,,,,,,,,N*26
2026-05-31T13:28:28.5092603Z $GPBOD,,T,,M,,*47
2026-05-31T13:28:28.5575693Z $IIHDG,318.1,,,14.0,W*0E
2026-05-31T13:28:28.6053305Z $GPRMB,,,,,,,,,,,,,,N*04
2026-05-31T13:28:28.6079620Z $GPXTE,,,,,N,N*5E
2026-05-31T13:28:28.6527897Z $SDDBT,27.6,f,8.4,M,4.6,F*3B
2026-05-31T13:28:28.6527897Z $SDDPT,8.4,0.0,*77
2026-05-31T13:28:28.6527897Z $IIHDG,318.1,,,14.0,W*0E
2026-05-31T13:28:28.7011809Z $SDMTW,14.8,C*09
2026-05-31T13:28:28.7492478Z $IIHDG,318.1,,,14.0,W*0E
2026-05-31T13:28:28.7492478Z $SDVLW,,N,,N,,N,,N*5A
2026-05-31T13:28:28.7973539Z !AIVDM,1,1,,,15Ngd70OT5Js?H@H=uedMqnp0000,0*2A
2026-05-31T13:28:28.7973539Z $SDVHW,304.1,T,318.1,M,0.0,N,0.0,K*4F
2026-05-31T13:28:28.8453765Z $IIHDG,318.1,,,14.0,W*0E
2026-05-31T13:28:28.8930925Z $WIMWD,311.6,T,325.7,M,6.8,N,3.5,M*54
2026-05-31T13:28:28.9411462Z $WIMWV,7.5,R,6.5,N,A*22
2026-05-31T13:28:28.9411462Z $WIMWV,7.6,T,6.8,N,A*2A
2026-05-31T13:28:28.9411462Z $IIHDG,318.2,,,14.0,W*0D
2026-05-31T13:28:29.0209216Z $IIXDR,C,13.1,C,AIRTEMP,A,4.2,D,HEEL,A,0.1,D,TRIM,P,1.016,B,BARO,A,-0.2,D,RUDDER*34
2026-05-31T13:28:29.0686390Z $IIHDG,318.2,,,14.0,W*0D
2026-05-31T13:28:29.0686390Z !AIVDM,1,1,,,352l5Nh01ers@w8H>ir160tn0000,0*06
2026-05-31T13:28:29.1176274Z $GNGGA,132827,4230.0922,N,07050.4983,W,2,00,0.50,8,M,-32.6,M,,*41
2026-05-31T13:28:29.1190230Z $GPGLC,9960,,,13928.94,A,25847.50,A,44324.31,A,60280.08,A,,*73
2026-05-31T13:28:29.1644015Z $IIHDG,318.1,,,14.0,W*0E
2026-05-31T13:28:29.1644015Z $GPGLL,4230.0922,N,07050.4983,W,132827,A,D*55
2026-05-31T13:28:29.2122543Z $GNGSA,A,3,,,,,,,,,,,,,0.70,0.50,0.50*1B
2026-05-31T13:28:29.2122543Z $GNGSV,3,1,11,01,11,054,,03,37,058,,06,61,249,,11,21,239,*6A
2026-05-31T13:28:29.2122543Z $GNGSV,3,2,11,12,08,320,,14,39,166,,17,67,067,,19,68,323,*60
2026-05-31T13:28:29.2122543Z $GNGSV,3,3,11,22,58,174,,24,13,284,,44,23,237,*55
2026-05-31T13:28:29.2608737Z $IIHDG,318.1,,,14.0,W*0E
2026-05-31T13:28:29.2608737Z !AIVDM,1,1,,,E>k`vt<r0h@@@@@@@@@@@@@@@@@=MwTH<E=u@00000000?,4*12
2026-05-31T13:28:29.2608737Z $GPRMC,132827,A,4230.0922,N,07050.4983,W,0.0,210.0,310526,14.1,W,D*2F
2026-05-31T13:28:29.3106794Z $GPVTG,210.0,T,224.1,M,0.0,N,0.0,K,A*25
2026-05-31T13:28:29.3106794Z $GPZDA,132827,31,05,2026,04,00*40
2026-05-31T13:28:29.3581717Z $IIHDG,318.1,,,14.0,W*0E
2026-05-31T13:28:29.4047926Z !AIVDM,1,1,,,35NwCQP00Grs>R@HBfrdGb6n0000,0*77
2026-05-31T13:28:29.4545998Z $GPAAM,,,,N,*38
2026-05-31T13:28:29.4545998Z $IIHDG,318.1,,,14.0,W*0E
2026-05-31T13:28:29.4996364Z $GPAPB,,,,,,,,,,,,,,,N*26
2026-05-31T13:28:29.4996364Z $GPBOD,,T,,M,,*47
2026-05-31T13:28:29.5534587Z $IIHDG,318.1,,,14.0,W*0E
2026-05-31T13:28:29.5945106Z $GPRMB,,,,,,,,,,,,,,N*04
2026-05-31T13:28:29.5945106Z $GPXTE,,,,,N,N*5E
2026-05-31T13:28:29.6421239Z $SDDBT,27.6,f,8.4,M,4.6,F*3B
2026-05-31T13:28:29.6421239Z $SDDPT,8.4,0.0,*77
2026-05-31T13:28:29.6421239Z $IIHDG,318.1,,,14.0,W*0E
2026-05-31T13:28:29.6901829Z $SDMTW,14.8,C*09
2026-05-31T13:28:29.7384240Z $IIHDG,318.1,,,14.0,W*0E
2026-05-31T13:28:29.7863751Z $SDVLW,,N,,N,,N,,N*5A
2026-05-31T13:28:29.7863751Z !AIVDM,1,1,,,15NK=p0PSrrsk6@H=J74:38p0000,0*0B
2026-05-31T13:28:29.8339797Z $SDVHW,304.0,T,318.1,M,0.0,N,0.0,K*4E
2026-05-31T13:28:29.8819582Z $IIHDG,318.1,,,14.0,W*0E
2026-05-31T13:28:29.9299978Z $WIMWD,313.5,T,327.5,M,6.2,N,3.2,M*58
2026-05-31T13:28:29.9299978Z $WIMWV,9.5,R,6.5,N,A*2C
2026-05-31T13:28:29.9299978Z $WIMWV,9.5,T,6.2,N,A*2D
2026-05-31T13:28:29.9787950Z $IIHDG,318.1,,,14.0,W*0E
2026-05-31T13:28:30.0261259Z $IIXDR,C,13.1,C,AIRTEMP,A,2.1,D,HEEL,A,0.2,D,TRIM,P,1.015,B,BARO,A,-0.4,D,RUDDER*37
2026-05-31T13:28:30.0735003Z !AIVDM,1,1,,,35NO=iP005Jrou8H>WhdfWDr0000,0*61
2026-05-31T13:28:30.0735003Z $IIHDG,318.2,,,14.0,W*0D
2026-05-31T13:28:30.1214684Z $GNGGA,132828,4230.0922,N,07050.4983,W,2,00,0.50,8,M,-32.6,M,,*4E
2026-05-31T13:28:30.1214684Z $GPGLC,9960,,,13928.94,A,25847.50,A,44324.31,A,60280.08,A,,*73
2026-05-31T13:28:30.1692123Z $IIHDG,318.2,,,14.0,W*0D
2026-05-31T13:28:30.1692123Z $GPGLL,4230.0922,N,07050.4983,W,132828,A,D*5A
2026-05-31T13:28:30.2168600Z !AIVDM,1,1,,,E>k`vt<r0h@@@@@@@@@@@@@@@@@=MwTH<E=u@00000000?,4*12
2026-05-31T13:28:30.2168600Z $GNGSA,A,3,,,,,,,,,,,,,0.70,0.50,0.50*1B
2026-05-31T13:28:30.2168600Z $GNGSV,3,1,11,01,11,054,,03,37,058,,06,61,249,,11,21,239,*6A
2026-05-31T13:28:30.2168600Z $GNGSV,3,2,11,12,08,320,,14,39,166,,17,67,067,,19,68,323,*60
2026-05-31T13:28:30.2168600Z $GNGSV,3,3,11,22,58,174,,24,13,284,,44,23,237,*55
2026-05-31T13:28:30.2663725Z $IIHDG,318.2,,,14.0,W*0D
2026-05-31T13:28:30.2673294Z $GPRMC,132828,A,4230.0922,N,07050.4983,W,0.0,210.0,310526,14.1,W,D*20
2026-05-31T13:28:30.3131682Z $GPVTG,210.0,T,224.1,M,0.0,N,0.0,K,A*25
2026-05-31T13:28:30.3131682Z $GPZDA,132828,31,05,2026,04,00*4F
2026-05-31T13:28:30.3602785Z $IIHDG,318.2,,,14.0,W*0D
2026-05-31T13:28:30.4136471Z $GPAAM,,,,N,*38
2026-05-31T13:28:30.4725018Z $IIHDG,318.2,,,14.0,W*0D
2026-05-31T13:28:30.4725018Z $GPAPB,,,,,,,,,,,,,,,N*26
2026-05-31T13:28:30.5205417Z $GPBOD,,T,,M,,*47
2026-05-31T13:28:30.5689006Z $IIHDG,318.2,,,14.0,W*0D
2026-05-31T13:28:30.5689006Z $GPRMB,,,,,,,,,,,,,,N*04
2026-05-31T13:28:30.6165845Z $GPXTE,,,,,N,N*5E
2026-05-31T13:28:30.6165845Z $SDDBT,27.6,f,8.4,M,4.6,F*3B
2026-05-31T13:28:30.6165845Z $SDDPT,8.4,0.0,*77
2026-05-31T13:28:30.6649416Z $IIHDG,318.2,,,14.0,W*0D
2026-05-31T13:28:30.7141200Z $SDMTW,14.8,C*09
2026-05-31T13:28:30.7611513Z $SDVLW,,N,,N,,N,,N*5A
2026-05-31T13:28:30.7611513Z $IIHDG,318.1,,,14.0,W*0E
2026-05-31T13:28:30.8113741Z $SDVHW,304.1,T,318.1,M,0.0,N,0.0,K*4F
2026-05-31T13:28:30.8565402Z $IIHDG,318.1,,,14.0,W*0E
2026-05-31T13:28:30.9042643Z $WIMWD,313.7,T,327.7,M,5.7,N,2.9,M*54
2026-05-31T13:28:30.9521377Z $WIMWV,9.5,R,6.3,N,A*2A
2026-05-31T13:28:30.9521377Z $WIMWV,9.4,T,5.6,N,A*2B
2026-05-31T13:28:30.9521377Z $IIHDG,318.1,,,14.0,W*0E
2026-05-31T13:28:31.0002148Z !AIVDM,1,1,,,B52jrF@00>fpFD65Mt3Q3wP00000,0*6A
2026-05-31T13:28:31.0509907Z $IIXDR,C,13.1,C,AIRTEMP,A,0.8,D,HEEL,A,0.4,D,TRIM,P,1.016,B,BARO,A,-0.3,D,RUDDER*3E
2026-05-31T13:28:31.0959116Z $IIHDG,318.0,,,14.0,W*0F
2026-05-31T13:28:31.0959116Z !AIVDM,1,1,,,B52oU<@1=VfsRf65MfbLGwP00000,0*49
2026-05-31T13:28:31.0959116Z $GNGGA,132829,4230.0922,N,07050.4984,W,2,00,0.50,8,M,-32.6,M,,*48
2026-05-31T13:28:31.1437977Z $GPGLC,9960,,,13928.94,A,25847.50,A,44324.31,A,60280.08,A,,*73
2026-05-31T13:28:31.1933062Z $IIHDG,318.0,,,14.0,W*0F
2026-05-31T13:28:31.1947555Z $GPGLL,4230.0922,N,07050.4984,W,132829,A,D*5C
2026-05-31T13:28:31.1947555Z $GNGSA,A,3,,,,,,,,,,,,,0.70,0.50,0.50*1B
2026-05-31T13:28:31.1947555Z $GNGSV,3,1,11,01,11,054,,03,37,058,,06,61,249,,11,21,239,*6A
2026-05-31T13:28:31.1947555Z $GNGSV,3,2,11,12,08,320,,14,39,166,,17,67,067,,19,68,323,*60
2026-05-31T13:28:31.1947555Z $GNGSV,3,3,11,22,58,174,,24,13,284,,44,23,237,*55
2026-05-31T13:28:31.2405364Z $GPRMC,132829,A,4230.0922,N,07050.4984,W,0.0,210.0,310526,14.1,W,D*26
2026-05-31T13:28:31.2969568Z $IIHDG,318.0,,,14.0,W*0F
2026-05-31T13:28:31.2969568Z $GPVTG,210.0,T,224.1,M,0.0,N,0.0,K,A*25
2026-05-31T13:28:31.2969568Z $GPZDA,132829,31,05,2026,04,00*4E
2026-05-31T13:28:31.3449769Z $IIHDG,318.0,,,14.0,W*0F
2026-05-31T13:28:31.4174635Z $GPAAM,,,,N,*38
2026-05-31T13:28:31.4732191Z $IIHDG,318.1,,,14.0,W*0E
2026-05-31T13:28:31.4732191Z $GPAPB,,,,,,,,,,,,,,,N*26
2026-05-31T13:28:31.5213337Z $GPBOD,,T,,M,,*47
2026-05-31T13:28:31.5696637Z $IIHDG,318.1,,,14.0,W*0E
2026-05-31T13:28:31.5696637Z $GPRMB,,,,,,,,,,,,,,N*04
2026-05-31T13:28:31.6174220Z $GPXTE,,,,,N,N*5E
2026-05-31T13:28:31.6174220Z $SDDBT,27.6,f,8.4,M,4.6,F*3B
2026-05-31T13:28:31.6647329Z $SDDPT,8.4,0.0,*77
2026-05-31T13:28:31.7154024Z $IIHDG,318.1,,,14.0,W*0E
2026-05-31T13:28:31.7154024Z $SDMTW,14.8,C*09
2026-05-31T13:28:31.7613108Z $SDVLW,,N,,N,,N,,N*5A
2026-05-31T13:28:31.8093265Z $IIHDG,318.1,,,14.0,W*0E
2026-05-31T13:28:31.8093265Z $SDVHW,304.0,T,318.1,M,0.0,N,0.0,K*4E
2026-05-31T13:28:31.8093265Z !AIVDM,1,1,,,18I<UK000<rt@5pHC3l1eAhR0000,0*71
2026-05-31T13:28:31.8745832Z $IIHDG,318.1,,,14.0,W*0E
2026-05-31T13:28:31.9372991Z $WIMWD,312.3,T,326.3,M,5.6,N,2.9,M*55
2026-05-31T13:28:31.9372991Z $WIMWV,8.2,R,5.9,N,A*25
2026-05-31T13:28:31.9372991Z $WIMWV,8.2,T,5.6,N,A*2C
2026-05-31T13:28:31.9856338Z $IIHDG,318.1,,,14.0,W*0E
2026-05-31T13:28:32.0363704Z $IIXDR,C,13.1,C,AIRTEMP,A,1.8,D,HEEL,A,-0.1,D,TRIM,P,1.015,B,BARO,A,-0.3,D,RUDDER*14
2026-05-31T13:28:32.0820306Z $IIHDG,318.1,,,14.0,W*0E
2026-05-31T13:28:32.1295018Z $GNGGA,132830,4230.0922,N,07050.4984,W,2,00,0.50,8,M,-32.6,M,,*40
2026-05-31T13:28:32.1295018Z $GPGLC,9960,,,13928.94,A,25847.50,A,44324.31,A,60280.08,A,,*73
2026-05-31T13:28:32.1295018Z !AIVDM,1,1,,,352l5NhOQersA0pH>j=Q60vt0000,0*23
2026-05-31T13:28:32.1772047Z $GPGLL,4230.0922,N,07050.4984,W,132830,A,D*54
2026-05-31T13:28:32.2253741Z $IIHDG,318.1,,,14.0,W*0E
2026-05-31T13:28:32.2253741Z $GNGSA,A,3,,,,,,,,,,,,,0.70,0.50,0.50*1B
2026-05-31T13:28:32.2253741Z $GNGSV,3,1,11,01,11,054,,03,37,058,,06,61,249,,11,21,239,*6A
2026-05-31T13:28:32.2253741Z $GNGSV,3,2,11,12,08,320,,14,39,166,,17,67,067,,19,68,323,*60
2026-05-31T13:28:32.2253741Z $GNGSV,3,3,11,22,58,174,,24,13,284,,44,23,237,*55
2026-05-31T13:28:32.2725976Z $GPRMC,132830,A,4230.0922,N,07050.4984,W,0.0,210.0,310526,14.1,W,D*2E
2026-05-31T13:28:32.2725976Z $GPVTG,210.0,T,224.1,M,0.0,N,0.1,K,A*24
2026-05-31T13:28:32.3210185Z $IIHDG,318.1,,,14.0,W*0E
2026-05-31T13:28:32.3210185Z $GPZDA,132830,31,05,2026,04,00*46
2026-05-31T13:28:32.3837958Z $IIHDG,318.1,,,14.0,W*0E
2026-05-31T13:28:32.4319041Z $GPAAM,,,,N,*38
2026-05-31T13:28:32.4796582Z $GPAPB,,,,,,,,,,,,,,,N*26
2026-05-31T13:28:32.5283577Z $GPBOD,,T,,M,,*47
2026-05-31T13:28:32.5283577Z $IIHDG,318.2,,,14.0,W*0D
2026-05-31T13:28:32.5283577Z !AIVDM,1,1,,,H52aRKlU000000000000000`4220,0*3D
2026-05-31T13:28:32.5764754Z $GPRMB,,,,,,,,,,,,,,N*04
2026-05-31T13:28:32.6261099Z $GPXTE,,,,,N,N*5E
2026-05-31T13:28:32.6261099Z $IIHDG,318.2,,,14.0,W*0D
2026-05-31T13:28:32.6261099Z $SDDBT,27.6,f,8.4,M,4.6,F*3B
2026-05-31T13:28:32.6261099Z $SDDPT,8.4,0.0,*77
2026-05-31T13:28:32.6879851Z $IIHDG,318.2,,,14.0,W*0D
2026-05-31T13:28:32.7358189Z $SDMTW,14.8,C*09
2026-05-31T13:28:32.7836909Z !AIVDM,1,1,,,352l5NhOQdrsA0pH>j=Q6@vt0000,0*52
2026-05-31T13:28:32.7836909Z $SDVLW,,N,,N,,N,,N*5A
2026-05-31T13:28:32.8320191Z $IIHDG,318.2,,,14.0,W*0D
2026-05-31T13:28:32.8320191Z $SDVHW,304.1,T,318.2,M,0.0,N,0.0,K*4C
2026-05-31T13:28:32.8793273Z $IIHDG,318.2,,,14.0,W*0D
2026-05-31T13:28:32.9275135Z $WIMWD,312.0,T,326.0,M,6.5,N,3.3,M*5E
2026-05-31T13:28:32.9275135Z $WIMWV,7.8,R,6.0,N,A*2A
2026-05-31T13:28:32.9275135Z $WIMWV,7.8,T,6.5,N,A*29
2026-05-31T13:28:32.9752022Z !AIVDM,1,1,,,15NQUM4P00rrksPH>tpf4?vv2000,0*55
2026-05-31T13:28:33.0237397Z $IIHDG,318.2,,,14.0,W*0D
2026-05-31T13:28:33.0237397Z $IIXDR,C,13.1,C,AIRTEMP,A,3.4,D,HEEL,A,0.2,D,TRIM,P,1.016,B,BARO,A,-0.4,D,RUDDER*30
2026-05-31T13:28:33.0881821Z $IIHDG,318.2,,,14.0,W*0D
2026-05-31T13:28:33.1357428Z $GNGGA,132831,4230.0922,N,07050.4984,W,2,00,0.50,8,M,-32.6,M,,*41
2026-05-31T13:28:33.1357428Z $GPGLC,9960,,,13928.94,A,25847.50,A,44324.31,A,60280.08,A,,*73
2026-05-31T13:28:33.1357428Z !AIVDM,1,1,,,35NO=iP004Jrou8H>Whdj7E00000,0*4F
2026-05-31T13:28:33.1407181Z !AIVDM,1,1,,,15NO=nPP00Jrnv0H>WjVqOvt0000,0*00
2026-05-31T13:28:33.1854843Z $GPGLL,4230.0922,N,07050.4984,W,132831,A,D*55
2026-05-31T13:28:33.2313047Z $IIHDG,318.2,,,14.0,W*0D
2026-05-31T13:28:33.2313047Z $GNGSA,A,3,,,,,,,,,,,,,0.70,0.50,0.50*1B
2026-05-31T13:28:33.2313047Z $GNGSV,3,1,11,01,11,054,,03,37,058,,06,61,249,,11,21,239,*6A
2026-05-31T13:28:33.2313047Z $GNGSV,3,2,11,12,08,320,,14,39,166,,17,67,067,,19,68,323,*60
2026-05-31T13:28:33.2313047Z $GNGSV,3,3,11,22,58,174,,24,13,284,,44,23,237,*55
2026-05-31T13:28:33.2797530Z $GPRMC,132831,A,4230.0922,N,07050.4984,W,0.0,210.0,310526,14.1,W,D*2F
2026-05-31T13:28:33.2797530Z !AIVDM,1,1,,,ENk`sl>`@@@@@@@@@@@@@@@@@@@=OTgH<LwsP00000000?,4*70
2026-05-31T13:28:33.2797530Z $GPVTG,210.0,T,224.1,M,0.0,N,0.1,K,A*24
2026-05-31T13:28:33.3276592Z $IIHDG,318.2,,,14.0,W*0D
2026-05-31T13:28:33.3276592Z $GPZDA,132831,31,05,2026,04,00*47
2026-05-31T13:28:33.3826476Z !AIVDM,1,1,,,15MnF7<00DJrrL@H>h=<@IW20000,0*7C
2026-05-31T13:28:33.4396320Z $IIHDG,318.2,,,14.0,W*0D
2026-05-31T13:28:33.4396320Z $GPAAM,,,,N,*38
2026-05-31T13:28:33.4878547Z $GPAPB,,,,,,,,,,,,,,,N*26
2026-05-31T13:28:33.4878547Z $GPBOD,,T,,M,,*47
2026-05-31T13:28:33.5364667Z $IIHDG,318.2,,,14.0,W*0D
2026-05-31T13:28:33.5842856Z $GPRMB,,,,,,,,,,,,,,N*04
2026-05-31T13:28:33.5842856Z $GPXTE,,,,,N,N*5E
2026-05-31T13:28:33.6325133Z $IIHDG,318.2,,,14.0,W*0D
2026-05-31T13:28:33.6325133Z $SDDBT,27.6,f,8.4,M,4.6,F*3B
2026-05-31T13:28:33.6325133Z $SDDPT,8.4,0.0,*77
2026-05-31T13:28:33.6975416Z $IIHDG,318.1,,,14.0,W*0E
2026-05-31T13:28:33.7443839Z $SDMTW,14.8,C*09
2026-05-31T13:28:33.7921291Z $SDVLW,,N,,N,,N,,N*5A
2026-05-31T13:28:33.7921291Z $SDVHW,304.0,T,318.1,M,0.0,N,0.0,K*4E
2026-05-31T13:28:33.8392957Z $IIHDG,318.1,,,14.0,W*0E
2026-05-31T13:28:33.8872738Z !AIVDM,1,1,,,15NO=g;P00Jrjq`H@0wdbOvv2000,0*14
2026-05-31T13:28:33.9352449Z $IIHDG,318.1,,,14.0,W*0E
2026-05-31T13:28:33.9352449Z $WIMWD,311.9,T,326.0,M,6.7,N,3.5,M*50
2026-05-31T13:28:33.9352449Z $WIMWV,7.8,R,6.3,N,A*29
2026-05-31T13:28:33.9352449Z $WIMWV,7.8,T,6.7,N,A*2B
2026-05-31T13:28:33.9990385Z $IIHDG,318.0,,,14.0,W*0F
2026-05-31T13:28:34.0474150Z $IIXDR,C,13.1,C,AIRTEMP,A,3.4,D,HEEL,A,0.3,D,TRIM,P,1.015,B,BARO,A,-0.5,D,RUDDER*33
2026-05-31T13:28:34.0974882Z $GNGGA,132832,4230.0922,N,07050.4984,W,2,00,0.50,8,M,-32.6,M,,*42
2026-05-31T13:28:34.1430900Z $IIHDG,318.0,,,14.0,W*0F
2026-05-31T13:28:34.1430900Z $GPGLC,9960,,,13928.94,A,25847.50,A,44324.31,A,60280.08,A,,*73
2026-05-31T13:28:34.1919309Z $GPGLL,4230.0922,N,07050.4984,W,132832,A,D*56
2026-05-31T13:28:34.1919309Z !AIVDM,1,1,,,ENk`sl>`@@@@@@@@@@@@@@@@@@@=OTgH<LwsP00000000?,4*70
2026-05-31T13:28:34.2417203Z $GNGSA,A,3,,,,,,,,,,,,,0.70,0.50,0.50*1B
2026-05-31T13:28:34.2417203Z $GNGSV,3,1,11,01,11,054,,03,37,058,,06,61,249,,11,21,239,*6A
2026-05-31T13:28:34.2417203Z $GNGSV,3,2,11,12,08,320,,14,39,166,,17,67,067,,19,68,323,*60
2026-05-31T13:28:34.2417203Z $GNGSV,3,3,11,22,58,174,,24,13,284,,44,23,237,*55
2026-05-31T13:28:34.2434480Z $IIHDG,317.8,,,14.0,W*08
2026-05-31T13:28:34.2871924Z $GPRMC,132832,A,4230.0922,N,07050.4984,W,0.0,210.0,310526,14.1,W,D*2C
2026-05-31T13:28:34.2871924Z $GPVTG,210.0,T,224.1,M,0.0,N,0.1,K,A*24
2026-05-31T13:28:34.3354354Z $GPZDA,132832,31,05,2026,04,00*44
2026-05-31T13:28:34.3354354Z $IIHDG,317.8,,,14.0,W*08
2026-05-31T13:28:34.4152690Z $IIHDG,317.8,,,14.0,W*08
2026-05-31T13:28:34.4631187Z $GPAAM,,,,N,*38
2026-05-31T13:28:34.5108280Z $GPAPB,,,,,,,,,,,,,,,N*26
2026-05-31T13:28:34.5108280Z $GPBOD,,T,,M,,*47
2026-05-31T13:28:34.5588129Z $IIHDG,317.8,,,14.0,W*08
2026-05-31T13:28:34.6060932Z $GPRMB,,,,,,,,,,,,,,N*04
2026-05-31T13:28:34.6060932Z $GPXTE,,,,,N,N*5E
2026-05-31T13:28:34.6538881Z $IIHDG,317.7,,,14.0,W*07
2026-05-31T13:28:34.6538881Z $SDDBT,28.1,f,8.5,M,4.6,F*32
2026-05-31T13:28:34.6538881Z $SDDPT,8.6,0.0,*75
2026-05-31T13:28:34.7019200Z $SDMTW,14.8,C*09
2026-05-31T13:28:34.7503569Z $IIHDG,317.7,,,14.0,W*07
2026-05-31T13:28:34.7503569Z $SDVLW,,N,,N,,N,,N*5A
2026-05-31T13:28:34.7985556Z !AIVDM,1,1,,,15Ngd70OT5Js?<`H=w2dW:140000,0*61
2026-05-31T13:28:34.7985556Z $SDVHW,303.6,T,317.7,M,0.0,N,0.0,K*46
2026-05-31T13:28:34.8485552Z $IIHDG,317.6,,,14.0,W*06
2026-05-31T13:28:34.8944060Z !AIVDM,1,1,,,15NO=dPPP0JroU@H>Wt:H5c40000,0*5C
2026-05-31T13:28:34.9428180Z $WIMWD,310.4,T,324.4,M,6.6,N,3.4,M*5A
2026-05-31T13:28:34.9428180Z $WIMWV,6.9,R,6.4,N,A*2E
2026-05-31T13:28:34.9428180Z $WIMWV,6.9,T,6.6,N,A*2A
2026-05-31T13:28:34.9428180Z $IIHDG,317.6,,,14.0,W*06
2026-05-31T13:28:35.0216129Z $IIHDG,317.6,,,14.0,W*06
2026-05-31T13:28:35.0687886Z $IIXDR,C,13.1,C,AIRTEMP,A,2.6,D,HEEL,A,0.5,D,TRIM,P,1.016,B,BARO,A,-0.2,D,RUDDER*32
2026-05-31T13:28:35.1167561Z $GNGGA,132833,4230.0922,N,07050.4983,W,2,00,0.50,8,M,-32.6,M,,*44
2026-05-31T13:28:35.1167561Z $GPGLC,9960,,,13928.94,A,25847.50,A,44324.31,A,60280.08,A,,*73
2026-05-31T13:28:35.1647263Z $IIHDG,317.6,,,14.0,W*06
2026-05-31T13:28:35.1647263Z $GPGLL,4230.0922,N,07050.4984,W,132833,A,D*57
2026-05-31T13:28:35.2146919Z $GNGSA,A,3,,,,,,,,,,,,,0.70,0.50,0.50*1B
2026-05-31T13:28:35.2167052Z $GNGSV,3,1,11,01,11,054,,03,37,058,,06,62,249,,11,21,239,*69
2026-05-31T13:28:35.2167052Z $GNGSV,3,2,11,12,08,320,,14,39,166,,17,67,067,,19,68,323,*60
2026-05-31T13:28:35.2167052Z $GNGSV,3,3,11,22,58,174,,24,13,284,,44,23,237,*55
2026-05-31T13:28:35.2607188Z $IIHDG,317.6,,,14.0,W*06
2026-05-31T13:28:35.2607188Z $GPRMC,132833,A,4230.0922,N,07050.4984,W,0.0,210.0,310526,14.1,W,D*2D
2026-05-31T13:28:35.3094147Z $GPVTG,210.0,T,224.1,M,0.0,N,0.1,K,A*24
2026-05-31T13:28:35.3094147Z !AIVDM,1,1,,,15NwCQPPPBrs>Q@HBg1dSb120000,0*7E
2026-05-31T13:28:35.3094147Z $GPZDA,132833,31,05,2026,04,00*45
2026-05-31T13:28:35.3094147Z !AIVDM,1,1,,,15O=hk50i@JsGk`H>li1Ei6h0000,0*7B
2026-05-31T13:28:35.3577186Z $IIHDG,317.6,,,14.0,W*06
2026-05-31T13:28:35.4217264Z $IIHDG,317.6,,,14.0,W*06
2026-05-31T13:28:35.4697356Z $GPAAM,,,,N,*38
2026-05-31T13:28:35.5181070Z $GPAPB,,,,,,,,,,,,,,,N*26
2026-05-31T13:28:35.5181070Z $GPBOD,,T,,M,,*47
2026-05-31T13:28:35.5661934Z $IIHDG,317.6,,,14.0,W*06
2026-05-31T13:28:35.5661934Z $GPRMB,,,,,,,,,,,,,,N*04
2026-05-31T13:28:35.6145270Z $GPXTE,,,,,N,N*5E
2026-05-31T13:28:35.6621852Z $SDDBT,28.1,f,8.5,M,4.6,F*32
2026-05-31T13:28:35.6621852Z $IIHDG,317.7,,,14.0,W*07
2026-05-31T13:28:35.6621852Z $SDDPT,8.6,0.0,*75
2026-05-31T13:28:35.7100227Z $SDMTW,14.8,C*09
2026-05-31T13:28:35.7598536Z $IIHDG,317.7,,,14.0,W*07
2026-05-31T13:28:35.7598536Z $SDVLW,,N,,N,,N,,N*5A
2026-05-31T13:28:35.8064413Z $SDVHW,303.7,T,317.7,M,0.0,N,0.0,K*47
2026-05-31T13:28:35.8567616Z $IIHDG,317.8,,,14.0,W*08
2026-05-31T13:28:35.9026935Z $WIMWD,309.6,T,323.7,M,6.5,N,3.3,M*50
2026-05-31T13:28:35.9513032Z $WIMWV,5.9,R,6.5,N,A*2C
2026-05-31T13:28:35.9513032Z $WIMWV,5.9,T,6.5,N,A*2A
2026-05-31T13:28:35.9513032Z $IIHDG,317.8,,,14.0,W*08
2026-05-31T13:28:36.0150088Z $IIXDR,C,13.1,C,AIRTEMP,A,2.2,D,HEEL,A,-0.3,D,TRIM,P,1.015,B,BARO,A,-0.3,D,RUDDER*1F
2026-05-31T13:28:36.0783339Z $IIHDG,317.8,,,14.0,W*08
2026-05-31T13:28:36.1280125Z !AIVDM,1,1,,,B52oU<@1>FfsNN65MTbL;wP00000,0*20
2026-05-31T13:28:36.1305296Z !AIVDM,1,1,,,352l5Nh01brsA3HH>jW17Q140000,0*6D
2026-05-31T13:28:36.1305296Z $GNGGA,132834,4230.0921,N,07050.4984,W,2,00,0.50,8,M,-32.6,M,,*47
2026-05-31T13:28:36.1325386Z $GPGLC,9960,,,13928.94,A,25847.50,A,44324.31,A,60280.08,A,,*73
2026-05-31T13:28:36.1744437Z !AIVDM,1,1,,,19NSfbh000rrnu8H>W=3S8G00000,0*3E
2026-05-31T13:28:36.1744437Z $IIHDG,317.8,,,14.0,W*08
2026-05-31T13:28:36.1744437Z $GPGLL,4230.0921,N,07050.4984,W,132834,A,D*53
2026-05-31T13:28:36.2231558Z $GNGSA,A,3,,,,,,,,,,,,,0.70,0.50,0.50*1B
2026-05-31T13:28:36.2231558Z $GNGSV,3,1,11,01,11,054,,03,37,058,,06,62,249,,11,21,239,*69
2026-05-31T13:28:36.2231558Z $GNGSV,3,2,11,12,08,320,,14,39,166,,17,67,067,,19,68,323,*60
2026-05-31T13:28:36.2231558Z $GNGSV,3,3,11,22,58,174,,24,13,284,,44,23,237,*55
2026-05-31T13:28:36.2716200Z $IIHDG,317.8,,,14.0,W*08
2026-05-31T13:28:36.2716200Z $GPRMC,132834,A,4230.0921,N,07050.4984,W,0.0,210.0,310526,14.1,W,D*29
2026-05-31T13:28:36.2716200Z !AIVDM,1,1,,,15NO=iP005JrotpH>WjdlGE60000,0*77
2026-05-31T13:28:36.3197221Z $GPVTG,210.0,T,224.1,M,0.0,N,0.1,K,A*24
2026-05-31T13:28:36.3197221Z $GPZDA,132834,31,05,2026,04,00*42
2026-05-31T13:28:36.3675772Z $IIHDG,317.8,,,14.0,W*08
2026-05-31T13:28:36.3675772Z !AIVDM,1,1,,,18IPTf0PQNrsA5`H>d>1kQ:v0000,0*44
2026-05-31T13:28:36.4156462Z $GPAAM,,,,N,*38
2026-05-31T13:28:36.4791915Z $IIHDG,317.8,,,14.0,W*08
2026-05-31T13:28:36.4814940Z $GPAPB,,,,,,,,,,,,,,,N*26
2026-05-31T13:28:36.5264787Z $GPBOD,,T,,M,,*47
2026-05-31T13:28:36.5791487Z $IIHDG,317.8,,,14.0,W*08
2026-05-31T13:28:36.5791487Z $GPRMB,,,,,,,,,,,,,,N*04
2026-05-31T13:28:36.6226470Z $GPXTE,,,,,N,N*5E
2026-05-31T13:28:36.6226470Z $SDDBT,27.6,f,8.4,M,4.6,F*3B
2026-05-31T13:28:36.6708861Z $SDDPT,8.4,0.0,*77
2026-05-31T13:28:36.7202942Z $IIHDG,317.8,,,14.0,W*08
2026-05-31T13:28:36.7202942Z $SDMTW,14.8,C*09
2026-05-31T13:28:36.7665932Z $SDVLW,,N,,N,,N,,N*5A
2026-05-31T13:28:36.7665932Z $IIHDG,317.8,,,14.0,W*08
2026-05-31T13:28:36.8153243Z $SDVHW,303.7,T,317.8,M,0.0,N,0.0,K*48
2026-05-31T13:28:36.8624716Z $IIHDG,317.7,,,14.0,W*07
2026-05-31T13:28:36.9104302Z $WIMWD,309.2,T,323.2,M,7.1,N,3.6,M*51
2026-05-31T13:28:36.9104302Z $WIMWV,5.3,R,6.6,N,A*25
2026-05-31T13:28:36.9104302Z $WIMWV,5.5,T,7.1,N,A*23
2026-05-31T13:28:36.9654237Z $IIHDG,317.7,,,14.0,W*07
2026-05-31T13:28:37.0228889Z $IIXDR,C,13.1,C,AIRTEMP,A,2.3,D,HEEL,A,0.3,D,TRIM,P,1.016,B,BARO,A,-0.3,D,RUDDER*30
2026-05-31T13:28:37.0708174Z $IIHDG,317.6,,,14.0,W*06
2026-05-31T13:28:37.1191268Z $GNGGA,132835,4230.0921,N,07050.4984,W,2,00,0.50,8,M,-32.6,M,,*46
2026-05-31T13:28:37.1191268Z $GPGLC,9960,,,13928.94,A,25847.50,A,44324.31,A,60280.08,A,,*73
2026-05-31T13:28:37.1191268Z !AIVDM,1,1,,,152Wpn<01HrsKf@H?lvRr2A02000,0*0D
2026-05-31T13:28:37.1925069Z $IIHDG,317.6,,,14.0,W*06
2026-05-31T13:28:37.1925069Z $GPGLL,4230.0921,N,07050.4984,W,132835,A,D*52
2026-05-31T13:28:37.2464053Z $GNGSA,A,3,,,,,,,,,,,,,0.70,0.50,0.50*1B
2026-05-31T13:28:37.2464053Z $GNGSV,3,1,11,01,11,054,,03,37,058,,06,62,249,,11,21,239,*69
2026-05-31T13:28:37.2464053Z $GNGSV,3,2,11,12,08,320,,14,39,166,,17,67,067,,19,68,323,*60
2026-05-31T13:28:37.2464053Z $GNGSV,3,3,11,22,58,174,,24,13,284,,44,23,237,*55
2026-05-31T13:28:37.2464053Z !AIVDM,1,1,,,E>k`vt<r0h@@@@@@@@@@@@@@@@@=MwTH<E=u@00000000?,4*12
2026-05-31T13:28:37.2942007Z $GPRMC,132835,A,4230.0921,N,07050.4985,W,0.0,210.0,310526,14.1,W,D*29
2026-05-31T13:28:37.2942007Z $IIHDG,317.5,,,14.0,W*05
2026-05-31T13:28:37.2942007Z $GPVTG,210.0,T,224.1,M,0.0,N,0.1,K,A*24
2026-05-31T13:28:37.3419170Z $GPZDA,132835,31,05,2026,04,00*43
2026-05-31T13:28:37.3901783Z $IIHDG,317.5,,,14.0,W*05
2026-05-31T13:28:37.4378908Z $GPAAM,,,,N,*38
2026-05-31T13:28:37.4853037Z $IIHDG,317.5,,,14.0,W*05
2026-05-31T13:28:37.4853037Z $GPAPB,,,,,,,,,,,,,,,N*26
2026-05-31T13:28:37.5343481Z $GPBOD,,T,,M,,*47
2026-05-31T13:28:37.5820605Z $GPRMB,,,,,,,,,,,,,,N*04
2026-05-31T13:28:37.5820605Z $IIHDG,317.5,,,14.0,W*05
2026-05-31T13:28:37.6348434Z $GPXTE,,,,,N,N*5E
2026-05-31T13:28:37.6348434Z $SDDBT,27.6,f,8.4,M,4.6,F*3B
2026-05-31T13:28:37.6348434Z $SDDPT,8.4,0.0,*77
2026-05-31T13:28:37.6781557Z $IIHDG,317.5,,,14.0,W*05
2026-05-31T13:28:37.7258818Z $SDMTW,14.8,C*09
2026-05-31T13:28:37.7740838Z $SDVLW,,N,,N,,N,,N*5A
2026-05-31T13:28:37.7740838Z $IIHDG,317.5,,,14.0,W*05
2026-05-31T13:28:37.8220000Z !AIVDM,1,1,,,15NK=p003prskLpH=ITT2S580000,0*6E
2026-05-31T13:28:37.8220000Z $SDVHW,303.4,T,317.5,M,0.0,N,0.0,K*46
2026-05-31T13:28:37.8693041Z $IIHDG,317.5,,,14.0,W*05
2026-05-31T13:28:37.9217669Z !AIVDM,1,1,,,352l5NhOQbrsA40H>jf18A160000,0*21
2026-05-31T13:28:37.9217669Z $WIMWD,308.1,T,322.2,M,6.2,N,3.2,M*54
2026-05-31T13:28:37.9217669Z $WIMWV,4.5,R,6.6,N,A*22
2026-05-31T13:28:37.9217669Z $WIMWV,4.8,T,6.2,N,A*2D
2026-05-31T13:28:37.9656311Z !AIVDM,1,1,,,15N9sFP000rrso8H@`g9mDq:0000,0*31
2026-05-31T13:28:38.0136322Z $IIHDG,317.5,,,14.0,W*05
2026-05-31T13:28:38.0620137Z $IIXDR,C,13.1,C,AIRTEMP,A,2.5,D,HEEL,A,0.4,D,TRIM,P,1.015,B,BARO,A,-0.2,D,RUDDER*33
2026-05-31T13:28:38.1099220Z $IIHDG,317.5,,,14.0,W*05
2026-05-31T13:28:38.1099220Z $GNGGA,132836,4230.0922,N,07050.4985,W,2,00,0.50,8,M,-32.6,M,,*47
2026-05-31T13:28:38.1099220Z $GPGLC,9960,,,13928.94,A,25847.50,A,44324.31,A,60280.08,A,,*73
2026-05-31T13:28:38.1581761Z $GPGLL,4230.0922,N,07050.4985,W,132836,A,D*53
2026-05-31T13:28:38.2222749Z $IIHDG,317.5,,,14.0,W*05
2026-05-31T13:28:38.2222749Z $GNGSA,A,3,,,,,,,,,,,,,0.70,0.50,0.50*1B
2026-05-31T13:28:38.2222749Z $GNGSV,3,1,11,01,11,054,,03,37,058,,06,62,249,,11,21,239,*69
2026-05-31T13:28:38.2222749Z $GNGSV,3,2,11,12,08,320,,14,39,166,,17,67,067,,19,68,323,*60
2026-05-31T13:28:38.2222749Z $GNGSV,3,3,11,22,58,174,,24,13,284,,44,23,237,*55
2026-05-31T13:28:38.2701737Z $GPRMC,132836,A,4230.0922,N,07050.4985,W,0.1,210.0,310526,14.1,W,D*28
2026-05-31T13:28:38.3180556Z $GPVTG,210.0,T,224.1,M,0.1,N,0.1,K,A*25
2026-05-31T13:28:38.3180556Z $IIHDG,317.6,,,14.0,W*06
2026-05-31T13:28:38.3180556Z $GPZDA,132836,31,05,2026,04,00*40
2026-05-31T13:28:38.3836075Z $IIHDG,317.6,,,14.0,W*06
2026-05-31T13:28:38.4305083Z $GPAAM,,,,N,*38
2026-05-31T13:28:38.4783978Z !AIVDM,1,1,,,15Ngd70OT5Js?5PH=ww<fJ7<0000,0*0A
2026-05-31T13:28:38.4783978Z $GPAPB,,,,,,,,,,,,,,,N*26
2026-05-31T13:28:38.5269249Z $IIHDG,317.6,,,14.0,W*06
2026-05-31T13:28:38.5269249Z $GPBOD,,T,,M,,*47
2026-05-31T13:28:38.5746701Z $GPRMB,,,,,,,,,,,,,,N*04
2026-05-31T13:28:38.6228898Z $IIHDG,317.6,,,14.0,W*06
2026-05-31T13:28:38.6228898Z $GPXTE,,,,,N,N*5E
2026-05-31T13:28:38.6228898Z $SDDBT,27.6,f,8.4,M,4.6,F*3B
2026-05-31T13:28:38.6703552Z $SDDPT,8.4,0.0,*77
2026-05-31T13:28:38.7198191Z $IIHDG,317.6,,,14.0,W*06
2026-05-31T13:28:38.7198191Z $SDMTW,14.8,C*09
2026-05-31T13:28:38.7673049Z $SDVLW,,N,,N,,N,,N*5A
2026-05-31T13:28:38.8159446Z $IIHDG,317.7,,,14.0,W*07
2026-05-31T13:28:38.8173053Z $SDVHW,303.6,T,317.7,M,0.0,N,0.0,K*46
2026-05-31T13:28:38.8782116Z $IIHDG,317.7,,,14.0,W*07
2026-05-31T13:28:38.9255339Z !AIVDM,1,1,,,35NO=iPPP4JrotpH>Wk<sGC<0000,0*3E
2026-05-31T13:28:38.9255339Z $WIMWD,307.6,T,321.6,M,6.2,N,3.2,M*5B
2026-05-31T13:28:38.9288753Z $WIMWV,3.9,R,6.4,N,A*2B
2026-05-31T13:28:38.9288753Z $WIMWV,3.9,T,6.2,N,A*2B
2026-05-31T13:28:38.9802086Z $IIHDG,317.7,,,14.0,W*07
2026-05-31T13:28:39.0396972Z $IIXDR,C,13.1,C,AIRTEMP,A,2.7,D,HEEL,A,0.3,D,TRIM,P,1.016,B,BARO,A,-0.3,D,RUDDER*34
2026-05-31T13:28:39.0856325Z $IIHDG,317.7,,,14.0,W*07
2026-05-31T13:28:39.1339600Z $GNGGA,132837,4230.0922,N,07050.4985,W,2,00,0.50,8,M,-32.6,M,,*46
2026-05-31T13:28:39.1339600Z $GPGLC,9960,,,13928.94,A,25847.50,A,44324.31,A,60280.08,A,,*73
2026-05-31T13:28:39.1821234Z $GPGLL,4230.0922,N,07050.4985,W,132837,A,D*52
2026-05-31T13:28:39.2301760Z $IIHDG,317.8,,,14.0,W*08
2026-05-31T13:28:39.2301760Z $GNGSA,A,3,,,,,,,,,,,,,0.70,0.50,0.50*1B
2026-05-31T13:28:39.2301760Z $GNGSV,3,1,11,01,11,054,,03,37,058,,06,62,249,,11,21,239,*69
2026-05-31T13:28:39.2301760Z $GNGSV,3,2,11,12,08,320,,14,39,166,,17,67,067,,19,68,323,*60
2026-05-31T13:28:39.2301760Z $GNGSV,3,3,11,22,58,174,,24,13,284,,44,23,237,*55
2026-05-31T13:28:39.2784045Z $GPRMC,132837,A,4230.0922,N,07050.4985,W,0.1,210.0,310526,14.1,W,D*29
2026-05-31T13:28:39.2784045Z $GPVTG,210.0,T,224.1,M,0.1,N,0.1,K,A*25
2026-05-31T13:28:39.3263730Z $IIHDG,317.8,,,14.0,W*08
2026-05-31T13:28:39.3263730Z $GPZDA,132837,31,05,2026,04,00*41
2026-05-31T13:28:39.3746572Z $IIHDG,317.8,,,14.0,W*08
2026-05-31T13:28:39.4408890Z $GPAAM,,,,N,*38
2026-05-31T13:28:39.4871143Z !AIVDM,1,1,,,35NwCQPPP8rs>PpHBg3<KIw:0000,0*10
2026-05-31T13:28:39.4871143Z $GPAPB,,,,,,,,,,,,,,,N*26
2026-05-31T13:28:39.4871143Z $IIHDG,317.8,,,14.0,W*08
2026-05-31T13:28:39.5356854Z $GPBOD,,T,,M,,*47
2026-05-31T13:28:39.5860690Z !AIVDM,1,1,,,15N1c70000Jrmw0H?GESemc<0000,0*2B
2026-05-31T13:28:39.5860690Z $GPRMB,,,,,,,,,,,,,,N*04
2026-05-31T13:28:39.5860690Z $IIHDG,317.8,,,14.0,W*08
2026-05-31T13:28:39.6312048Z $GPXTE,,,,,N,N*5E
2026-05-31T13:28:39.6312048Z $SDDBT,27.6,f,8.4,M,4.6,F*3B
2026-05-31T13:28:39.6797184Z $SDDPT,8.4,0.0,*77
2026-05-31T13:28:39.7283739Z $IIHDG,317.8,,,14.0,W*08
2026-05-31T13:28:39.7283739Z $SDMTW,14.8,C*09
2026-05-31T13:28:39.7764083Z !AIVDM,1,1,,,352l5NhOQarsA5@H>jr19Q3:0000,0*58
2026-05-31T13:28:39.7764083Z $SDVLW,,N,,N,,N,,N*5A
2026-05-31T13:28:39.8246977Z $IIHDG,317.8,,,14.0,W*08
2026-05-31T13:28:39.8246977Z $SDVHW,303.7,T,317.8,M,0.0,N,0.0,K*48
2026-05-31T13:28:39.8884920Z $IIHDG,317.8,,,14.0,W*08
2026-05-31T13:28:39.9366761Z $WIMWD,307.6,T,321.6,M,6.1,N,3.1,M*5B
2026-05-31T13:28:39.9366761Z $WIMWV,3.9,R,6.4,N,A*2B
2026-05-31T13:28:39.9366761Z $WIMWV,3.8,T,6.1,N,A*29
2026-05-31T13:28:39.9366761Z !AIVDM,1,1,,,15NK=p003trskRPH=ILT2C7<0000,0*5A
2026-05-31T13:28:39.9842542Z $IIHDG,317.8,,,14.0,W*08
2026-05-31T13:28:40.0324244Z $IIXDR,C,13.1,C,AIRTEMP,A,2.4,D,HEEL,A,0.7,D,TRIM,P,1.015,B,BARO,A,-0.3,D,RUDDER*30
2026-05-31T13:28:40.0803453Z $IIHDG,317.8,,,14.0,W*08
2026-05-31T13:28:40.1279072Z $GNGGA,132838,4230.0921,N,07050.4985,W,2,00,0.50,8,M,-32.6,M,,*4A
2026-05-31T13:28:40.1279072Z $GPGLC,9960,,,13928.94,A,25847.50,A,44324.31,A,60280.08,A,,*73
2026-05-31T13:28:40.1752708Z $GPGLL,4230.0921,N,07050.4985,W,132838,A,D*5E
2026-05-31T13:28:40.2238235Z $IIHDG,317.8,,,14.0,W*08
2026-05-31T13:28:40.2238235Z $GNGSA,A,3,,,,,,,,,,,,,0.70,0.50,0.50*1B
2026-05-31T13:28:40.2238235Z $GNGSV,3,1,11,01,11,054,,03,37,058,,06,62,249,,11,21,239,*69
2026-05-31T13:28:40.2238235Z $GNGSV,3,2,11,12,08,320,,14,39,166,,17,67,067,,19,68,323,*60
2026-05-31T13:28:40.2238235Z $GNGSV,3,3,11,22,58,174,,24,13,284,,44,23,237,*55
2026-05-31T13:28:40.2716357Z $GPRMC,132838,A,4230.0921,N,07050.4985,W,0.1,210.0,310526,14.1,W,D*25
2026-05-31T13:28:40.3201234Z $GPVTG,210.0,T,224.1,M,0.1,N,0.1,K,A*25
2026-05-31T13:28:40.3201234Z $IIHDG,317.8,,,14.0,W*08
2026-05-31T13:28:40.3201234Z $GPZDA,132838,31,05,2026,04,00*4E
2026-05-31T13:28:40.3842854Z $IIHDG,317.8,,,14.0,W*08
2026-05-31T13:28:40.4326813Z $GPAAM,,,,N,*38
2026-05-31T13:28:40.4810032Z $GPAPB,,,,,,,,,,,,,,,N*26
2026-05-31T13:28:40.5312916Z $IIHDG,317.7,,,14.0,W*07
2026-05-31T13:28:40.5312916Z $GPBOD,,T,,M,,*47
2026-05-31T13:28:40.5787363Z $GPRMB,,,,,,,,,,,,,,N*04
2026-05-31T13:28:40.6255498Z $GPXTE,,,,,N,N*5E
2026-05-31T13:28:40.6255498Z $IIHDG,317.7,,,14.0,W*07
2026-05-31T13:28:40.6255498Z $SDDBT,27.6,f,8.4,M,4.6,F*3B
2026-05-31T13:28:40.6734470Z $SDDPT,8.4,0.0,*77
2026-05-31T13:28:40.7238112Z !AIVDM,1,1,,,18I<UK000<rt@6PHC3r1bQhl0000,0*65
2026-05-31T13:28:40.7258184Z $IIHDG,317.7,,,14.0,W*07
2026-05-31T13:28:40.7258184Z $SDMTW,14.8,C*09
2026-05-31T13:28:40.7661135Z $SDVLW,,N,,N,,N,,N*5A
2026-05-31T13:28:40.8134653Z $IIHDG,317.7,,,14.0,W*07
2026-05-31T13:28:40.8134653Z $SDVHW,303.6,T,317.7,M,0.0,N,0.0,K*46
2026-05-31T13:28:40.8924339Z $IIHDG,317.7,,,14.0,W*07
2026-05-31T13:28:40.9404830Z $WIMWD,307.3,T,321.4,M,5.7,N,2.9,M*50
2026-05-31T13:28:40.9432316Z $WIMWV,3.6,R,6.2,N,A*22
2026-05-31T13:28:40.9432316Z $WIMWV,3.6,T,5.7,N,A*22
2026-05-31T13:28:40.9878045Z $IIHDG,317.6,,,14.0,W*06
2026-05-31T13:28:41.0351610Z $IIXDR,C,13.1,C,AIRTEMP,A,1.9,D,HEEL,A,0.0,D,TRIM,P,1.016,B,BARO,A,-0.2,D,RUDDER*3B
2026-05-31T13:28:41.0915624Z $IIHDG,317.6,,,14.0,W*06
2026-05-31T13:28:41.1507882Z $GNGGA,132839,4230.0920,N,07050.4985,W,2,00,0.50,8,M,-32.6,M,,*4A
2026-05-31T13:28:41.1528013Z !AIVDM,1,1,,,B52oU<@1?VfsJ265MKrKKwP00000,0*31
2026-05-31T13:28:41.1528013Z $GPGLC,9960,,,13928.94,A,25847.50,A,44324.31,A,60280.08,A,,*73
2026-05-31T13:28:41.1944681Z $GPGLL,4230.0920,N,07050.4985,W,132839,A,D*5E
2026-05-31T13:28:41.1944681Z $IIHDG,317.6,,,14.0,W*06
2026-05-31T13:28:41.2423479Z $GNGSA,A,3,,,,,,,,,,,,,0.70,0.50,0.50*1B
2026-05-31T13:28:41.2468312Z $GNGSV,3,1,11,01,11,054,,03,37,058,,06,62,249,,11,21,239,*69
2026-05-31T13:28:41.2468312Z $GNGSV,3,2,11,12,08,320,,14,39,166,,17,67,067,,19,68,323,*60
2026-05-31T13:28:41.2468312Z $GNGSV,3,3,11,22,58,174,,24,13,284,,44,23,237,*55
2026-05-31T13:28:41.2468312Z !AIVDM,1,1,,,ENk`sl>`@@@@@@@@@@@@@@@@@@@=OTgH<LwsP00000000?,4*70
2026-05-31T13:28:41.2983256Z $GPRMC,132839,A,4230.0920,N,07050.4985,W,0.1,210.0,310526,14.1,W,D*25
2026-05-31T13:28:41.2983256Z $GPVTG,210.0,T,224.1,M,0.1,N,0.1,K,A*25
2026-05-31T13:28:41.2983256Z !AIVDM,1,1,,,35NwCQPPP6rs>PpHBg4cWb1>0000,0*33
2026-05-31T13:28:41.2983256Z $IIHDG,317.6,,,14.0,W*06
2026-05-31T13:28:41.2983256Z $GPZDA,132839,31,05,2026,04,00*4F
2026-05-31T13:28:41.3936097Z $IIHDG,317.6,,,14.0,W*06
2026-05-31T13:28:41.4482741Z $GPAAM,,,,N,*38
2026-05-31T13:28:41.4901321Z $GPAPB,,,,,,,,,,,,,,,N*26
2026-05-31T13:28:41.5378507Z $IIHDG,317.7,,,14.0,W*07
2026-05-31T13:28:41.5378507Z $GPBOD,,T,,M,,*47
2026-05-31T13:28:41.5857998Z $GPRMB,,,,,,,,,,,,,,N*04
2026-05-31T13:28:41.6343984Z $GPXTE,,,,,N,N*5E
2026-05-31T13:28:41.6343984Z $IIHDG,317.7,,,14.0,W*07
2026-05-31T13:28:41.6343984Z $SDDBT,28.0,f,8.5,M,4.6,F*33
2026-05-31T13:28:41.6823760Z $SDDPT,8.6,0.0,*75
2026-05-31T13:28:41.7300583Z $IIHDG,317.7,,,14.0,W*07
2026-05-31T13:28:41.7300583Z !AIVDM,1,1,,,35N1c70000Jrmw0H?GEd6mc@0000,0*31
2026-05-31T13:28:41.7300583Z $SDMTW,14.8,C*09
2026-05-31T13:28:41.7785334Z $SDVLW,,N,,N,,N,,N*5A
2026-05-31T13:28:41.8257563Z $SDVHW,303.6,T,317.7,M,0.0,N,0.0,K*46
2026-05-31T13:28:41.8257563Z $IIHDG,317.7,,,14.0,W*07
2026-05-31T13:28:41.8895674Z $IIHDG,317.7,,,14.0,W*07
2026-05-31T13:28:41.9535499Z $WIMWD,307.1,T,321.2,M,6.2,N,3.2,M*58
2026-05-31T13:28:41.9535499Z $WIMWV,3.4,R,6.0,N,A*22
2026-05-31T13:28:41.9535499Z $WIMWV,3.4,T,6.2,N,A*26
2026-05-31T13:28:42.0018726Z $IIHDG,317.7,,,14.0,W*07
2026-05-31T13:28:42.0504212Z $IIXDR,C,13.1,C,AIRTEMP,A,2.5,D,HEEL,A,-0.2,D,TRIM,P,1.015,B,BARO,A,-0.3,D,RUDDER*19
2026-05-31T13:28:42.0987371Z $GNGGA,132840,4230.0920,N,07050.4984,W,2,00,0.50,8,M,-32.6,M,,*45
2026-05-31T13:28:42.1484199Z $IIHDG,317.7,,,14.0,W*07
2026-05-31T13:28:42.1484199Z $GPGLC,9960,,,13928.94,A,25847.50,A,44324.31,A,60280.08,A,,*73
2026-05-31T13:28:42.1946318Z $GPGLL,4230.0920,N,07050.4984,W,132840,A,D*51
2026-05-31T13:28:42.1946318Z !AIVDM,1,1,,,ENk`sl>`@@@@@@@@@@@@@@@@@@@=OTgH<LwsP00000000?,4*70
2026-05-31T13:28:42.1946318Z $GNGSA,A,3,,,,,,,,,,,,,0.70,0.50,0.50*1B
2026-05-31T13:28:42.1946318Z $GNGSV,3,1,11,01,11,054,,03,37,058,,06,62,249,,11,21,239,*69
2026-05-31T13:28:42.1946318Z $GNGSV,3,2,11,12,08,320,,14,39,166,,17,67,067,,19,68,323,*60
2026-05-31T13:28:42.1946318Z $GNGSV,3,3,11,22,58,174,,24,13,284,,44,23,237,*55
2026-05-31T13:28:42.2417607Z $IIHDG,317.7,,,14.0,W*07
2026-05-31T13:28:42.2896782Z $GPRMC,132840,A,4230.0920,N,07050.4984,W,0.1,210.0,310526,14.1,W,D*2A
2026-05-31T13:28:42.2896782Z $GPVTG,210.0,T,224.1,M,0.1,N,0.1,K,A*25
2026-05-31T13:28:42.3376722Z $GPZDA,132840,31,05,2026,04,00*41
2026-05-31T13:28:42.3376722Z $IIHDG,317.7,,,14.0,W*07
2026-05-31T13:28:42.4178540Z $IIHDG,317.6,,,14.0,W*06
2026-05-31T13:28:42.4655412Z $GPAAM,,,,N,*38
2026-05-31T13:28:42.5140395Z $GPAPB,,,,,,,,,,,,,,,N*26
2026-05-31T13:28:42.5140395Z $GPBOD,,T,,M,,*47
2026-05-31T13:28:42.5605794Z $IIHDG,317.6,,,14.0,W*06
2026-05-31T13:28:42.5605794Z !AIVDM,1,1,,,15NO=g;P00Jrjq`H@0vdbOw@2000,0*22
2026-05-31T13:28:42.6093960Z $GPRMB,,,,,,,,,,,,,,N*04
2026-05-31T13:28:42.6093960Z $GPXTE,,,,,N,N*5E
2026-05-31T13:28:42.6553694Z $IIHDG,317.6,,,14.0,W*06
2026-05-31T13:28:42.6553694Z $SDDBT,28.1,f,8.5,M,4.6,F*32
2026-05-31T13:28:42.7027796Z $SDDPT,8.6,0.0,*75
2026-05-31T13:28:42.7506850Z $SDMTW,14.8,C*09
2026-05-31T13:28:42.7506850Z !AIVDM,1,1,,,B5OElb00;VfrAP65GR`BP:P00000,0*42
2026-05-31T13:28:42.7506850Z $IIHDG,317.6,,,14.0,W*06
2026-05-31T13:28:42.7506850Z $SDVLW,,N,,N,,N,,N*5A
2026-05-31T13:28:42.7992908Z $SDVHW,303.6,T,317.6,M,0.0,N,0.0,K*47
2026-05-31T13:28:42.8470088Z !AIVDM,1,1,,,15Ngd70OT4Js>vpH>0tdkJ;D0000,0*0F
2026-05-31T13:28:42.8507792Z $IIHDG,317.6,,,14.0,W*06
2026-05-31T13:28:42.9105671Z $WIMWD,307.3,T,321.4,M,5.8,N,3.0,M*57
2026-05-31T13:28:42.9583416Z $WIMWV,3.8,R,6.0,N,A*2E
2026-05-31T13:28:42.9583416Z $WIMWV,3.8,T,5.8,N,A*23
2026-05-31T13:28:42.9583416Z $IIHDG,317.6,,,14.0,W*06
2026-05-31T13:28:43.0214398Z $IIHDG,317.6,,,14.0,W*06
2026-05-31T13:28:43.0698038Z $IIXDR,C,13.1,C,AIRTEMP,A,3.3,D,HEEL,A,0.3,D,TRIM,P,1.016,B,BARO,A,-0.4,D,RUDDER*36
2026-05-31T13:28:43.0698038Z !AIVDM,1,1,,,B5NbTfP006fdn<63fJ1A7wP00000,0*41
2026-05-31T13:28:43.1184457Z $GNGGA,132841,4230.0920,N,07050.4983,W,2,00,0.50,8,M,-32.6,M,,*43
2026-05-31T13:28:43.1184457Z $GPGLC,9960,,,13928.94,A,25847.50,A,44324.31,A,60280.08,A,,*73
2026-05-31T13:28:43.1643551Z $IIHDG,317.6,,,14.0,W*06
2026-05-31T13:28:43.2121512Z $GPGLL,4230.0920,N,07050.4983,W,132841,A,D*57
2026-05-31T13:28:43.2121512Z $GNGSA,A,3,,,,,,,,,,,,,0.70,0.50,0.50*1B
2026-05-31T13:28:43.2121512Z $GNGSV,3,1,11,01,11,054,,03,37,058,,06,62,249,,11,21,239,*69
2026-05-31T13:28:43.2121512Z $GNGSV,3,2,11,12,08,320,,14,39,166,,17,67,067,,19,68,323,*60
2026-05-31T13:28:43.2121512Z $GNGSV,3,3,11,22,58,174,,24,13,284,,44,23,237,*55
2026-05-31T13:28:43.2605001Z $IIHDG,317.6,,,14.0,W*06
2026-05-31T13:28:43.2605001Z $GPRMC,132841,A,4230.0920,N,07050.4983,W,0.1,210.0,310526,14.1,W,D*2C
2026-05-31T13:28:43.3279237Z $GPVTG,210.0,T,224.1,M,0.1,N,0.2,K,A*26
2026-05-31T13:28:43.3279237Z $GPZDA,132841,31,05,2026,04,00*40
2026-05-31T13:28:43.3279237Z $IIHDG,317.6,,,14.0,W*06
2026-05-31T13:28:43.4202916Z $GPAAM,,,,N,*38
2026-05-31T13:28:43.4676733Z $IIHDG,317.6,,,14.0,W*06
2026-05-31T13:28:43.4676733Z !AIVDM,1,1,,,15NQUM4P00rrksHH>tpf4?wD2000,0*7E
2026-05-31T13:28:43.5159101Z $GPAPB,,,,,,,,,,,,,,,N*26
2026-05-31T13:28:43.5159101Z $GPBOD,,T,,M,,*47
2026-05-31T13:28:43.5642675Z $IIHDG,317.6,,,14.0,W*06
2026-05-31T13:28:43.5642675Z $GPRMB,,,,,,,,,,,,,,N*04
2026-05-31T13:28:43.6121254Z $GPXTE,,,,,N,N*5E
2026-05-31T13:28:43.6121254Z !AIVDM,1,1,,,15MnF7<00DJrrJPH>hF<?IWF0000,0*1A
2026-05-31T13:28:43.6758580Z $SDDBT,27.9,f,8.5,M,4.6,F*35
2026-05-31T13:28:43.6758580Z $IIHDG,317.6,,,14.0,W*06
2026-05-31T13:28:43.7240824Z $SDDPT,8.5,0.0,*76
2026-05-31T13:28:43.7240824Z $SDMTW,14.8,C*09
2026-05-31T13:28:43.7720755Z $IIHDG,317.6,,,14.0,W*06
2026-05-31T13:28:43.7720755Z $SDVLW,,N,,N,,N,,N*5A
2026-05-31T13:28:43.8203552Z $SDVHW,303.5,T,317.6,M,0.0,N,0.0,K*44
2026-05-31T13:28:43.8690786Z $IIHDG,317.6,,,14.0,W*06
2026-05-31T13:28:43.9161937Z $WIMWD,308.0,T,322.1,M,5.2,N,2.7,M*51
2026-05-31T13:28:43.9643290Z $WIMWV,4.5,R,5.7,N,A*20
2026-05-31T13:28:43.9643290Z $WIMWV,4.3,T,5.2,N,A*25
2026-05-31T13:28:43.9643290Z $IIHDG,317.6,,,14.0,W*06
2026-05-31T13:28:44.0278914Z !AIVDM,1,1,,,15NK=p0OSprskf0H=I<T5C7D0000,0*1A
2026-05-31T13:28:44.0919967Z $IIXDR,C,13.1,C,AIRTEMP,A,3.6,D,HEEL,A,0.1,D,TRIM,P,1.015,B,BARO,A,-0.4,D,RUDDER*32
2026-05-31T13:28:44.0919967Z $IIHDG,317.6,,,14.0,W*06
2026-05-31T13:28:44.0919967Z !AIVDM,1,1,,,352l5NhOQWrsA8HH>kHQ<Q7D0000,0*4F
2026-05-31T13:28:44.1401020Z $GNGGA,132842,4230.0919,N,07050.4983,W,2,00,0.50,8,M,-32.6,M,,*4A
2026-05-31T13:28:44.1430993Z $GPGLC,9960,,,13928.94,A,25847.49,A,44324.31,A,60280.08,A,,*7B
2026-05-31T13:28:44.1886306Z $IIHDG,317.6,,,14.0,W*06
2026-05-31T13:28:44.1886306Z $GPGLL,4230.0919,N,07050.4983,W,132842,A,D*5E
2026-05-31T13:28:44.2371731Z $GNGSA,A,3,,,,,,,,,,,,,0.70,0.50,0.50*1B
2026-05-31T13:28:44.2371731Z $GNGSV,3,1,11,01,11,054,,03,37,058,,06,62,249,,11,21,239,*69
2026-05-31T13:28:44.2371731Z $GNGSV,3,2,11,12,08,320,,14,39,166,,17,67,067,,19,68,323,*60
2026-05-31T13:28:44.2371731Z $GNGSV,3,3,11,22,58,174,,24,13,284,,44,23,237,*55
2026-05-31T13:28:44.2848865Z $IIHDG,317.6,,,14.0,W*06
2026-05-31T13:28:44.2848865Z $GPRMC,132842,A,4230.0919,N,07050.4983,W,0.1,210.0,310526,14.1,W,D*25
2026-05-31T13:28:44.2848865Z $GPVTG,210.0,T,224.1,M,0.1,N,0.2,K,A*26
2026-05-31T13:28:44.3328183Z $GPZDA,132842,31,05,2026,04,00*43
2026-05-31T13:28:44.3822594Z $IIHDG,317.6,,,14.0,W*06
2026-05-31T13:28:44.4279663Z !AIVDM,1,1,,,15O=hk5siAJsGq8H>mPQFQ340000,0*41
2026-05-31T13:28:44.4279663Z $GPAAM,,,,N,*38
2026-05-31T13:28:44.4763622Z $IIHDG,317.6,,,14.0,W*06
2026-05-31T13:28:44.4763622Z $GPAPB,,,,,,,,,,,,,,,N*26
2026-05-31T13:28:44.5242758Z $GPBOD,,T,,M,,*47
2026-05-31T13:28:44.5715341Z !AIVDM,1,1,,,15Ngd70OT3Js>shH>1Kdnb=H0000,0*0C
2026-05-31T13:28:44.5715341Z $IIHDG,317.6,,,14.0,W*06
2026-05-31T13:28:44.5715341Z $GPRMB,,,,,,,,,,,,,,N*04
2026-05-31T13:28:44.6191602Z $GPXTE,,,,,N,N*5E
2026-05-31T13:28:44.6669571Z $SDDBT,27.6,f,8.4,M,4.6,F*3B
2026-05-31T13:28:44.6669571Z $IIHDG,317.6,,,14.0,W*06
2026-05-31T13:28:44.7147999Z $SDDPT,8.4,0.0,*77
2026-05-31T13:28:44.7147999Z $SDMTW,14.8,C*09
2026-05-31T13:28:44.7621985Z $SDVLW,,N,,N,,N,,N*5A
2026-05-31T13:28:44.7621985Z $IIHDG,317.6,,,14.0,W*06
2026-05-31T13:28:44.8100071Z $SDVHW,303.5,T,317.6,M,0.0,N,0.0,K*44
2026-05-31T13:28:44.8584190Z $IIHDG,317.6,,,14.0,W*06
2026-05-31T13:28:44.9062373Z $WIMWD,308.4,T,322.4,M,5.4,N,2.8,M*59
2026-05-31T13:28:44.9570583Z $WIMWV,4.8,R,5.6,N,A*2C
2026-05-31T13:28:44.9570583Z $WIMWV,4.8,T,5.4,N,A*28
2026-05-31T13:28:45.0023052Z $IIHDG,317.6,,,14.0,W*06
2026-05-31T13:28:45.0503148Z $IIXDR,C,13.1,C,AIRTEMP,A,2.1,D,HEEL,A,0.3,D,TRIM,P,1.016,B,BARO,A,-0.3,D,RUDDER*32
2026-05-31T13:28:45.0984993Z $IIHDG,317.6,,,14.0,W*06
2026-05-31T13:28:45.0984993Z !AIVDM,1,1,,,153>KLP000rrh:0H?V`8E6QF0000,0*76
2026-05-31T13:28:45.1461874Z $GNGGA,132843,4230.0918,N,07050.4983,W,2,00,0.50,8,M,-32.6,M,,*4A
2026-05-31T13:28:45.1461874Z $GPGLC,9960,,,13928.94,A,25847.49,A,44324.31,A,60280.08,A,,*7B
2026-05-31T13:28:45.1942625Z $IIHDG,317.6,,,14.0,W*06
2026-05-31T13:28:45.1942625Z $GPGLL,4230.0918,N,07050.4983,W,132843,A,D*5E
2026-05-31T13:28:45.2420881Z $GNGSA,A,3,,,,,,,,,,,,,0.70,0.50,0.50*1B
2026-05-31T13:28:45.2420881Z $GNGSV,3,1,11,01,11,054,,03,37,058,,06,62,249,,11,21,239,*69
2026-05-31T13:28:45.2420881Z $GNGSV,3,2,11,12,08,320,,14,39,166,,17,67,067,,19,68,323,*60
2026-05-31T13:28:45.2420881Z $GNGSV,3,3,11,22,58,174,,24,13,284,,44,23,237,*55
2026-05-31T13:28:45.2899542Z $GPRMC,132843,A,4230.0918,N,07050.4983,W,0.1,210.0,310526,14.1,W,D*25
2026-05-31T13:28:45.2899542Z $IIHDG,317.6,,,14.0,W*06
2026-05-31T13:28:45.2899542Z $GPVTG,210.0,T,224.1,M,0.1,N,0.2,K,A*26
2026-05-31T13:28:45.3384191Z $GPZDA,132843,31,05,2026,04,00*42
2026-05-31T13:28:45.3863538Z !AIVDM,1,1,,,19NSfbh000rrnu8H>W?3S8GB0000,0*4E
2026-05-31T13:28:45.3863538Z $IIHDG,317.6,,,14.0,W*06
2026-05-31T13:28:45.4339794Z !AIVDM,1,1,,,B52T9P@0<NfvwT65`GrNowP00000,0*4E
2026-05-31T13:28:45.4365597Z $GPAAM,,,,N,*38
2026-05-31T13:28:45.4820756Z $IIHDG,317.5,,,14.0,W*05
2026-05-31T13:28:45.4820756Z $GPAPB,,,,,,,,,,,,,,,N*26
2026-05-31T13:28:45.5302136Z !AIVDM,1,1,,,15NO=dPPP0JroS@H>Wq:H5UJ0000,0*17
2026-05-31T13:28:45.5302136Z $GPBOD,,T,,M,,*47
2026-05-31T13:28:45.5789652Z $GPRMB,,,,,,,,,,,,,,N*04
2026-05-31T13:28:45.5789652Z $IIHDG,317.5,,,14.0,W*05
2026-05-31T13:28:45.6271076Z !AIVDM,1,1,,,15NKP50000rrsPhH@W64LAqJ0000,0*23
2026-05-31T13:28:45.6271076Z $GPXTE,,,,,N,N*5E
2026-05-31T13:28:45.6741336Z $SDDBT,27.6,f,8.4,M,4.6,F*3B
2026-05-31T13:28:45.6741336Z $IIHDG,317.5,,,14.0,W*05
2026-05-31T13:28:45.7219023Z $SDDPT,8.4,0.0,*77
2026-05-31T13:28:45.7219023Z $SDMTW,14.8,C*09
2026-05-31T13:28:45.7714448Z $SDVLW,,N,,N,,N,,N*5A
2026-05-31T13:28:45.8182348Z $IIHDG,317.5,,,14.0,W*05
2026-05-31T13:28:45.8182348Z $SDVHW,303.5,T,317.5,M,0.0,N,0.0,K*47
2026-05-31T13:28:45.8659207Z $IIHDG,317.5,,,14.0,W*05
2026-05-31T13:28:45.9301722Z $WIMWD,307.6,T,321.7,M,5.5,N,2.8,M*55
2026-05-31T13:28:45.9301722Z $WIMWV,4.1,R,5.6,N,A*25
2026-05-31T13:28:45.9301722Z $WIMWV,4.1,T,5.5,N,A*20
2026-05-31T13:28:45.9799243Z $IIHDG,317.5,,,14.0,W*05
2026-05-31T13:28:46.0257435Z $IIXDR,C,13.1,C,AIRTEMP,A,1.0,D,HEEL,A,0.3,D,TRIM,P,1.015,B,BARO,A,-0.4,D,RUDDER*34
2026-05-31T13:28:46.0898152Z $IIHDG,317.5,,,14.0,W*05
2026-05-31T13:28:46.1375518Z $GNGGA,132844,4230.0918,N,07050.4983,W,2,00,0.50,8,M,-32.6,M,,*4D
2026-05-31T13:28:46.1375518Z $GPGLC,9960,,,13928.94,A,25847.49,A,44324.31,A,60280.08,A,,*7B
2026-05-31T13:28:46.1861066Z $GPGLL,4230.0918,N,07050.4983,W,132844,A,D*59
2026-05-31T13:28:46.1861066Z $IIHDG,317.5,,,14.0,W*05
2026-05-31T13:28:46.2345267Z $GNGSA,A,3,,,,,,,,,,,,,0.70,0.50,0.50*1B
2026-05-31T13:28:46.2345267Z $GNGSV,3,1,11,01,11,054,,03,37,058,,06,62,249,,11,21,239,*69
2026-05-31T13:28:46.2345267Z $GNGSV,3,2,11,12,08,320,,14,39,166,,17,67,067,,19,68,323,*60
2026-05-31T13:28:46.2345267Z $GNGSV,3,3,11,22,58,174,,24,13,284,,44,23,237,*55
2026-05-31T13:28:46.2345267Z !AIVDM,1,1,,,E>k`vt<r0h@@@@@@@@@@@@@@@@@=MwTH<E=u@00000000?,4*12
2026-05-31T13:28:46.2824156Z $GPRMC,132844,A,4230.0918,N,07050.4983,W,0.1,210.0,310526,14.1,W,D*22
2026-05-31T13:28:46.2824156Z $IIHDG,317.5,,,14.0,W*05
2026-05-31T13:28:46.3302153Z $GPVTG,210.0,T,224.1,M,0.1,N,0.2,K,A*26
2026-05-31T13:28:46.3302153Z !AIVDM,1,1,,,B52oU<@1<6fsEt65MA:J?wP00000,0*2C
2026-05-31T13:28:46.3302153Z $GPZDA,132844,31,05,2026,04,00*45
2026-05-31T13:28:46.3786416Z $IIHDG,317.5,,,14.0,W*05
2026-05-31T13:28:46.4270791Z $GPAAM,,,,N,*38
2026-05-31T13:28:46.4896050Z !AIVDM,1,1,,,B5OAl@000>g9Fr66:9cQ3wP00000,0*43
2026-05-31T13:28:46.4896050Z $GPAPB,,,,,,,,,,,,,,,N*26
2026-05-31T13:28:46.4896050Z $IIHDG,317.4,,,14.0,W*04
2026-05-31T13:28:46.5376523Z $GPBOD,,T,,M,,*47
2026-05-31T13:28:46.5855939Z $GPRMB,,,,,,,,,,,,,,N*04
2026-05-31T13:28:46.5855939Z $IIHDG,317.4,,,14.0,W*04
2026-05-31T13:28:46.6336469Z $GPXTE,,,,,N,N*5E
2026-05-31T13:28:46.6820449Z $SDDBT,27.6,f,8.4,M,4.6,F*3B
2026-05-31T13:28:46.7302296Z $IIHDG,317.4,,,14.0,W*04
2026-05-31T13:28:46.7302296Z $SDDPT,8.4,0.0,*77
2026-05-31T13:28:46.7302296Z !AIVDM,1,1,,,15Ngd70OT3Js>p`H>1sdtJAL0000,0*75
2026-05-31T13:28:46.7302296Z $SDMTW,14.8,C*09
2026-05-31T13:28:46.7775370Z $SDVLW,,N,,N,,N,,N*5A
2026-05-31T13:28:46.8256351Z !AIVDM,1,1,,,15MeF10P00JrjtHH@0d9FgwL0000,0*4D
2026-05-31T13:28:46.8256351Z $IIHDG,317.4,,,14.0,W*04
2026-05-31T13:28:46.8256351Z $SDVHW,303.3,T,317.4,M,0.0,N,0.0,K*40
2026-05-31T13:28:46.8940747Z $IIHDG,317.4,,,14.0,W*04
2026-05-31T13:28:46.9371364Z $WIMWD,306.8,T,320.9,M,5.6,N,2.9,M*57
2026-05-31T13:28:46.9371364Z $WIMWV,3.4,R,5.5,N,A*24
2026-05-31T13:28:46.9371364Z $WIMWV,3.3,T,5.6,N,A*26
2026-05-31T13:28:46.9371364Z !AIVDM,1,1,,,352l5Nh01WrsA9hH>kU1@15H0000,0*1E
2026-05-31T13:28:46.9869850Z !AIVDM,1,1,,,18IPTf0PQNrsA=@H>dv1iQ5B0000,0*1D
2026-05-31T13:28:47.0334015Z $IIHDG,317.4,,,14.0,W*04
2026-05-31T13:28:47.0813695Z $IIXDR,C,13.2,C,AIRTEMP,A,1.0,D,HEEL,A,0.3,D,TRIM,P,1.016,B,BARO,A,0.1,D,RUDDER*1C
2026-05-31T13:28:47.1299131Z $IIHDG,317.3,,,14.0,W*03
2026-05-31T13:28:47.1299131Z $GNGGA,132845,4230.0918,N,07050.4983,W,2,00,0.50,8,M,-32.6,M,,*4C
2026-05-31T13:28:47.1299131Z $GPGLC,9960,,,13928.94,A,25847.49,A,44324.31,A,60280.08,A,,*7B
2026-05-31T13:28:47.1780137Z $GPGLL,4230.0918,N,07050.4983,W,132845,A,D*58
2026-05-31T13:28:47.2417123Z !AIVDM,1,1,,,15NO=iPPP4JrothH>Wn=`79L0000,0*49
2026-05-31T13:28:47.2417123Z $IIHDG,317.3,,,14.0,W*03
2026-05-31T13:28:47.2417123Z $GNGSA,A,3,,,,,,,,,,,,,0.70,0.50,0.50*1B
2026-05-31T13:28:47.2417123Z $GNGSV,3,1,11,01,11,054,,03,37,058,,06,62,249,,11,21,239,*69
2026-05-31T13:28:47.2417123Z $GNGSV,3,2,11,12,08,320,,14,39,166,,17,67,067,,19,68,323,*60
2026-05-31T13:28:47.2417123Z $GNGSV,3,3,11,22,58,174,,24,13,284,,44,23,237,*55
2026-05-31T13:28:47.2898408Z $GPRMC,132845,A,4230.0918,N,07050.4983,W,0.1,210.0,310526,14.1,W,D*23
2026-05-31T13:28:47.2898408Z $GPVTG,210.0,T,224.1,M,0.1,N,0.1,K,A*25
2026-05-31T13:28:47.3378933Z $IIHDG,317.3,,,14.0,W*03
2026-05-31T13:28:47.3378933Z $GPZDA,132845,31,05,2026,04,00*44
2026-05-31T13:28:47.3874997Z $IIHDG,317.3,,,14.0,W*03
2026-05-31T13:28:47.4499167Z $GPAAM,,,,N,*38
2026-05-31T13:28:47.4971235Z $GPAPB,,,,,,,,,,,,,,,N*26
2026-05-31T13:28:47.4971235Z $IIHDG,317.3,,,14.0,W*03
2026-05-31T13:28:47.4971235Z $GPBOD,,T,,M,,*47
2026-05-31T13:28:47.5695328Z $GPRMB,,,,,,,,,,,,,,N*04
2026-05-31T13:28:47.6259092Z $GPXTE,,,,,N,N*5E
2026-05-31T13:28:47.6259092Z $IIHDG,317.2,,,14.0,W*02
2026-05-31T13:28:47.6732972Z $SDDBT,27.6,f,8.4,M,4.6,F*3B
2026-05-31T13:28:47.7208485Z $IIHDG,317.2,,,14.0,W*02
2026-05-31T13:28:47.7241822Z $SDDPT,8.4,0.0,*77
2026-05-31T13:28:47.7241822Z $SDMTW,14.8,C*09
2026-05-31T13:28:47.7687919Z $SDVLW,,N,,N,,N,,N*5A
2026-05-31T13:28:47.8173811Z $IIHDG,317.2,,,14.0,W*02
2026-05-31T13:28:47.8173811Z $SDVHW,303.1,T,317.2,M,0.0,N,0.0,K*44
2026-05-31T13:28:47.8979848Z $IIHDG,317.1,,,14.0,W*01
2026-05-31T13:28:47.9458503Z $WIMWD,305.9,T,319.9,M,6.0,N,3.1,M*53
2026-05-31T13:28:47.9458503Z $WIMWV,2.6,R,5.6,N,A*24
2026-05-31T13:28:47.9458503Z $WIMWV,2.7,T,6.0,N,A*26
2026-05-31T13:28:47.9458503Z !AIVDM,1,1,,,152Wpn<01GrsKq8H?m?RsRAF2000,0*32
2026-05-31T13:28:47.9944231Z $IIHDG,317.1,,,14.0,W*01
2026-05-31T13:28:48.0432000Z $IIXDR,C,13.2,C,AIRTEMP,A,3.5,D,HEEL,A,0.5,D,TRIM,P,1.015,B,BARO,A,-0.1,D,RUDDER*33
2026-05-31T13:28:48.0912545Z $IIHDG,317.0,,,14.0,W*00
2026-05-31T13:28:48.1550886Z $GNGGA,132846,4230.0919,N,07050.4982,W,2,00,0.50,8,M,-32.6,M,,*4F
2026-05-31T13:28:48.1550886Z $GPGLC,9960,,,13928.94,A,25847.49,A,44324.31,A,60280.08,A,,*7B
2026-05-31T13:28:48.2189563Z $GPGLL,4230.0919,N,07050.4982,W,132846,A,D*5B
2026-05-31T13:28:48.2189563Z $IIHDG,317.0,,,14.0,W*00
2026-05-31T13:28:48.2189563Z $GNGSA,A,3,,,,,,,,,,,,,0.70,0.50,0.50*1B
2026-05-31T13:28:48.2189563Z $GNGSV,3,1,11,01,11,054,,03,37,058,,06,62,249,,11,21,239,*69
2026-05-31T13:28:48.2189563Z $GNGSV,3,2,11,12,08,320,,14,39,166,,17,67,067,,19,68,323,*60
2026-05-31T13:28:48.2189563Z $GNGSV,3,3,11,22,58,174,,24,13,284,,44,23,237,*55
2026-05-31T13:28:48.2675969Z $GPRMC,132846,A,4230.0919,N,07050.4982,W,0.1,210.0,310526,14.1,W,D*20
2026-05-31T13:28:48.3144362Z $GPVTG,210.0,T,224.1,M,0.1,N,0.1,K,A*25
2026-05-31T13:28:48.3144362Z $IIHDG,316.9,,,14.0,W*08
2026-05-31T13:28:48.3144362Z $GPZDA,132846,31,05,2026,04,00*47
2026-05-31T13:28:48.3952038Z $IIHDG,316.8,,,14.0,W*09
2026-05-31T13:28:48.4435139Z $GPAAM,,,,N,*38
2026-05-31T13:28:48.4922293Z $GPAPB,,,,,,,,,,,,,,,N*26
2026-05-31T13:28:48.5391716Z $GPBOD,,T,,M,,*47
2026-05-31T13:28:48.5391716Z $IIHDG,316.8,,,14.0,W*09
2026-05-31T13:28:48.5875247Z !AIVDM,1,1,,,35NwCQPPP2rs>PhHBg5dEauL0000,0*0E
2026-05-31T13:28:48.5875247Z $GPRMB,,,,,,,,,,,,,,N*04
2026-05-31T13:28:48.6353903Z $GPXTE,,,,,N,N*5E
2026-05-31T13:28:48.6353903Z $IIHDG,316.7,,,14.0,W*06
2026-05-31T13:28:48.6831396Z $SDDBT,27.6,f,8.4,M,4.6,F*3B
2026-05-31T13:28:48.7315963Z $SDDPT,8.4,0.0,*77
2026-05-31T13:28:48.7315963Z $IIHDG,316.7,,,14.0,W*06
2026-05-31T13:28:48.7315963Z $SDMTW,14.8,C*09
2026-05-31T13:28:48.7797687Z $SDVLW,,N,,N,,N,,N*5A
2026-05-31T13:28:48.8278038Z !AIVDM,1,1,,,15Ngd70OT2Js>n0H>2Ke0rAP0000,0*60
2026-05-31T13:28:48.8278038Z $SDVHW,302.6,T,316.6,M,0.0,N,0.0,K*47
2026-05-31T13:28:48.8278038Z $IIHDG,316.6,,,14.0,W*07
2026-05-31T13:28:48.9035760Z $IIHDG,316.6,,,14.0,W*07
2026-05-31T13:28:48.9555405Z $WIMWD,306.3,T,320.4,M,6.5,N,3.3,M*5A
2026-05-31T13:28:48.9555405Z $WIMWV,3.8,R,5.9,N,A*24
2026-05-31T13:28:48.9555405Z $WIMWV,3.8,T,6.5,N,A*2D
2026-05-31T13:28:49.0041045Z $IIHDG,316.6,,,14.0,W*07
2026-05-31T13:28:49.0526420Z $IIXDR,C,13.1,C,AIRTEMP,A,4.9,D,HEEL,A,0.1,D,TRIM,P,1.016,B,BARO,A,-0.3,D,RUDDER*3E
2026-05-31T13:28:49.1026405Z $IIHDG,316.6,,,14.0,W*07
2026-05-31T13:28:49.1478122Z $GNGGA,132847,4230.0918,N,07050.4981,W,2,00,0.50,8,M,-32.6,M,,*4C
2026-05-31T13:28:49.1478122Z $GPGLC,9960,,,13928.94,A,25847.49,A,44324.31,A,60280.08,A,,*7B
2026-05-31T13:28:49.1956323Z $GPGLL,4230.0918,N,07050.4981,W,132847,A,D*58
2026-05-31T13:28:49.2435993Z $IIHDG,316.5,,,14.0,W*04
2026-05-31T13:28:49.2435993Z $GNGSA,A,3,,,,,,,,,,,,,0.70,0.50,0.50*1B
2026-05-31T13:28:49.2435993Z $GNGSV,3,1,11,01,11,054,,03,37,058,,06,62,249,,11,21,239,*69
2026-05-31T13:28:49.2435993Z $GNGSV,3,2,11,12,08,320,,14,39,166,,17,67,067,,19,68,323,*60
2026-05-31T13:28:49.2435993Z $GNGSV,3,3,11,22,58,174,,24,13,284,,44,23,237,*55
2026-05-31T13:28:49.2435993Z !AIVDM,1,1,,,ENk`sl>`@@@@@@@@@@@@@@@@@@@=OTgH<LwsP00000000?,4*70
2026-05-31T13:28:49.2914074Z $GPRMC,132847,A,4230.0918,N,07050.4982,W,0.1,210.0,310526,14.1,W,D*20
2026-05-31T13:28:49.2914074Z $GPVTG,210.0,T,224.1,M,0.1,N,0.1,K,A*25
2026-05-31T13:28:49.3398967Z $IIHDG,316.5,,,14.0,W*04
2026-05-31T13:28:49.3398967Z $GPZDA,132847,31,05,2026,04,00*46
2026-05-31T13:28:49.3873514Z $IIHDG,316.6,,,14.0,W*07
2026-05-31T13:28:49.4518988Z $GPAAM,,,,N,*38
2026-05-31T13:28:49.5011575Z !AIVDM,1,1,,,15N:gRP000rrhaHH?CIbtGkR0000,0*16
2026-05-31T13:28:49.5011575Z $GPAPB,,,,,,,,,,,,,,,N*26
2026-05-31T13:28:49.5011575Z $GPBOD,,T,,M,,*47
2026-05-31T13:28:49.5491047Z $IIHDG,316.6,,,14.0,W*07
2026-05-31T13:28:49.5960770Z $GPRMB,,,,,,,,,,,,,,N*04
2026-05-31T13:28:49.5960770Z $GPXTE,,,,,N,N*5E
2026-05-31T13:28:49.6435847Z $IIHDG,316.6,,,14.0,W*07
2026-05-31T13:28:49.6907667Z $SDDBT,27.6,f,8.4,M,4.6,F*3B
2026-05-31T13:28:49.7383602Z $SDDPT,8.4,0.0,*77
2026-05-31T13:28:49.7383602Z $IIHDG,316.6,,,14.0,W*07
2026-05-31T13:28:49.7383602Z $SDMTW,14.8,C*09
2026-05-31T13:28:49.7863169Z $SDVLW,,N,,N,,N,,N*5A
2026-05-31T13:28:49.8344620Z $SDVHW,302.5,T,316.6,M,0.0,N,0.0,K*44
2026-05-31T13:28:49.8344620Z $IIHDG,316.6,,,14.0,W*07
2026-05-31T13:28:49.9069363Z $IIHDG,316.6,,,14.0,W*07
2026-05-31T13:28:49.9632854Z $WIMWD,307.0,T,321.0,M,7.4,N,3.8,M*56
2026-05-31T13:28:49.9632854Z $WIMWV,4.4,R,6.3,N,A*26
2026-05-31T13:28:49.9632854Z $WIMWV,4.3,T,7.4,N,A*21
2026-05-31T13:28:50.0104510Z $IIHDG,316.6,,,14.0,W*07
2026-05-31T13:28:50.0604289Z $IIXDR,C,13.1,C,AIRTEMP,A,2.2,D,HEEL,A,0.1,D,TRIM,P,1.015,B,BARO,A,-0.5,D,RUDDER*36
2026-05-31T13:28:50.0604289Z !AIVDM,1,1,,,B52fqn000>fn0865QuKQ3wP00000,0*4C
2026-05-31T13:28:50.1084354Z !AIVDM,1,1,,,15NK=p0OStrskw8H=HjT8k;P0000,0*6D
2026-05-31T13:28:50.1084354Z $GNGGA,132848,4230.0918,N,07050.4981,W,2,00,0.50,8,M,-32.6,M,,*43
2026-05-31T13:28:50.1552535Z $IIHDG,316.6,,,14.0,W*07
2026-05-31T13:28:50.1552535Z $GPGLC,9960,,,13928.94,A,25847.49,A,44324.31,A,60280.08,A,,*7B
2026-05-31T13:28:50.2017255Z !AIVDM,1,1,,,ENk`sl>`@@@@@@@@@@@@@@@@@@@=OTgH<LwsP00000000?,4*70
2026-05-31T13:28:50.2017255Z $GPGLL,4230.0918,N,07050.4981,W,132848,A,D*57
2026-05-31T13:28:50.2499388Z $GNGSA,A,3,,,,,,,,,,,,,0.70,0.50,0.50*1B
2026-05-31T13:28:50.2499388Z $GNGSV,3,1,11,01,11,054,,03,37,058,,06,62,249,,11,21,239,*69
2026-05-31T13:28:50.2499388Z $GNGSV,3,2,11,12,08,320,,14,39,166,,17,67,067,,19,68,323,*60
2026-05-31T13:28:50.2499388Z $GNGSV,3,3,11,22,58,174,,24,13,284,,44,23,237,*55
2026-05-31T13:28:50.2499388Z $IIHDG,316.5,,,14.0,W*04
2026-05-31T13:28:50.2983314Z $GPRMC,132848,A,4230.0917,N,07050.4981,W,0.1,210.0,310526,14.1,W,D*23
2026-05-31T13:28:50.2983314Z $GPVTG,210.0,T,224.1,M,0.1,N,0.1,K,A*25
2026-05-31T13:28:50.3462574Z $GPZDA,132848,31,05,2026,04,00*49
2026-05-31T13:28:50.3462574Z $IIHDG,316.5,,,14.0,W*04
2026-05-31T13:28:50.4259829Z $IIHDG,316.4,,,14.0,W*05
2026-05-31T13:28:50.4898935Z $GPAAM,,,,N,*38
2026-05-31T13:28:50.4898935Z $GPAPB,,,,,,,,,,,,,,,N*26
2026-05-31T13:28:50.5382965Z $GPBOD,,T,,M,,*47
2026-05-31T13:28:50.5382965Z $IIHDG,316.4,,,14.0,W*05
2026-05-31T13:28:50.5866900Z $GPRMB,,,,,,,,,,,,,,N*04
2026-05-31T13:28:50.5866900Z !AIVDM,1,1,,,15Ngd70043Js>kHH>2t=2bCT0000,0*70
2026-05-31T13:28:50.6352981Z $GPXTE,,,,,N,N*5E
2026-05-31T13:28:50.6829064Z $IIHDG,316.3,,,14.0,W*02
2026-05-31T13:28:50.6829064Z $SDDBT,27.6,f,8.4,M,4.6,F*3B
2026-05-31T13:28:50.7308221Z $SDDPT,8.4,0.0,*77
2026-05-31T13:28:50.7308221Z $SDMTW,14.8,C*09
2026-05-31T13:28:50.7789318Z $IIHDG,316.2,,,14.0,W*03
2026-05-31T13:28:50.7789318Z $SDVLW,,N,,N,,N,,N*5A
2026-05-31T13:28:50.8433396Z $SDVHW,302.2,T,316.2,M,0.0,N,0.0,K*47
2026-05-31T13:28:50.8433396Z $IIHDG,316.2,,,14.0,W*03
2026-05-31T13:28:50.8913764Z !AIVDM,1,1,,,352l5NhPQWrsA<HH>ku1BA3P0000,0*77
2026-05-31T13:28:50.9393786Z $WIMWD,305.2,T,319.3,M,7.4,N,3.8,M*5E
2026-05-31T13:28:50.9393786Z $WIMWV,2.9,R,6.8,N,A*26
2026-05-31T13:28:50.9393786Z $WIMWV,2.8,T,7.4,N,A*2C
2026-05-31T13:28:50.9872561Z $IIHDG,316.1,,,14.0,W*00
2026-05-31T13:28:51.0355949Z $IIXDR,C,13.1,C,AIRTEMP,A,0.3,D,HEEL,A,0.5,D,TRIM,P,1.016,B,BARO,A,-0.1,D,RUDDER*36
2026-05-31T13:28:51.0464402Z !AIVDM,1,1,,,B52oU<@1>FfsAp65M5rHGwP00000,0*18
2026-05-31T13:28:51.0996465Z $IIHDG,316.1,,,14.0,W*00
2026-05-31T13:28:51.1473425Z $GNGGA,132849,4230.0918,N,07050.4981,W,2,00,0.50,8,M,-32.6,M,,*42
2026-05-31T13:28:51.1473425Z $GPGLC,9960,,,13928.94,A,25847.49,A,44324.31,A,60280.08,A,,*7B
2026-05-31T13:28:51.1956637Z $IIHDG,316.0,,,14.0,W*01
2026-05-31T13:28:51.1956637Z $GPGLL,4230.0918,N,07050.4981,W,132849,A,D*56
2026-05-31T13:28:51.2438835Z $GNGSA,A,3,,,,,,,,,,,,,0.70,0.50,0.50*1B
2026-05-31T13:28:51.2438835Z $GNGSV,3,1,11,01,11,054,,03,37,058,,06,62,249,,11,21,239,*69
2026-05-31T13:28:51.2438835Z $GNGSV,3,2,11,12,08,320,,14,39,166,,17,67,067,,19,68,323,*60
2026-05-31T13:28:51.2438835Z $GNGSV,3,3,11,22,58,174,,24,13,284,,44,23,237,*55
2026-05-31T13:28:51.3010792Z $IIHDG,316.0,,,14.0,W*01
2026-05-31T13:28:51.3010792Z $GPRMC,132849,A,4230.0918,N,07050.4981,W,0.1,210.0,310526,14.1,W,D*2D
2026-05-31T13:28:51.3010792Z !AIVDM,1,1,,,18I<UK000;rt@7`HC421eQg:0000,0*4A
2026-05-31T13:28:51.3010792Z $GPVTG,210.0,T,224.1,M,0.1,N,0.2,K,A*26
2026-05-31T13:28:51.3478293Z $GPZDA,132849,31,05,2026,04,00*48
2026-05-31T13:28:51.3958545Z $IIHDG,316.0,,,14.0,W*01
2026-05-31T13:28:51.4441840Z $GPAAM,,,,N,*38
2026-05-31T13:28:51.4922369Z $IIHDG,315.9,,,14.0,W*0B
2026-05-31T13:28:51.4922369Z $GPAPB,,,,,,,,,,,,,,,N*26
2026-05-31T13:28:51.5403501Z $GPBOD,,T,,M,,*47
2026-05-31T13:28:51.5891254Z $IIHDG,315.9,,,14.0,W*0B
2026-05-31T13:28:51.5891254Z $GPRMB,,,,,,,,,,,,,,N*04
2026-05-31T13:28:51.6366644Z $GPXTE,,,,,N,N*5E
2026-05-31T13:28:51.6366644Z !AIVDM,1,1,,,1;KMsk@P00Jrh48H?W>6pFWT0000,0*22
2026-05-31T13:28:51.6854502Z $IIHDG,315.9,,,14.0,W*0B
2026-05-31T13:28:51.6854502Z $SDDBT,27.6,f,8.4,M,4.6,F*3B
2026-05-31T13:28:51.7314723Z $SDDPT,8.4,0.0,*77
2026-05-31T13:28:51.7314723Z $SDMTW,14.8,C*09
2026-05-31T13:28:51.7798070Z $SDVLW,,N,,N,,N,,N*5A
2026-05-31T13:28:51.7798070Z $IIHDG,315.9,,,14.0,W*0B
2026-05-31T13:28:51.8276717Z $SDVHW,301.8,T,315.9,M,0.0,N,0.0,K*46
2026-05-31T13:28:51.8771314Z !AIVDM,1,1,,,15NK=p0OSvrsl4hH=H`T83;T0000,0*2D
2026-05-31T13:28:51.8771314Z $IIHDG,315.9,,,14.0,W*0B
2026-05-31T13:28:51.9235379Z $WIMWD,303.1,T,317.2,M,7.6,N,3.9,M*57
2026-05-31T13:28:51.9235379Z $WIMWV,1.2,R,7.1,N,A*26
2026-05-31T13:28:51.9235379Z $WIMWV,1.2,T,7.6,N,A*27
2026-05-31T13:28:51.9728301Z $IIHDG,315.9,,,14.0,W*0B
2026-05-31T13:28:52.0417363Z $IIXDR,C,13.1,C,AIRTEMP,A,2.0,D,HEEL,A,-0.2,D,TRIM,P,1.015,B,BARO,A,-0.1,D,RUDDER*1E
2026-05-31T13:28:52.0417363Z !AIVDM,1,1,,,15NO=g;P00Jrjq`H@0vdbOwT2000,0*36
2026-05-31T13:28:52.0998423Z $IIHDG,315.9,,,14.0,W*0B
2026-05-31T13:28:52.1494376Z $GNGGA,132850,4230.0919,N,07050.4980,W,2,00,0.50,8,M,-32.6,M,,*4A
2026-05-31T13:28:52.1494376Z $GPGLC,9960,,,13928.94,A,25847.49,A,44324.31,A,60280.08,A,,*7B
2026-05-31T13:28:52.1952695Z $GPGLL,4230.0919,N,07050.4980,W,132850,A,D*5E
2026-05-31T13:28:52.1952695Z $IIHDG,315.8,,,14.0,W*0A
2026-05-31T13:28:52.2428821Z $GNGSA,A,3,,,,,,,,,,,,,0.70,0.50,0.50*1B
2026-05-31T13:28:52.2455928Z $GNGSV,3,1,11,01,11,054,,03,37,058,,06,62,249,,11,22,239,*6A
2026-05-31T13:28:52.2455928Z $GNGSV,3,2,11,12,08,320,,14,39,166,,17,67,067,,19,68,324,*67
2026-05-31T13:28:52.2455928Z $GNGSV,3,3,11,22,58,174,,24,13,284,,44,23,237,*55
2026-05-31T13:28:52.2455928Z !AIVDM,1,1,,,15MnF7<00DJrrI0H>hPd>aUV0000,0*0C
2026-05-31T13:28:52.2904653Z $GPRMC,132850,A,4230.0919,N,07050.4980,W,0.1,210.0,310526,14.1,W,D*25
2026-05-31T13:28:52.2904653Z $IIHDG,315.8,,,14.0,W*0A
2026-05-31T13:28:52.2904653Z $GPVTG,210.0,T,224.1,M,0.1,N,0.2,K,A*26
2026-05-31T13:28:52.3383254Z !AIVDM,1,1,,,15NO=nPP00Jrnv@H>Wk6J?wT0000,0*7B
2026-05-31T13:28:52.3383254Z $GPZDA,132850,31,05,2026,04,00*40
2026-05-31T13:28:52.3867496Z $IIHDG,315.8,,,14.0,W*0A
2026-05-31T13:28:52.4335053Z !AIVDM,1,1,,,15NQUM4P00rrksHH>tpf4?wV2000,0*6C
2026-05-31T13:28:52.4818353Z $GPAAM,,,,N,*38
2026-05-31T13:28:52.4818353Z !AIVDM,1,1,,,15Ngd70043Js>hhH>3Le3:C`0000,0*5F
2026-05-31T13:28:52.4818353Z $GPAPB,,,,,,,,,,,,,,,N*26
2026-05-31T13:28:52.5293192Z $IIHDG,315.7,,,14.0,W*05
2026-05-31T13:28:52.5293192Z $GPBOD,,T,,M,,*47
2026-05-31T13:28:52.5791244Z $GPRMB,,,,,,,,,,,,,,N*04
2026-05-31T13:28:52.6247367Z $IIHDG,315.7,,,14.0,W*05
2026-05-31T13:28:52.6247367Z $GPXTE,,,,,N,N*5E
2026-05-31T13:28:52.6732531Z $SDDBT,27.6,f,8.4,M,4.6,F*3B
2026-05-31T13:28:52.7232845Z $IIHDG,315.6,,,14.0,W*04
2026-05-31T13:28:52.7232845Z $SDDPT,8.4,0.0,*77
2026-05-31T13:28:52.7695485Z $SDMTW,14.8,C*09
2026-05-31T13:28:52.7724947Z $SDVLW,,N,,N,,N,,N*5A
2026-05-31T13:28:52.8175131Z $IIHDG,315.5,,,14.0,W*07
2026-05-31T13:28:52.8175131Z $SDVHW,301.5,T,315.5,M,0.0,N,0.0,K*47
2026-05-31T13:28:52.8830341Z $IIHDG,315.5,,,14.0,W*07
2026-05-31T13:28:52.9313227Z $WIMWD,303.4,T,317.4,M,7.5,N,3.8,M*56
2026-05-31T13:28:52.9313227Z $WIMWV,1.8,R,7.3,N,A*2E
2026-05-31T13:28:52.9313227Z $WIMWV,1.7,T,7.5,N,A*21
2026-05-31T13:28:52.9802661Z $IIHDG,315.4,,,14.0,W*06
2026-05-31T13:28:53.0408584Z $IIXDR,C,13.2,C,AIRTEMP,A,4.1,D,HEEL,A,0.4,D,TRIM,P,1.016,B,BARO,A,-0.6,D,RUDDER*35
2026-05-31T13:28:53.0886388Z $IIHDG,315.3,,,14.0,W*01
2026-05-31T13:28:53.1365662Z $GNGGA,132851,4230.0918,N,07050.4980,W,2,00,0.50,8,M,-32.6,M,,*4A
2026-05-31T13:28:53.1365662Z $GPGLC,9960,,,13928.94,A,25847.49,A,44324.31,A,60280.08,A,,*7B
2026-05-31T13:28:53.1365662Z !AIVDM,1,1,,,35NO=iPPP4JrothH>Wq=h75`0000,0*7C
2026-05-31T13:28:53.1847928Z $GPGLL,4230.0918,N,07050.4980,W,132851,A,D*5E
2026-05-31T13:28:53.2330016Z $IIHDG,315.2,,,14.0,W*00
2026-05-31T13:28:53.2330016Z $GNGSA,A,3,,,,,,,,,,,,,0.70,0.50,0.60*18
2026-05-31T13:28:53.2330016Z $GNGSV,3,1,11,01,11,054,,03,37,058,,06,62,249,,11,22,239,*6A
2026-05-31T13:28:53.2330016Z $GNGSV,3,2,11,12,08,320,,14,39,166,,17,67,067,,19,68,324,*67
2026-05-31T13:28:53.2330016Z $GNGSV,3,3,11,22,58,174,,24,13,284,,44,23,237,*55
2026-05-31T13:28:53.2809987Z $GPRMC,132851,A,4230.0918,N,07050.4980,W,0.1,210.0,310526,14.1,W,D*25
2026-05-31T13:28:53.3341093Z $GPVTG,210.0,T,224.1,M,0.1,N,0.2,K,A*26
2026-05-31T13:28:53.3341093Z $IIHDG,315.2,,,14.0,W*00
2026-05-31T13:28:53.3341093Z !AIVDM,1,1,,,E>k`vt<r0h@@@@@@@@@@@@@@@@@=MwTH<E=u@00000000?,4*12
2026-05-31T13:28:53.3341093Z $GPZDA,132851,31,05,2026,04,00*41
2026-05-31T13:28:53.3933080Z $IIHDG,315.1,,,14.0,W*03
2026-05-31T13:28:53.4426160Z $GPAAM,,,,N,*38
2026-05-31T13:28:53.4910121Z $GPAPB,,,,,,,,,,,,,,,N*26
2026-05-31T13:28:53.5394672Z $IIHDG,315.0,,,14.0,W*02
2026-05-31T13:28:53.5394672Z $GPBOD,,T,,M,,*47
2026-05-31T13:28:53.5854129Z $GPRMB,,,,,,,,,,,,,,N*04
2026-05-31T13:28:53.6386452Z $GPXTE,,,,,N,N*5E
2026-05-31T13:28:53.6386452Z $IIHDG,315.0,,,14.0,W*02
2026-05-31T13:28:53.6845627Z $SDDBT,27.6,f,8.4,M,4.6,F*3B
2026-05-31T13:28:53.7303123Z $IIHDG,315.0,,,14.0,W*02
2026-05-31T13:28:53.7303123Z $SDDPT,8.4,0.0,*77
2026-05-31T13:28:53.7303123Z $SDMTW,14.8,C*09
2026-05-31T13:28:53.7773978Z $SDVLW,,N,,N,,N,,N*5A
2026-05-31T13:28:53.8242136Z $IIHDG,314.9,,,14.0,W*0A
2026-05-31T13:28:53.8242136Z $SDVHW,300.9,T,314.9,M,0.0,N,0.0,K*47
2026-05-31T13:28:53.8242136Z !AIVDM,1,1,,,15NK=p0OStrsl:PH=HO49S;`0000,0*03
2026-05-31T13:28:53.8883007Z $IIHDG,314.9,,,14.0,W*0A
2026-05-31T13:28:53.9518304Z !AIVDM,1,1,,,352l5NhPQVrsA>HH>l?1B@wV0000,0*7A
2026-05-31T13:28:53.9518304Z $WIMWD,303.8,T,317.9,M,6.6,N,3.4,M*59
2026-05-31T13:28:53.9518304Z $WIMWV,2.8,R,7.2,N,A*2C
2026-05-31T13:28:53.9518304Z $WIMWV,2.8,T,6.6,N,A*2F
2026-05-31T13:28:54.0001071Z $IIHDG,314.9,,,14.0,W*0A
2026-05-31T13:28:54.0484782Z $IIXDR,C,13.2,C,AIRTEMP,A,3.8,D,HEEL,A,0.1,D,TRIM,P,1.015,B,BARO,A,-0.3,D,RUDDER*38
2026-05-31T13:28:54.0981382Z $IIHDG,314.9,,,14.0,W*0A
2026-05-31T13:28:54.1450021Z $GNGGA,132852,4230.0918,N,07050.4981,W,2,00,0.50,8,M,-32.6,M,,*48
2026-05-31T13:28:54.1450021Z $GPGLC,9960,,,13928.94,A,25847.49,A,44324.31,A,60280.08,A,,*7B
2026-05-31T13:28:54.1922893Z $GPGLL,4230.0918,N,07050.4981,W,132852,A,D*5C
2026-05-31T13:28:54.1922893Z !AIVDM,1,1,,,15O=hk551@JsGv8H>n?Q@Q;H0000,0*47
2026-05-31T13:28:54.2403059Z $IIHDG,314.9,,,14.0,W*0A
2026-05-31T13:28:54.2403059Z $GNGSA,A,3,,,,,,,,,,,,,0.70,0.50,0.60*18
2026-05-31T13:28:54.2403059Z $GNGSV,3,1,11,01,11,054,,03,37,058,,06,62,249,,11,22,239,*6A
2026-05-31T13:28:54.2403059Z $GNGSV,3,2,11,12,08,320,,14,39,166,,17,67,067,,19,68,324,*67
2026-05-31T13:28:54.2403059Z $GNGSV,3,3,11,22,58,174,,24,13,284,,44,23,237,*55
2026-05-31T13:28:54.2883195Z $GPRMC,132852,A,4230.0918,N,07050.4981,W,0.1,210.0,310526,14.1,W,D*27
2026-05-31T13:28:54.3364841Z $GPVTG,210.0,T,224.1,M,0.1,N,0.2,K,A*26
2026-05-31T13:28:54.3364841Z $IIHDG,314.9,,,14.0,W*0A
2026-05-31T13:28:54.3364841Z $GPZDA,132852,31,05,2026,04,00*42
2026-05-31T13:28:54.4008481Z $IIHDG,314.9,,,14.0,W*0A
2026-05-31T13:28:54.4483732Z $GPAAM,,,,N,*38
2026-05-31T13:28:54.4978402Z $GPAPB,,,,,,,,,,,,,,,N*26
2026-05-31T13:28:54.5437048Z $GPBOD,,T,,M,,*47
2026-05-31T13:28:54.5437048Z $IIHDG,314.9,,,14.0,W*0A
2026-05-31T13:28:54.5938739Z $GPRMB,,,,,,,,,,,,,,N*04
2026-05-31T13:28:54.6397498Z $GPXTE,,,,,N,N*5E
2026-05-31T13:28:54.6397498Z $IIHDG,314.9,,,14.0,W*0A
2026-05-31T13:28:54.6870955Z !AIVDM,1,1,,,15Ngd70043Js>f8H>3t=2rCd0000,0*2C
2026-05-31T13:28:54.6870955Z $SDDBT,27.6,f,8.4,M,4.6,F*3B
2026-05-31T13:28:54.7357184Z $IIHDG,314.9,,,14.0,W*0A
2026-05-31T13:28:54.7369537Z $SDDPT,8.4,0.0,*77
2026-05-31T13:28:54.7369537Z $SDMTW,14.8,C*09
2026-05-31T13:28:54.7871807Z $SDVLW,,N,,N,,N,,N*5A
2026-05-31T13:28:54.8467773Z $IIHDG,314.9,,,14.0,W*0A
2026-05-31T13:28:54.8487906Z $SDVHW,300.8,T,314.9,M,0.0,N,0.0,K*46
2026-05-31T13:28:54.8935473Z $IIHDG,314.9,,,14.0,W*0A
2026-05-31T13:28:54.9558157Z $WIMWD,303.7,T,317.8,M,6.7,N,3.5,M*57
2026-05-31T13:28:54.9558157Z $WIMWV,2.7,R,6.9,N,A*29
2026-05-31T13:28:54.9558157Z $WIMWV,3.0,T,6.7,N,A*27
2026-05-31T13:28:55.0049008Z $IIHDG,314.9,,,14.0,W*0A
2026-05-31T13:28:55.0535834Z $IIXDR,C,13.2,C,AIRTEMP,A,1.0,D,HEEL,A,0.0,D,TRIM,P,1.016,B,BARO,A,-0.4,D,RUDDER*37
2026-05-31T13:28:55.0994456Z $IIHDG,314.9,,,14.0,W*0A
2026-05-31T13:28:55.1471549Z $GNGGA,132853,4230.0918,N,07050.4980,W,2,00,0.50,8,M,-32.6,M,,*48
2026-05-31T13:28:55.1471549Z $GPGLC,9960,,,13928.94,A,25847.49,A,44324.31,A,60280.08,A,,*7B
2026-05-31T13:28:55.1964981Z $GPGLL,4230.0918,N,07050.4980,W,132853,A,D*5C
2026-05-31T13:28:55.2475077Z $IIHDG,314.8,,,14.0,W*0B
2026-05-31T13:28:55.2475077Z $GNGSA,A,3,,,,,,,,,,,,,0.70,0.50,0.50*1B
2026-05-31T13:28:55.2497430Z $GNGSV,3,1,11,01,11,054,,03,37,058,,06,62,249,,11,22,239,*6A
2026-05-31T13:28:55.2497430Z $GNGSV,3,2,11,12,08,320,,14,39,166,,17,67,067,,19,68,324,*67
2026-05-31T13:28:55.2497430Z $GNGSV,3,3,11,22,58,174,,24,13,284,,44,23,237,*55
2026-05-31T13:28:55.2934047Z $GPRMC,132853,A,4230.0918,N,07050.4981,W,0.1,210.0,310526,14.1,W,D*26
2026-05-31T13:28:55.2934047Z $GPVTG,210.0,T,224.1,M,0.1,N,0.2,K,A*26
2026-05-31T13:28:55.3456152Z $IIHDG,314.8,,,14.0,W*0B
2026-05-31T13:28:55.3456152Z $GPZDA,132853,31,05,2026,04,00*43
2026-05-31T13:28:55.4050212Z $IIHDG,314.8,,,14.0,W*0B
2026-05-31T13:28:55.4512768Z $GPAAM,,,,N,*38
2026-05-31T13:28:55.4981713Z !AIVDM,1,1,,,15NwCQP000rs>PPHBg6;0qub0000,0*21
2026-05-31T13:28:55.4981713Z $GPAPB,,,,,,,,,,,,,,,N*26
2026-05-31T13:28:55.4981713Z $GPBOD,,T,,M,,*47
2026-05-31T13:28:55.5460875Z $IIHDG,314.8,,,14.0,W*0B
2026-05-31T13:28:55.6021279Z $GPRMB,,,,,,,,,,,,,,N*04
2026-05-31T13:28:55.6041372Z $GPXTE,,,,,N,N*5E
2026-05-31T13:28:55.6577502Z $IIHDG,314.8,,,14.0,W*0B
2026-05-31T13:28:55.6577502Z !AIVDM,2,1,0,,58I<UK02H6E3UK;OWP1`Tn04l8E:222222222016;:o=M1O:0NmDhSlp8888,0*3E
2026-05-31T13:28:55.6577502Z !AIVDM,2,2,1,,88888888803,2*6F
2026-05-31T13:28:55.7058131Z !AIVDM,1,1,,,15NO=dP000JroTHH>Wt:H5Sf0000,0*37
2026-05-31T13:28:55.7058131Z $SDDBT,27.6,f,8.4,M,4.6,F*3B
2026-05-31T13:28:55.7534209Z $SDDPT,8.4,0.0,*77
2026-05-31T13:28:55.7534209Z $IIHDG,314.7,,,14.0,W*04
2026-05-31T13:28:55.7534209Z $SDMTW,14.8,C*09
2026-05-31T13:28:55.7534209Z !AIVDM,1,1,,,39NSfbh000rrnu8H>W?3S8G`0000,0*6E
2026-05-31T13:28:55.8026883Z $SDVLW,,N,,N,,N,,N*5A
2026-05-31T13:28:55.8549830Z $SDVHW,300.6,T,314.7,M,0.0,N,0.0,K*46
2026-05-31T13:28:55.8572187Z $IIHDG,314.7,,,14.0,W*04
2026-05-31T13:28:55.9186540Z !AIVDM,1,1,,,B52oU<@1@6fs=j65LqJISwP00000,0*18
2026-05-31T13:28:55.9627071Z $IIHDG,314.6,,,14.0,W*05
2026-05-31T13:28:55.9627071Z $WIMWD,301.8,T,315.8,M,6.9,N,3.5,M*56
2026-05-31T13:28:55.9627071Z $WIMWV,1.6,R,6.9,N,A*2B
2026-05-31T13:28:55.9627071Z $WIMWV,1.4,T,6.9,N,A*2F
2026-05-31T13:28:56.0090399Z $IIHDG,314.6,,,14.0,W*05
2026-05-31T13:28:56.0776666Z $IIXDR,C,13.2,C,AIRTEMP,A,0.3,D,HEEL,A,0.7,D,TRIM,P,1.015,B,BARO,A,-0.1,D,RUDDER*34
2026-05-31T13:28:56.0776666Z !AIVDM,1,1,,,15NK=p003trsl@8H=HE493;d0000,0*60
2026-05-31T13:28:56.1210754Z $GNGGA,132854,4230.0918,N,07050.4979,W,2,00,0.50,8,M,-32.6,M,,*49
2026-05-31T13:28:56.1210754Z $GPGLC,9960,,,13928.94,A,25847.49,A,44324.31,A,60280.08,A,,*7B
2026-05-31T13:28:56.1689297Z $IIHDG,314.5,,,14.0,W*06
2026-05-31T13:28:56.2171435Z $GPGLL,4230.0918,N,07050.4979,W,132854,A,D*5D
2026-05-31T13:28:56.2171435Z $GNGSA,A,3,,,,,,,,,,,,,0.70,0.50,0.60*18
2026-05-31T13:28:56.2171435Z $GNGSV,3,1,11,01,11,054,,03,37,058,,06,62,249,,11,22,239,*6A
2026-05-31T13:28:56.2171435Z $GNGSV,3,2,11,12,08,320,,14,39,166,,17,67,067,,19,68,324,*67
2026-05-31T13:28:56.2171435Z $GNGSV,3,3,11,22,58,174,,24,13,284,,44,23,237,*55
2026-05-31T13:28:56.2652669Z $IIHDG,314.5,,,14.0,W*06
2026-05-31T13:28:56.3125184Z $GPRMC,132854,A,4230.0918,N,07050.4979,W,0.1,210.0,310526,14.1,W,D*26
2026-05-31T13:28:56.3125184Z $GPVTG,210.0,T,224.1,M,0.1,N,0.2,K,A*26
2026-05-31T13:28:56.3614054Z $GPZDA,132854,31,05,2026,04,00*44
2026-05-31T13:28:56.3614054Z $IIHDG,314.4,,,14.0,W*07
2026-05-31T13:28:56.3614054Z !AIVDM,1,1,,,15N9sFP000rrso@H@`gamDqf0000,0*4D
2026-05-31T13:28:56.4245752Z $IIHDG,314.3,,,14.0,W*00
2026-05-31T13:28:56.4898164Z $GPAAM,,,,N,*38
2026-05-31T13:28:56.4898164Z $GPAPB,,,,,,,,,,,,,,,N*26
2026-05-31T13:28:56.5365882Z $GPBOD,,T,,M,,*47
2026-05-31T13:28:56.5365882Z $IIHDG,314.3,,,14.0,W*00
2026-05-31T13:28:56.5915676Z $GPRMB,,,,,,,,,,,,,,N*04
2026-05-31T13:28:56.6521462Z $GPXTE,,,,,N,N*5E
2026-05-31T13:28:56.6973909Z $IIHDG,314.2,,,14.0,W*01
2026-05-31T13:28:56.6973909Z $SDDBT,27.6,f,8.4,M,4.6,F*3B
2026-05-31T13:28:56.7452574Z $SDDPT,8.4,0.0,*77
2026-05-31T13:28:56.7452574Z $SDMTW,14.8,C*09
2026-05-31T13:28:56.7966367Z $IIHDG,314.2,,,14.0,W*01
2026-05-31T13:28:56.7966367Z $SDVLW,,N,,N,,N,,N*5A
2026-05-31T13:28:56.8412793Z $SDVHW,300.1,T,314.2,M,0.0,N,0.0,K*44
2026-05-31T13:28:56.8904405Z $IIHDG,314.1,,,14.0,W*02
2026-05-31T13:28:56.9365615Z !AIVDM,1,1,,,15NO=iPPP4JrothH>Ws=fW3h0000,0*1C
2026-05-31T13:28:56.9365615Z $WIMWD,301.0,T,315.1,M,6.7,N,3.5,M*59
2026-05-31T13:28:56.9365615Z $WIMWV,0.9,R,6.8,N,A*24
2026-05-31T13:28:56.9365615Z $WIMWV,0.8,T,6.7,N,A*2C
2026-05-31T13:28:56.9854216Z $IIHDG,314.1,,,14.0,W*02
2026-05-31T13:28:57.0494385Z $IIXDR,C,13.2,C,AIRTEMP,A,3.6,D,HEEL,A,0.4,D,TRIM,P,1.016,B,BARO,A,-0.2,D,RUDDER*31
2026-05-31T13:28:57.0974064Z $IIHDG,314.0,,,14.0,W*03
2026-05-31T13:28:57.1469893Z $GNGGA,132855,4230.0918,N,07050.4978,W,2,00,0.50,8,M,-32.6,M,,*49
2026-05-31T13:28:57.1469893Z $GPGLC,9960,,,13928.94,A,25847.49,A,44324.31,A,60280.08,A,,*7B
2026-05-31T13:28:57.1469893Z !AIVDM,1,1,,,18IPTf0PQNrsAD`H>egQfQ1V0000,0*2B
2026-05-31T13:28:57.1935474Z $IIHDG,314.0,,,14.0,W*03
2026-05-31T13:28:57.1935474Z $GPGLL,4230.0918,N,07050.4978,W,132855,A,D*5D
2026-05-31T13:28:57.2412066Z $GNGSA,A,3,,,,,,,,,,,,,0.70,0.50,0.60*18
2026-05-31T13:28:57.2412066Z $GNGSV,3,1,11,01,11,054,,03,37,058,,06,62,249,,11,22,239,*6A
2026-05-31T13:28:57.2456166Z $GNGSV,3,2,11,12,08,320,,14,39,166,,17,67,067,,19,68,324,*67
2026-05-31T13:28:57.2456166Z $GNGSV,3,3,11,22,58,174,,24,13,284,,44,23,237,*55
2026-05-31T13:28:57.2913388Z !AIVDM,1,1,,,ENk`sl>`@@@@@@@@@@@@@@@@@@@=OTgH<LwsP00000000?,4*70
2026-05-31T13:28:57.2918500Z $IIHDG,313.9,,,14.0,W*0D
2026-05-31T13:28:57.2918500Z $GPRMC,132855,A,4230.0918,N,07050.4978,W,0.1,210.0,310526,14.1,W,D*26
2026-05-31T13:28:57.3372753Z $GPVTG,210.0,T,224.1,M,0.1,N,0.1,K,A*25
2026-05-31T13:28:57.3372753Z !AIVDM,1,1,,,152l5Nh01UrsA@hH>lWQ>0wf0000,0*11
2026-05-31T13:28:57.3372753Z $GPZDA,132855,31,05,2026,04,00*45
2026-05-31T13:28:57.3852524Z $IIHDG,313.8,,,14.0,W*0C
2026-05-31T13:28:57.4492023Z $GPAAM,,,,N,*38
2026-05-31T13:28:57.5005513Z $IIHDG,313.8,,,14.0,W*0C
2026-05-31T13:28:57.5025648Z $GPAPB,,,,,,,,,,,,,,,N*26
2026-05-31T13:28:57.5025648Z $GPBOD,,T,,M,,*47
2026-05-31T13:28:57.5593319Z $IIHDG,313.8,,,14.0,W*0C
2026-05-31T13:28:57.6075970Z $GPRMB,,,,,,,,,,,,,,N*04
2026-05-31T13:28:57.6075970Z $GPXTE,,,,,N,N*5E
2026-05-31T13:28:57.6569375Z $IIHDG,313.7,,,14.0,W*03
2026-05-31T13:28:57.7055330Z $SDDBT,27.6,f,8.4,M,4.6,F*3B
2026-05-31T13:28:57.7539479Z $SDDPT,8.4,0.0,*77
2026-05-31T13:28:57.7539479Z $SDMTW,14.8,C*09
2026-05-31T13:28:57.8001681Z $IIHDG,313.7,,,14.0,W*03
2026-05-31T13:28:57.8001681Z $SDVLW,,N,,N,,N,,N*5A
2026-05-31T13:28:57.8483475Z $SDVHW,299.6,T,313.7,M,0.0,N,0.0,K*40
2026-05-31T13:28:57.8971969Z $IIHDG,313.7,,,14.0,W*03
2026-05-31T13:28:57.8971969Z !AIVDM,1,1,,,15NK=p0PStrslF0H=H:T93;h0000,0*7D
2026-05-31T13:28:57.9451876Z $WIMWD,302.1,T,316.2,M,7.1,N,3.6,M*5F
2026-05-31T13:28:57.9484050Z $WIMWV,2.5,R,6.9,N,A*2B
2026-05-31T13:28:57.9484050Z $WIMWV,2.2,T,7.1,N,A*23
2026-05-31T13:28:57.9934062Z $IIHDG,313.6,,,14.0,W*02
2026-05-31T13:28:58.0408647Z $IIXDR,C,13.2,C,AIRTEMP,A,5.2,D,HEEL,A,0.1,D,TRIM,P,1.015,B,BARO,A,-0.5,D,RUDDER*32
2026-05-31T13:28:58.0888883Z $IIHDG,313.6,,,14.0,W*02
2026-05-31T13:28:58.1378359Z $GNGGA,132856,4230.0918,N,07050.4978,W,2,00,0.50,8,M,-32.6,M,,*4A
2026-05-31T13:28:58.1393026Z $GPGLC,9960,,,13928.94,A,25847.49,A,44324.31,A,60280.08,A,,*7B
2026-05-31T13:28:58.1849082Z $IIHDG,313.6,,,14.0,W*02
2026-05-31T13:28:58.1849082Z $GPGLL,4230.0918,N,07050.4978,W,132856,A,D*5E
2026-05-31T13:28:58.2344023Z $GNGSA,A,3,,,,,,,,,,,,,0.70,0.50,0.60*18
2026-05-31T13:28:58.2344023Z $GNGSV,3,1,11,01,11,054,,03,37,058,,06,62,249,,11,22,239,*6A
2026-05-31T13:28:58.2344023Z $GNGSV,3,2,11,12,08,320,,14,39,166,,17,67,067,,19,68,324,*67
2026-05-31T13:28:58.2344023Z $GNGSV,3,3,11,22,58,174,,24,13,284,,44,23,237,*55
2026-05-31T13:28:58.2835642Z $IIHDG,313.6,,,14.0,W*02
2026-05-31T13:28:58.2835642Z $GPRMC,132856,A,4230.0918,N,07050.4978,W,0.1,210.0,310526,14.1,W,D*25
2026-05-31T13:28:58.3306991Z $GPVTG,210.0,T,224.1,M,0.1,N,0.1,K,A*25
2026-05-31T13:28:58.3315704Z $GPZDA,132856,31,05,2026,04,00*46
2026-05-31T13:28:58.3764197Z $IIHDG,313.6,,,14.0,W*02
2026-05-31T13:28:58.4408178Z $GPAAM,,,,N,*38
2026-05-31T13:28:58.5048622Z $IIHDG,313.6,,,14.0,W*02
2026-05-31T13:28:58.5048622Z $GPAPB,,,,,,,,,,,,,,,N*26
2026-05-31T13:28:58.5048622Z $GPBOD,,T,,M,,*47
2026-05-31T13:28:58.5687995Z $GPRMB,,,,,,,,,,,,,,N*04
2026-05-31T13:28:58.6160840Z $IIHDG,313.5,,,14.0,W*01
2026-05-31T13:28:58.6160840Z $GPXTE,,,,,N,N*5E
2026-05-31T13:28:58.6648204Z !AIVDM,1,1,,,152Wpn<01HrsL5@H?mS2rRAf2000,0*2B
2026-05-31T13:28:58.7134187Z $IIHDG,313.5,,,14.0,W*01
2026-05-31T13:28:58.7142641Z $SDDBT,27.6,f,8.4,M,4.6,F*3B
2026-05-31T13:28:58.7596037Z $SDDPT,8.4,0.0,*77
2026-05-31T13:28:58.7596037Z !AIVDM,1,1,,,15Ngd70044Js>``H>4ue3JEl0000,0*1C
2026-05-31T13:28:58.7596037Z $SDMTW,14.8,C*09
2026-05-31T13:28:58.8083344Z $IIHDG,313.5,,,14.0,W*01
2026-05-31T13:28:58.8083344Z $SDVLW,,N,,N,,N,,N*5A
2026-05-31T13:28:58.8560328Z $SDVHW,299.4,T,313.5,M,0.0,N,0.0,K*40
2026-05-31T13:28:58.9052097Z $IIHDG,313.5,,,14.0,W*01
2026-05-31T13:28:58.9079864Z !AIVDM,2,1,2,,59NSfbh2GS@CDhUK:00m<>0<4iU1<v2222222016=d0NE1PkNMmDkVBp8888,0*5E
2026-05-31T13:28:58.9079864Z !AIVDM,2,2,3,,88888888803,2*6D
2026-05-31T13:28:58.9538242Z $WIMWD,302.2,T,316.3,M,6.6,N,3.4,M*59
2026-05-31T13:28:58.9538242Z $WIMWV,2.7,R,6.9,N,A*29
2026-05-31T13:28:58.9538242Z $WIMWV,2.6,T,6.6,N,A*21
2026-05-31T13:28:58.9997407Z $IIHDG,313.4,,,14.0,W*00
2026-05-31T13:28:59.0493811Z $IIXDR,C,13.2,C,AIRTEMP,A,2.0,D,HEEL,A,0.5,D,TRIM,P,1.016,B,BARO,A,-0.4,D,RUDDER*31
2026-05-31T13:28:59.0949501Z !AIVDM,1,1,,,352l5NhPQVrsAB0H>ll1=hwj0000,0*46
2026-05-31T13:28:59.0949501Z $IIHDG,313.4,,,14.0,W*00
2026-05-31T13:28:59.1437333Z $GNGGA,132857,4230.0917,N,07050.4978,W,2,00,0.50,8,M,-32.6,M,,*44
2026-05-31T13:28:59.1437333Z $GPGLC,9960,,,13928.94,A,25847.49,A,44324.31,A,60280.08,A,,*7B
2026-05-31T13:28:59.1910867Z $GPGLL,4230.0917,N,07050.4978,W,132857,A,D*50
2026-05-31T13:28:59.1910867Z $IIHDG,313.4,,,14.0,W*00
2026-05-31T13:28:59.2392688Z $GNGSA,A,3,,,,,,,,,,,,,0.70,0.50,0.60*18
2026-05-31T13:28:59.2392688Z $GNGSV,3,1,11,01,11,054,,03,37,058,,06,62,250,,11,22,239,*62
2026-05-31T13:28:59.2392688Z $GNGSV,3,2,11,12,08,320,,14,39,166,,17,67,067,,19,68,324,*67
2026-05-31T13:28:59.2392688Z $GNGSV,3,3,11,22,58,174,,24,13,284,,44,23,237,*55
2026-05-31T13:28:59.2886719Z $GPRMC,132857,A,4230.0917,N,07050.4978,W,0.1,210.0,310526,14.1,W,D*2B
2026-05-31T13:28:59.2886719Z $IIHDG,313.4,,,14.0,W*00
2026-05-31T13:28:59.3351726Z $GPVTG,210.0,T,224.1,M,0.1,N,0.2,K,A*26
2026-05-31T13:28:59.3351726Z !AIVDM,1,1,,,15NQsE?P01rtNWHHH3`<2gwl2000,0*50
2026-05-31T13:28:59.3351726Z $GPZDA,132857,31,05,2026,04,00*47
2026-05-31T13:28:59.3834011Z $IIHDG,313.4,,,14.0,W*00
2026-05-31T13:28:59.4475833Z $GPAAM,,,,N,*38
2026-05-31T13:28:59.4981413Z $GPAPB,,,,,,,,,,,,,,,N*26
2026-05-31T13:28:59.4981413Z $IIHDG,313.4,,,14.0,W*00
2026-05-31T13:28:59.5418308Z $GPBOD,,T,,M,,*47
2026-05-31T13:28:59.5897650Z $GPRMB,,,,,,,,,,,,,,N*04
2026-05-31T13:28:59.5897650Z $IIHDG,313.4,,,14.0,W*00
2026-05-31T13:28:59.6374298Z $GPXTE,,,,,N,N*5E
2026-05-31T13:28:59.6862845Z $IIHDG,313.3,,,14.0,W*07
2026-05-31T13:28:59.7331719Z !AIVDM,1,1,,,15N:gRP000rrhaHH?CJ:uokn0000,0*58
2026-05-31T13:28:59.7331719Z $SDDBT,27.6,f,8.4,M,4.6,F*3B
2026-05-31T13:28:59.7331719Z $SDDPT,8.4,0.0,*77
2026-05-31T13:28:59.7813109Z $SDMTW,14.8,C*09
2026-05-31T13:28:59.7813109Z $SDVLW,,N,,N,,N,,N*5A
2026-05-31T13:28:59.8290009Z $IIHDG,313.3,,,14.0,W*07
2026-05-31T13:28:59.8290009Z $SDVHW,299.3,T,313.3,M,0.0,N,0.0,K*41
2026-05-31T13:28:59.8785427Z !AIVDM,1,1,,,15NK=p0PT0rslK`H=H149S9l0000,0*6E
2026-05-31T13:28:59.9253905Z $IIHDG,313.3,,,14.0,W*07
2026-05-31T13:28:59.9253905Z !AIVDM,1,1,,,35N1c70000Jrmw0H?GG;uUel0000,0*3D
2026-05-31T13:28:59.9253905Z $WIMWD,299.0,T,313.1,M,7.3,N,3.7,M*58
2026-05-31T13:28:59.9754621Z $WIMWV,359.3,R,6.9,N,A*20
2026-05-31T13:28:59.9754621Z $WIMWV,359.7,T,7.3,N,A*29
2026-05-31T13:29:00.0211410Z $IIHDG,313.3,,,14.0,W*07
2026-05-31T13:29:00.0692124Z $IIXDR,C,13.2,C,AIRTEMP,A,-0.5,D,HEEL,A,0.1,D,TRIM,P,1.015,B,BARO,A,-0.3,D,RUDDER*1B
2026-05-31T13:29:00.1174763Z $IIHDG,313.3,,,14.0,W*07
2026-05-31T13:29:00.1174763Z $GNGGA,132858,4230.0917,N,07050.4977,W,2,00,0.50,8,M,-32.6,M,,*44
2026-05-31T13:29:00.1174763Z $GPGLC,9960,,,13928.94,A,25847.49,A,44324.31,A,60280.08,A,,*7B
2026-05-31T13:29:00.1670117Z !AIVDM,1,1,,,35NO=iPPP4JrothH>WseqVwn0000,0*12
2026-05-31T13:29:00.2137720Z $GPGLL,4230.0917,N,07050.4977,W,132858,A,D*50
2026-05-31T13:29:00.2137720Z $IIHDG,313.2,,,14.0,W*06
2026-05-31T13:29:00.2137720Z $GNGSA,A,3,,,,,,,,,,,,,0.70,0.50,0.50*1B
2026-05-31T13:29:00.2171499Z $GNGSV,3,1,11,01,11,054,,03,37,058,,06,62,250,,11,22,239,*62
2026-05-31T13:29:00.2171499Z $GNGSV,3,2,11,12,08,320,,14,39,166,,17,67,067,,19,68,324,*67
2026-05-31T13:29:00.2191653Z $GNGSV,3,3,11,22,58,174,,24,13,284,,44,23,237,*55
2026-05-31T13:29:00.2774626Z $GPRMC,132858,A,4230.0917,N,07050.4977,W,0.1,210.0,310526,14.1,W,D*2B
2026-05-31T13:29:00.3285625Z $GPVTG,210.0,T,224.1,M,0.1,N,0.1,K,A*25
2026-05-31T13:29:00.3285625Z $IIHDG,313.2,,,14.0,W*06
2026-05-31T13:29:00.3305762Z $GPZDA,132858,31,05,2026,04,00*48
2026-05-31T13:29:00.3984929Z $IIHDG,313.2,,,14.0,W*06
2026-05-31T13:29:00.4528012Z $GPAAM,,,,N,*38
2026-05-31T13:29:00.5006677Z $GPAPB,,,,,,,,,,,,,,,N*26
2026-05-31T13:29:00.5006677Z $IIHDG,313.2,,,14.0,W*06
2026-05-31T13:29:00.5006677Z $GPBOD,,T,,M,,*47
2026-05-31T13:29:00.5678186Z $GPRMB,,,,,,,,,,,,,,N*04
2026-05-31T13:29:00.6121479Z $IIHDG,313.1,,,14.0,W*05
2026-05-31T13:29:00.6121479Z $GPXTE,,,,,N,N*5E
2026-05-31T13:29:00.6602783Z !AIVDM,1,1,,,15Ngd70044Js>V0H>5Ne3JD00000,0*1D
2026-05-31T13:29:00.7190546Z $SDDBT,27.6,f,8.4,M,4.6,F*3B
2026-05-31T13:29:00.7190546Z $IIHDG,313.1,,,14.0,W*05
2026-05-31T13:29:00.7714469Z $SDDPT,8.4,0.0,*77
2026-05-31T13:29:00.7714469Z $SDMTW,14.8,C*09
2026-05-31T13:29:00.8205085Z $SDVLW,,N,,N,,N,,N*5A
2026-05-31T13:29:00.8205085Z $IIHDG,313.0,,,14.0,W*04
2026-05-31T13:29:00.8205085Z $SDVHW,299.0,T,313.0,M,0.0,N,0.0,K*41
2026-05-31T13:29:00.9015161Z $IIHDG,313.0,,,14.0,W*04
2026-05-31T13:29:00.9467947Z $WIMWD,296.6,T,310.7,M,6.9,N,3.5,M*5D
2026-05-31T13:29:00.9467947Z $WIMWV,357.6,R,7.1,N,A*22
2026-05-31T13:29:00.9467947Z $WIMWV,357.5,T,6.9,N,A*2E
2026-05-31T13:29:00.9992785Z $IIHDG,313.0,,,14.0,W*04
2026-05-31T13:29:01.0581517Z $IIXDR,C,13.2,C,AIRTEMP,A,1.6,D,HEEL,A,0.6,D,TRIM,P,1.016,B,BARO,A,0.2,D,RUDDER*1C
2026-05-31T13:29:01.1059343Z !AIVDM,1,1,,,38I<UK000<rt@8PHC47QWAgL0000,0*41
2026-05-31T13:29:01.1059343Z $IIHDG,312.9,,,14.0,W*0C
2026-05-31T13:29:01.1535050Z $GNGGA,132859,4230.0918,N,07050.4976,W,2,00,0.50,8,M,-32.6,M,,*4B
2026-05-31T13:29:01.1535050Z $GPGLC,9960,,,13928.94,A,25847.49,A,44324.31,A,60280.08,A,,*7B
2026-05-31T13:29:01.2033326Z $GPGLL,4230.0918,N,07050.4976,W,132859,A,D*5F
2026-05-31T13:29:01.2545917Z $IIHDG,312.9,,,14.0,W*0C
2026-05-31T13:29:01.2545917Z $GNGSA,A,3,,,,,,,,,,,,,0.70,0.50,0.50*1B
2026-05-31T13:29:01.2545917Z $GNGSV,3,1,11,01,11,054,,03,37,058,,06,62,250,,11,22,239,*62
2026-05-31T13:29:01.2545917Z $GNGSV,3,2,11,12,08,320,,14,39,166,,17,67,067,,19,68,324,*67
2026-05-31T13:29:01.2545917Z $GNGSV,3,3,11,22,58,174,,24,13,284,,44,23,237,*55
2026-05-31T13:29:01.2999484Z $GPRMC,132859,A,4230.0918,N,07050.4976,W,0.1,210.0,310526,14.1,W,D*24
2026-05-31T13:29:01.2999484Z $GPVTG,210.0,T,224.1,M,0.1,N,0.1,K,A*25
2026-05-31T13:29:01.3469700Z $IIHDG,312.8,,,14.0,W*0D
2026-05-31T13:29:01.3495392Z $GPZDA,132859,31,05,2026,04,00*49
2026-05-31T13:29:01.4133157Z $IIHDG,312.8,,,14.0,W*0D
2026-05-31T13:29:01.4576144Z $GPAAM,,,,N,*38
2026-05-31T13:29:01.5050172Z $GPAPB,,,,,,,,,,,,,,,N*26
2026-05-31T13:29:01.5050172Z $GPBOD,,T,,M,,*47
2026-05-31T13:29:01.5087828Z $IIHDG,312.7,,,14.0,W*02
2026-05-31T13:29:01.5689530Z $GPRMB,,,,,,,,,,,,,,N*04
2026-05-31T13:29:01.6166351Z $GPXTE,,,,,N,N*5E
2026-05-31T13:29:01.6166351Z $IIHDG,312.7,,,14.0,W*02
2026-05-31T13:29:01.7010147Z $SDDBT,27.6,f,8.4,M,4.6,F*3B
2026-05-31T13:29:01.7601897Z $IIHDG,312.7,,,14.0,W*02
2026-05-31T13:29:01.7601897Z $SDDPT,8.4,0.0,*77
2026-05-31T13:29:01.7601897Z $SDMTW,14.8,C*09
2026-05-31T13:29:01.8143729Z $SDVLW,,N,,N,,N,,N*5A
2026-05-31T13:29:01.8557790Z $SDVHW,298.6,T,312.6,M,0.0,N,0.0,K*41
2026-05-31T13:29:01.8557790Z $IIHDG,312.6,,,14.0,W*03
2026-05-31T13:29:01.8557790Z !AIVDM,1,1,,,B52oU<@18Ffs8j65Ld2H;wP00000,0*11
2026-05-31T13:29:01.9194064Z $IIHDG,312.6,,,14.0,W*03
2026-05-31T13:29:01.9672236Z $WIMWD,297.2,T,311.3,M,5.8,N,3.0,M*5A
2026-05-31T13:29:01.9672236Z $WIMWV,358.7,R,6.7,N,A*2B
2026-05-31T13:29:01.9672236Z $WIMWV,358.8,T,5.8,N,A*2E
2026-05-31T13:29:02.0164660Z $IIHDG,312.6,,,14.0,W*03
2026-05-31T13:29:02.0641861Z $IIXDR,C,13.2,C,AIRTEMP,A,5.3,D,HEEL,A,-0.3,D,TRIM,P,1.015,B,BARO,A,-0.3,D,RUDDER*1A
2026-05-31T13:29:02.1106966Z !AIVDM,1,1,,,15NK=p0PSvrslQ@H=Go46C800000,0*06
2026-05-31T13:29:02.1106966Z $GNGGA,132900,4230.0918,N,07050.4976,W,2,00,0.50,8,M,-32.6,M,,*46
2026-05-31T13:29:02.1599099Z $GPGLC,9960,,,13928.94,A,25847.49,A,44324.31,A,60280.08,A,,*7B
2026-05-31T13:29:02.1599099Z $IIHDG,312.6,,,14.0,W*03
2026-05-31T13:29:02.2073826Z $GPGLL,4230.0917,N,07050.4976,W,132900,A,D*5D
2026-05-31T13:29:02.2551742Z $GNGSA,A,3,,,,,,,,,,,,,0.70,0.50,0.60*18
2026-05-31T13:29:02.2551742Z $GNGSV,3,1,11,01,11,054,,03,37,058,,06,62,250,,11,22,239,*62
2026-05-31T13:29:02.2551742Z $GNGSV,3,2,11,12,08,320,,14,39,166,,17,67,067,,19,68,324,*67
2026-05-31T13:29:02.2551742Z $GNGSV,3,3,11,22,58,174,,24,13,284,,44,23,237,*55
2026-05-31T13:29:02.2551742Z $IIHDG,312.6,,,14.0,W*03
2026-05-31T13:29:02.3023274Z $GPRMC,132900,A,4230.0917,N,07050.4976,W,0.1,210.0,310526,14.1,W,D*26
2026-05-31T13:29:02.3023274Z $GPVTG,210.0,T,224.1,M,0.1,N,0.2,K,A*26
2026-05-31T13:29:02.3556937Z $GPZDA,132900,31,05,2026,04,00*44
2026-05-31T13:29:02.3556937Z $IIHDG,312.6,,,14.0,W*03
2026-05-31T13:29:02.4298084Z $IIHDG,312.5,,,14.0,W*00
2026-05-31T13:29:02.4780752Z $GPAAM,,,,N,*38
2026-05-31T13:29:02.4780752Z $GPAPB,,,,,,,,,,,,,,,N*26
2026-05-31T13:29:02.5262074Z $GPBOD,,T,,M,,*47
2026-05-31T13:29:02.5262074Z !AIVDM,1,1,,,15Ngd70043Js>SPH>5v=4:F40000,0*6E
2026-05-31T13:29:02.5739828Z $IIHDG,312.5,,,14.0,W*00
2026-05-31T13:29:02.5739828Z $GPRMB,,,,,,,,,,,,,,N*04
2026-05-31T13:29:02.6215393Z $GPXTE,,,,,N,N*5E
2026-05-31T13:29:02.6689915Z $IIHDG,312.5,,,14.0,W*00
2026-05-31T13:29:02.7168506Z $SDDBT,27.6,f,8.4,M,4.6,F*3B
2026-05-31T13:29:02.7669656Z $SDDPT,8.4,0.0,*77
2026-05-31T13:29:02.7669656Z $IIHDG,312.4,,,14.0,W*01
2026-05-31T13:29:02.7669656Z $SDMTW,14.8,C*09
2026-05-31T13:29:02.8124509Z !AIVDM,1,1,,,352l5NhOQWrsACpH>m6Q:0v00000,0*26
2026-05-31T13:29:02.8124509Z $SDVLW,,N,,N,,N,,N*5A
2026-05-31T13:29:02.8124509Z $SDVHW,298.4,T,312.4,M,0.0,N,0.0,K*41
2026-05-31T13:29:02.8602478Z $IIHDG,312.4,,,14.0,W*01
2026-05-31T13:29:02.9318624Z $WIMWD,298.4,T,312.5,M,5.7,N,2.9,M*51
2026-05-31T13:29:02.9877947Z $WIMWV,0.1,R,6.3,N,A*27
2026-05-31T13:29:02.9877947Z $WIMWV,360.0,T,5.7,N,A*22
2026-05-31T13:29:02.9877947Z $IIHDG,312.4,,,14.0,W*01
2026-05-31T13:29:03.0359393Z !AIVDM,1,1,,,15MnF7<00DJrrGHH>hcd=IT40000,0*01
2026-05-31T13:29:03.0836031Z $IIHDG,312.4,,,14.0,W*01
2026-05-31T13:29:03.0836031Z $IIXDR,C,13.2,C,AIRTEMP,A,3.7,D,HEEL,A,0.3,D,TRIM,P,1.016,B,BARO,A,-0.3,D,RUDDER*36
2026-05-31T13:29:03.1335910Z $GNGGA,132901,4230.0917,N,07050.4977,W,2,00,0.50,8,M,-32.6,M,,*49
2026-05-31T13:29:03.1365289Z $GPGLC,9960,,,13928.94,A,25847.49,A,44324.31,A,60280.08,A,,*7B
2026-05-31T13:29:03.1866562Z $IIHDG,312.3,,,14.0,W*06
2026-05-31T13:29:03.2268126Z $GPGLL,4230.0917,N,07050.4977,W,132901,A,D*5D
2026-05-31T13:29:03.2268126Z $GNGSA,A,3,,,,,,,,,,,,,0.70,0.50,0.60*18
2026-05-31T13:29:03.2268126Z $GNGSV,3,1,11,01,11,054,,03,37,058,,06,62,250,,11,22,239,*62
2026-05-31T13:29:03.2268126Z $GNGSV,3,2,11,12,08,320,,14,39,166,,17,67,067,,19,68,324,*67
2026-05-31T13:29:03.2268126Z $GNGSV,3,3,11,22,58,174,,24,13,284,,44,23,237,*55
2026-05-31T13:29:03.2754400Z $IIHDG,312.2,,,14.0,W*07
2026-05-31T13:29:03.2754400Z !AIVDM,1,1,,,35NO=iPPP4Jrot`H>Wt=int40000,0*3C
2026-05-31T13:29:03.3207051Z $GPRMC,132901,A,4230.0917,N,07050.4977,W,0.1,210.0,310526,14.1,W,D*26
2026-05-31T13:29:03.3207051Z $GPVTG,210.0,T,224.1,M,0.1,N,0.2,K,A*26
2026-05-31T13:29:03.3692881Z $GPZDA,132901,31,05,2026,04,00*45
2026-05-31T13:29:03.3692881Z $IIHDG,312.1,,,14.0,W*04
2026-05-31T13:29:03.4316131Z $IIHDG,312.1,,,14.0,W*04
2026-05-31T13:29:03.4987357Z $GPAAM,,,,N,*38
2026-05-31T13:29:03.4987357Z $GPAPB,,,,,,,,,,,,,,,N*26
2026-05-31T13:29:03.4987357Z !AIVDM,1,1,,,15NO=g;P00Jrjq`H@0wdbOv22000,0*50
2026-05-31T13:29:03.5431200Z $GPBOD,,T,,M,,*47
2026-05-31T13:29:03.5431200Z $IIHDG,312.0,,,14.0,W*05
2026-05-31T13:29:03.5911225Z $GPRMB,,,,,,,,,,,,,,N*04
2026-05-31T13:29:03.6395382Z $GPXTE,,,,,N,N*5E
2026-05-31T13:29:03.6895901Z $IIHDG,312.0,,,14.0,W*05
2026-05-31T13:29:03.7351023Z !AIVDM,1,1,,,15NO=nPP00JrnvHH>WjWBOv40000,0*0A
2026-05-31T13:29:03.7351023Z $SDDBT,27.6,f,8.4,M,4.6,F*3B
2026-05-31T13:29:03.7351023Z $SDDPT,8.4,0.0,*77
2026-05-31T13:29:03.7351023Z !AIVDM,1,1,,,15NK=p0PSvrslW0H=Gf44k640000,0*59
2026-05-31T13:29:03.7828998Z $SDMTW,14.8,C*09
2026-05-31T13:29:03.7828998Z $IIHDG,311.9,,,14.0,W*0F
2026-05-31T13:29:03.7828998Z $SDVLW,,N,,N,,N,,N*5A
2026-05-31T13:29:03.8329605Z $SDVHW,297.9,T,311.9,M,0.0,N,0.0,K*4D
2026-05-31T13:29:03.8789861Z $IIHDG,311.9,,,14.0,W*0F
2026-05-31T13:29:03.9265456Z $WIMWD,297.4,T,311.5,M,5.4,N,2.8,M*5F
2026-05-31T13:29:03.9746266Z $WIMWV,358.9,R,6.0,N,A*22
2026-05-31T13:29:03.9746266Z $WIMWV,358.4,T,5.4,N,A*2E
2026-05-31T13:29:03.9746266Z $IIHDG,311.8,,,14.0,W*0E
2026-05-31T13:29:04.0414508Z $IIHDG,311.8,,,14.0,W*0E
2026-05-31T13:29:04.1020547Z $IIXDR,C,13.2,C,AIRTEMP,A,0.5,D,HEEL,A,0.2,D,TRIM,P,1.015,B,BARO,A,-0.2,D,RUDDER*34
2026-05-31T13:29:04.1502383Z $GNGGA,132902,4230.0918,N,07050.4976,W,2,00,0.50,8,M,-32.6,M,,*44
2026-05-31T13:29:04.1502383Z $GPGLC,9960,,,13928.94,A,25847.49,A,44324.31,A,60280.08,A,,*7B
2026-05-31T13:29:04.1502383Z $IIHDG,311.8,,,14.0,W*0E
2026-05-31T13:29:04.1982917Z $GPGLL,4230.0918,N,07050.4976,W,132902,A,D*50
2026-05-31T13:29:04.2464898Z $GNGSA,A,3,,,,,,,,,,,,,0.70,0.50,0.60*18
2026-05-31T13:29:04.2464898Z $GNGSV,3,1,11,01,11,054,,03,37,058,,06,62,250,,11,22,239,*62
2026-05-31T13:29:04.2464898Z $GNGSV,3,2,11,12,08,320,,14,39,166,,17,67,067,,19,68,324,*67
2026-05-31T13:29:04.2464898Z $GNGSV,3,3,11,22,58,174,,24,13,284,,44,23,237,*55
2026-05-31T13:29:04.2953545Z $IIHDG,311.8,,,14.0,W*0E
2026-05-31T13:29:04.2953545Z $GPRMC,132902,A,4230.0918,N,07050.4976,W,0.1,210.0,310526,14.1,W,D*2B
2026-05-31T13:29:04.2953545Z $GPVTG,210.0,T,224.1,M,0.1,N,0.2,K,A*26
2026-05-31T13:29:04.3422416Z $GPZDA,132902,31,05,2026,04,00*46
2026-05-31T13:29:04.3906859Z $IIHDG,311.7,,,14.0,W*01
2026-05-31T13:29:04.4466058Z $GPAAM,,,,N,*38
2026-05-31T13:29:04.5036402Z $IIHDG,311.7,,,14.0,W*01
2026-05-31T13:29:04.5036402Z $GPAPB,,,,,,,,,,,,,,,N*26
2026-05-31T13:29:04.5062069Z $GPBOD,,T,,M,,*47
2026-05-31T13:29:04.5509319Z !AIVDM,1,1,,,15NwCQP000rs>PhHBg5c0qv40000,0*17
2026-05-31T13:29:04.5509319Z $IIHDG,311.7,,,14.0,W*01
2026-05-31T13:29:04.5992764Z $GPRMB,,,,,,,,,,,,,,N*04
2026-05-31T13:29:04.5992764Z !AIVDM,1,1,,,15Ngd70043Js>PhH>6Ne4rF80000,0*72
2026-05-31T13:29:04.6478496Z $GPXTE,,,,,N,N*5E
2026-05-31T13:29:04.6959694Z $IIHDG,311.7,,,14.0,W*01
2026-05-31T13:29:04.7432810Z $SDDBT,27.6,f,8.4,M,4.6,F*3B
2026-05-31T13:29:04.7432810Z $SDDPT,8.4,0.0,*77
2026-05-31T13:29:04.7909675Z $SDMTW,14.8,C*09
2026-05-31T13:29:04.7909675Z $IIHDG,311.7,,,14.0,W*01
2026-05-31T13:29:04.7909675Z !AIVDM,1,1,,,15O=hk561?JsH3pH>o3QJA?f0000,0*04
2026-05-31T13:29:04.7909675Z $SDVLW,,N,,N,,N,,N*5A
2026-05-31T13:29:04.8388082Z $SDVHW,297.6,T,311.7,M,0.0,N,0.0,K*4C
2026-05-31T13:29:04.8388082Z !AIVDM,1,1,,,19NSfbh000rrnu8H>W?3S8F20000,0*3F
2026-05-31T13:29:04.8870802Z $IIHDG,311.7,,,14.0,W*01
2026-05-31T13:29:04.9368489Z $WIMWD,294.1,T,308.2,M,6.3,N,3.3,M*58
2026-05-31T13:29:04.9842712Z $WIMWV,356.2,R,6.0,N,A*27
2026-05-31T13:29:04.9842712Z $WIMWV,356.4,T,6.3,N,A*24
2026-05-31T13:29:04.9866281Z $IIHDG,311.7,,,14.0,W*01
2026-05-31T13:29:05.0523468Z $IIXDR,C,13.2,C,AIRTEMP,A,1.3,D,HEEL,A,0.1,D,TRIM,P,1.016,B,BARO,A,-0.2,D,RUDDER*33
2026-05-31T13:29:05.1091848Z $IIHDG,311.7,,,14.0,W*01
2026-05-31T13:29:05.1582006Z $GNGGA,132903,4230.0918,N,07050.4976,W,2,01,0.50,8,M,-32.6,M,,*44
2026-05-31T13:29:05.1582006Z $GPGLC,9960,,,13928.94,A,25847.49,A,44324.31,A,60280.08,A,,*7B
2026-05-31T13:29:05.2032661Z $IIHDG,311.7,,,14.0,W*01
2026-05-31T13:29:05.2032661Z $GPGLL,4230.0918,N,07050.4976,W,132903,A,D*51
2026-05-31T13:29:05.2504740Z $GNGSA,A,3,24,,,,,,,,,,,,0.70,0.50,0.50*1D
2026-05-31T13:29:05.2504740Z $GNGSV,3,1,11,01,11,054,,03,37,058,,06,62,250,,11,22,239,*62
2026-05-31T13:29:05.2504740Z $GNGSV,3,2,11,12,08,320,,14,39,166,,17,67,067,,19,68,324,*67
2026-05-31T13:29:05.2504740Z $GNGSV,3,3,11,22,58,174,,24,13,284,27,44,23,237,*50
2026-05-31T13:29:05.2538022Z !AIVDM,1,1,,,ENk`sl>`@@@@@@@@@@@@@@@@@@@=OTgH<LwsP00000000?,4*70
2026-05-31T13:29:05.2997056Z $IIHDG,311.6,,,14.0,W*00
2026-05-31T13:29:05.2997056Z $GPRMC,132903,A,4230.0918,N,07050.4976,W,0.1,210.0,310526,14.1,W,D*2A
2026-05-31T13:29:05.2997056Z $GPVTG,210.0,T,224.1,M,0.1,N,0.1,K,A*25
2026-05-31T13:29:05.3459614Z $GPZDA,132903,31,05,2026,04,00*47
2026-05-31T13:29:05.3459614Z !AIVDM,1,1,,,15NO=dP000JroThH>Wt:H5T80000,0*4E
2026-05-31T13:29:05.3938385Z $IIHDG,311.6,,,14.0,W*00
2026-05-31T13:29:05.4482364Z $GPAAM,,,,N,*38
2026-05-31T13:29:05.5053361Z $IIHDG,311.6,,,14.0,W*00
2026-05-31T13:29:05.5053361Z $GPAPB,,,,,,,,,,,,,,,N*26
2026-05-31T13:29:05.5053361Z $GPBOD,,T,,M,,*47
2026-05-31T13:29:05.5646156Z $IIHDG,311.6,,,14.0,W*00
2026-05-31T13:29:05.6170242Z $GPRMB,,,,,,,,,,,,,,N*04
